=[255,255,255,0,255,255,255,0,255,255,255,0,255,255,255,0,255,255,255,0,255,255,255,0,255,255,255,0,255,255,255,0,255,255,255,0,255,255,255,0,255,255,255,0,255,255,255,0,255,255,255,0,255,255,255,0,255,255,255,0,255,255,255,0,255,255,255,0,255,255,255,0,255,255,255,0,255,255,255,0,255,255,255,0,255,255,255,0,255,255,255,0,255,255,255,0,255,255,255,0,255,255,255,0,255,255,255,0,255,255,255,0,255,255,255,0,255,255,255,0,255,255,255,0,255,255,255,0,255,255,255,0,255,255,255,0,255,255,255,0,255,255,255,0,255,255,255,0,255,255,255,0,255,255,255,0,255,255,255,0,255,255,255,0,255,255,255,0,255,255,255,0,255,255,255,0,255,255,255,0,255,255,255,0,255,255,255,0,255,255,255,0,255,255,255,0,255,255,255,0,255,255,255,0,255,255,255,0,255,255,255,0,255,255,255,0,255,255,255,0,255,255,255,0,255,255,255,0,255,255,255,0,255,255,255,0,255,255,255,0,255,255,255,0,255,255,255,0,255,255,255,0,255,255,255,0,255,255,255,0,255,255,255,0,255,255,255,0,255,255,255,0,255,255,255,0,255,255,255,0,255,255,255,0,255,255,255,0,255,255,255,0,255,255,255,0,255,255,255,0,255,255,255,0,255,255,255,0,255,255,255,0,255,255,255,0,255,255,255,0,255,255,255,0,255,255,255,0,255,255,255,0,255,255,255,0,255,255,255,0,255,255,255,0,255,255,255,0,255,255,255,0,255,255,255,0,255,255,255,0,255,255,255,0,255,255,255,0,255,255,255,0,255,255,255,0,255,255,255,0,255,255,255,0,255,255,255,0,255,255,255,0,255,255,255,0,255,255,255,0,255,255,255,0,255,255,255,0,255,255,255,0,255,255,255,0,255,255,255,0,255,255,255,0,255,255,255,0,255,255,255,0,255,255,255,0,255,255,255,0,255,255,255,0,255,255,255,0,255,255,255,0,255,255,255,0,255,255,255,0,255,255,255,0,255,255,255,0,255,255,255,0,255,255,255,0,255,255,255,0,255,255,255,0,255,255,255,0,255,255,255,0,255,255,255,0,255,255,255,0,255,255,255,0,255,255,255,0,255,255,255,0,255,255,255,0,255,255,255,0,255,255,255,0,255,255,255,0,255,255,255,0,255,255,255,0,255,255,255,0,255,255,255,0,255,255,255,0,255,255,255,0,255,255,255,0,255,255,255,0,255,255,255,0,255,255,255,0,255,255,255,0,255,255,255,0,255,255,255,0,255,255,255,0,255,255,255,0,255,255,255,0,255,255,255,0,255,255,255,0,255,255,255,0,255,255,255,0,255,255,255,0,255,255,255,0,255,255,255,0,255,255,255,0,255,255,255,0,255,255,255,0,255,255,255,0,255,255,255,0,255,255,255,0,255,255,255,0,255,255,255,0,255,255,255,0,255,255,255,0,255,255,255,0,255,255,255,0,255,255,255,0,255,255,255,0,255,255,255,0,255,255,255,0,255,255,255,0,255,255,255,0,255,255,255,0,255,255,255,0,255,255,255,0,255,255,255,0,255,255,255,0,255,255,255,0,255,255,255,0,255,255,255,0,255,255,255,0,255,255,255,0,255,255,255,0,255,255,255,0,255,255,255,0,255,255,255,0,255,255,255,0,255,255,255,0,255,255,255,0,255,255,255,0,255,255,255,0,255,255,255,0,255,255,255,0,255,255,255,0,
255,255,255,0,255,255,255,0,255,255,255,0,255,255,255,0,255,255,255,0,255,255,255,0,255,255,255,0,255,255,255,0,255,255,255,0,255,255,255,0,255,255,255,0,255,255,255,0,255,255,255,0,255,255,255,0,255,255,255,0,255,255,255,0,255,255,255,0,255,255,255,0,255,255,255,0,255,255,255,0,255,255,255,0,255,255,255,0,255,255,255,0,255,255,255,0,255,255,255,0,255,255,255,0,255,255,255,0,255,255,255,0,255,255,255,0,255,255,255,0,255,255,255,0,255,255,255,0,255,255,255,0,255,255,255,0,255,255,255,0,255,255,255,0,255,255,255,0,255,255,255,0,255,255,255,0,255,255,255,0,255,255,255,0,255,255,255,0,255,255,255,0,255,255,255,0,255,255,255,0,255,255,255,0,255,255,255,0,255,255,255,0,255,255,255,0,255,255,255,0,255,255,255,0,255,255,255,0,255,255,255,0,255,255,255,0,255,255,255,0,255,255,255,0,255,255,255,0,255,255,255,0,255,255,255,0,255,255,255,0,255,255,255,0,255,255,255,0,255,255,255,0,255,255,255,0,255,255,255,0,255,255,255,0,255,255,255,0,255,255,255,0,255,255,255,0,255,255,255,0,255,255,255,0,255,255,255,0,255,255,255,0,255,255,255,0,255,255,255,0,255,255,255,0,255,255,255,0,255,255,255,0,255,255,255,0,255,255,255,0,255,255,255,0,255,255,255,0,255,255,255,0,255,255,255,0,255,255,255,0,255,255,255,0,255,255,255,0,255,255,255,0,255,255,255,0,255,255,255,0,255,255,255,0,255,255,255,0,255,255,255,0,255,255,255,0,255,255,255,0,255,255,255,0,255,255,255,0,255,255,255,0,255,255,255,0,255,255,255,0,255,255,255,0,255,255,255,0,255,255,255,0,255,255,255,0,255,255,255,0,255,255,255,0,255,255,255,0,255,255,255,0,255,255,255,0,255,255,255,0,255,255,255,0,255,255,255,0,255,255,255,0,255,255,255,0,255,255,255,0,255,255,255,0,255,255,255,0,255,255,255,0,255,255,255,0,255,255,255,0,255,255,255,0,255,255,255,0,255,255,255,0,255,255,255,0,255,255,255,0,255,255,255,0,255,255,255,0,255,255,255,0,255,255,255,0,255,255,255,0,255,255,255,0,255,255,255,0,255,255,255,0,255,255,255,0,255,255,255,0,255,255,255,0,255,255,255,0,255,255,255,0,255,255,255,0,255,255,255,0,255,255,255,0,255,255,255,0,255,255,255,0,255,255,255,0,255,255,255,0,255,255,255,0,255,255,255,0,255,255,255,0,255,255,255,0,255,255,255,0,255,255,255,0,255,255,255,0,255,255,255,0,255,255,255,0,255,255,255,0,255,255,255,0,255,255,255,0,255,255,255,0,255,255,255,0,255,255,255,0,255,255,255,0,255,255,255,0,255,255,255,0,255,255,255,0,255,255,255,0,255,255,255,0,255,255,255,0,255,255,255,0,255,255,255,0,255,255,255,0,255,255,255,0,255,255,255,0,255,255,255,0,255,255,255,0,255,255,255,0,255,255,255,0,255,255,255,0,255,255,255,0,255,255,255,0,255,255,255,0,255,255,255,0,255,255,255,0,255,255,255,0,255,255,255,0,255,255,255,0,255,255,255,0,255,255,255,0,255,255,255,0,255,255,255,0,255,255,255,0,255,255,255,0,255,255,255,0,255,255,255,0,255,255,255,0,255,255,255,0,
255,255,255,0,255,255,255,0,255,255,255,0,255,255,255,0,255,255,255,0,255,255,255,0,255,255,255,0,255,255,255,0,255,255,255,0,255,255,255,0,255,255,255,0,255,255,255,0,255,255,255,0,255,255,255,0,255,255,255,0,255,255,255,0,255,255,255,0,255,255,255,0,255,255,255,0,255,255,255,0,255,255,255,0,255,255,255,0,255,255,255,0,255,255,255,0,255,255,255,0,255,255,255,0,255,255,255,0,255,255,255,0,255,255,255,0,255,255,255,0,255,255,255,0,255,255,255,0,255,255,255,0,255,255,255,0,255,255,255,0,255,255,255,0,255,255,255,0,255,255,255,0,255,255,255,0,255,255,255,0,255,255,255,0,255,255,255,0,255,255,255,0,255,255,255,0,255,255,255,0,255,255,255,0,255,255,255,0,255,255,255,0,255,255,255,0,255,255,255,0,255,255,255,0,255,255,255,0,255,255,255,0,255,255,255,0,255,255,255,0,255,255,255,0,255,255,255,0,255,255,255,0,255,255,255,0,255,255,255,0,255,255,255,0,255,255,255,0,255,255,255,0,255,255,255,0,255,255,255,0,255,255,255,0,255,255,255,0,255,255,255,0,255,255,255,0,255,255,255,0,255,255,255,0,255,255,255,0,255,255,255,0,255,255,255,0,255,255,255,0,255,255,255,0,255,255,255,0,255,255,255,0,255,255,255,0,255,255,255,0,255,255,255,0,255,255,255,0,255,255,255,0,255,255,255,0,255,255,255,0,255,255,255,0,255,255,255,0,255,255,255,0,255,255,255,0,255,255,255,0,255,255,255,0,255,255,255,0,255,255,255,0,255,255,255,0,255,255,255,0,255,255,255,0,255,255,255,0,255,255,255,0,255,255,255,0,255,255,255,0,255,255,255,0,255,255,255,0,255,255,255,0,255,255,255,0,255,255,255,0,255,255,255,0,255,255,255,0,255,255,255,0,255,255,255,0,255,255,255,0,255,255,255,0,255,255,255,0,255,255,255,0,255,255,255,0,255,255,255,0,255,255,255,0,255,255,255,0,255,255,255,0,255,255,255,0,255,255,255,0,255,255,255,0,255,255,255,0,255,255,255,0,255,255,255,0,255,255,255,0,255,255,255,0,255,255,255,0,255,255,255,0,255,255,255,0,255,255,255,0,255,255,255,0,255,255,255,0,255,255,255,0,255,255,255,0,255,255,255,0,255,255,255,0,255,255,255,0,255,255,255,0,255,255,255,0,255,255,255,0,255,255,255,0,255,255,255,0,255,255,255,0,255,255,255,0,255,255,255,0,255,255,255,0,255,255,255,0,255,255,255,0,255,255,255,0,255,255,255,0,255,255,255,0,255,255,255,0,255,255,255,0,255,255,255,0,255,255,255,0,255,255,255,0,255,255,255,0,255,255,255,0,255,255,255,0,255,255,255,0,255,255,255,0,255,255,255,0,255,255,255,0,255,255,255,0,255,255,255,0,255,255,255,0,255,255,255,0,255,255,255,0,255,255,255,0,255,255,255,0,255,255,255,0,255,255,255,0,255,255,255,0,255,255,255,0,255,255,255,0,255,255,255,0,255,255,255,0,255,255,255,0,255,255,255,0,255,255,255,0,255,255,255,0,255,255,255,0,255,255,255,0,255,255,255,0,255,255,255,0,255,255,255,0,255,255,255,0,255,255,255,0,255,255,255,0,255,255,255,0,255,255,255,0,255,255,255,0,255,255,255,0,255,255,255,0,255,255,255,0,
255,255,255,0,255,255,255,0,255,255,255,0,255,255,255,0,255,255,255,0,255,255,255,0,255,255,255,0,255,255,255,0,255,255,255,0,255,255,255,0,255,255,255,0,255,255,255,0,255,255,255,0,255,255,255,0,255,255,255,0,255,255,255,0,255,255,255,0,255,255,255,0,255,255,255,0,255,255,255,0,255,255,255,0,255,255,255,0,255,255,255,0,255,255,255,0,255,255,255,0,255,255,255,0,255,255,255,0,255,255,255,0,255,255,255,0,255,255,255,0,255,255,255,0,255,255,255,0,255,255,255,0,255,255,255,0,255,255,255,0,255,255,255,0,255,255,255,0,255,255,255,0,255,255,255,0,255,255,255,0,255,255,255,0,255,255,255,0,255,255,255,0,255,255,255,0,255,255,255,0,255,255,255,0,255,255,255,0,255,255,255,0,255,255,255,0,255,255,255,0,255,255,255,0,255,255,255,0,255,255,255,0,255,255,255,0,255,255,255,0,255,255,255,0,255,255,255,0,255,255,255,0,255,255,255,0,255,255,255,0,255,255,255,0,255,255,255,0,255,255,255,0,255,255,255,0,255,255,255,0,255,255,255,0,255,255,255,0,255,255,255,0,255,255,255,0,255,255,255,0,255,255,255,0,255,255,255,0,255,255,255,0,255,255,255,0,255,255,255,0,255,255,255,0,255,255,255,0,255,255,255,0,255,255,255,0,255,255,255,0,255,255,255,0,255,255,255,0,255,255,255,0,255,255,255,0,255,255,255,0,255,255,255,0,255,255,255,0,255,255,255,0,255,255,255,0,255,255,255,0,255,255,255,0,255,255,255,0,255,255,255,0,255,255,255,0,255,255,255,0,255,255,255,0,255,255,255,0,255,255,255,0,255,255,255,0,255,255,255,0,255,255,255,0,255,255,255,0,255,255,255,0,255,255,255,0,255,255,255,0,255,255,255,0,255,255,255,0,255,255,255,0,255,255,255,0,255,255,255,0,255,255,255,0,255,255,255,0,255,255,255,0,255,255,255,0,255,255,255,0,255,255,255,0,255,255,255,0,255,255,255,0,255,255,255,0,255,255,255,0,255,255,255,0,255,255,255,0,255,255,255,0,255,255,255,0,255,255,255,0,255,255,255,0,255,255,255,0,255,255,255,0,255,255,255,0,255,255,255,0,255,255,255,0,255,255,255,0,255,255,255,0,255,255,255,0,255,255,255,0,255,255,255,0,255,255,255,0,255,255,255,0,255,255,255,0,255,255,255,0,255,255,255,0,255,255,255,0,255,255,255,0,255,255,255,0,255,255,255,0,255,255,255,0,255,255,255,0,255,255,255,0,255,255,255,0,255,255,255,0,255,255,255,0,255,255,255,0,255,255,255,0,255,255,255,0,255,255,255,0,255,255,255,0,255,255,255,0,255,255,255,0,255,255,255,0,255,255,255,0,255,255,255,0,255,255,255,0,255,255,255,0,255,255,255,0,255,255,255,0,255,255,255,0,255,255,255,0,255,255,255,0,255,255,255,0,255,255,255,0,255,255,255,0,255,255,255,0,255,255,255,0,255,255,255,0,255,255,255,0,255,255,255,0,255,255,255,0,255,255,255,0,255,255,255,0,255,255,255,0,255,255,255,0,255,255,255,0,255,255,255,0,255,255,255,0,255,255,255,0,255,255,255,0,255,255,255,0,255,255,255,0,255,255,255,0,255,255,255,0,255,255,255,0,255,255,255,0,255,255,255,0,255,255,255,0,255,255,255,0,
255,255,255,0,255,255,255,0,255,255,255,0,255,255,255,0,255,255,255,0,255,255,255,0,255,255,255,0,255,255,255,0,255,255,255,0,255,255,255,0,255,255,255,0,255,255,255,0,255,255,255,0,255,255,255,0,255,255,255,0,255,255,255,0,255,255,255,0,255,255,255,0,255,255,255,0,255,255,255,0,255,255,255,0,255,255,255,0,255,255,255,0,255,255,255,0,255,255,255,0,255,255,255,0,255,255,255,0,255,255,255,0,255,255,255,0,255,255,255,0,255,255,255,0,255,255,255,0,255,255,255,0,255,255,255,0,255,255,255,0,255,255,255,0,255,255,255,0,255,255,255,0,255,255,255,0,255,255,255,0,255,255,255,0,255,255,255,0,255,255,255,0,255,255,255,0,255,255,255,0,255,255,255,0,255,255,255,0,255,255,255,0,255,255,255,0,255,255,255,0,255,255,255,0,255,255,255,0,255,255,255,0,255,255,255,0,255,255,255,0,255,255,255,0,255,255,255,0,255,255,255,0,255,255,255,0,255,255,255,0,255,255,255,0,255,255,255,0,255,255,255,0,255,255,255,0,255,255,255,0,255,255,255,0,255,255,255,0,255,255,255,0,255,255,255,0,255,255,255,0,255,255,255,0,255,255,255,0,255,255,255,0,255,255,255,0,255,255,255,0,255,255,255,0,255,255,255,0,255,255,255,0,255,255,255,0,255,255,255,0,255,255,255,0,255,255,255,0,255,255,255,0,255,255,255,0,255,255,255,0,255,255,255,0,255,255,255,0,255,255,255,0,255,255,255,0,255,255,255,0,255,255,255,0,255,255,255,0,255,255,255,0,255,255,255,0,255,255,255,0,255,255,255,0,255,255,255,0,255,255,255,0,255,255,255,0,255,255,255,0,255,255,255,0,255,255,255,0,255,255,255,0,255,255,255,0,255,255,255,0,255,255,255,0,255,255,255,0,255,255,255,0,255,255,255,0,255,255,255,0,255,255,255,0,255,255,255,0,255,255,255,0,255,255,255,0,255,255,255,0,255,255,255,0,255,255,255,0,255,255,255,0,255,255,255,0,255,255,255,0,255,255,255,0,255,255,255,0,255,255,255,0,255,255,255,0,255,255,255,0,255,255,255,0,255,255,255,0,255,255,255,0,255,255,255,0,255,255,255,0,255,255,255,0,255,255,255,0,255,255,255,0,255,255,255,0,255,255,255,0,255,255,255,0,255,255,255,0,255,255,255,0,255,255,255,0,255,255,255,0,255,255,255,0,255,255,255,0,255,255,255,0,255,255,255,0,255,255,255,0,255,255,255,0,255,255,255,0,255,255,255,0,255,255,255,0,255,255,255,0,255,255,255,0,255,255,255,0,255,255,255,0,255,255,255,0,255,255,255,0,255,255,255,0,255,255,255,0,255,255,255,0,255,255,255,0,255,255,255,0,255,255,255,0,255,255,255,0,255,255,255,0,255,255,255,0,255,255,255,0,255,255,255,0,255,255,255,0,255,255,255,0,255,255,255,0,255,255,255,0,255,255,255,0,255,255,255,0,255,255,255,0,255,255,255,0,255,255,255,0,255,255,255,0,255,255,255,0,255,255,255,0,255,255,255,0,255,255,255,0,255,255,255,0,255,255,255,0,255,255,255,0,255,255,255,0,255,255,255,0,255,255,255,0,255,255,255,0,255,255,255,0,255,255,255,0,255,255,255,0,255,255,255,0,255,255,255,0,255,255,255,0,255,255,255,0,255,255,255,0,
255,255,255,0,255,255,255,0,255,255,255,0,255,255,255,0,255,255,255,0,255,255,255,0,255,255,255,0,255,255,255,0,255,255,255,0,255,255,255,0,255,255,255,0,255,255,255,0,255,255,255,0,255,255,255,0,255,255,255,0,255,255,255,0,255,255,255,0,255,255,255,0,255,255,255,0,255,255,255,0,255,255,255,0,255,255,255,0,255,255,255,0,255,255,255,0,255,255,255,0,255,255,255,0,255,255,255,0,255,255,255,0,255,255,255,0,255,255,255,0,255,255,255,0,255,255,255,0,255,255,255,0,255,255,255,0,255,255,255,0,255,255,255,0,255,255,255,0,255,255,255,0,255,255,255,0,255,255,255,0,255,255,255,0,255,255,255,0,255,255,255,0,255,255,255,0,255,255,255,0,255,255,255,0,255,255,255,0,255,255,255,0,255,255,255,0,255,255,255,0,255,255,255,0,255,255,255,0,255,255,255,0,255,255,255,0,255,255,255,0,255,255,255,0,255,255,255,0,255,255,255,0,255,255,255,0,255,255,255,0,255,255,255,0,255,255,255,0,255,255,255,0,255,255,255,0,255,255,255,0,255,255,255,0,255,255,255,0,255,255,255,0,255,255,255,0,255,255,255,0,255,255,255,0,255,255,255,0,255,255,255,0,255,255,255,0,255,255,255,0,255,255,255,0,255,255,255,0,255,255,255,0,255,255,255,0,255,255,255,0,255,255,255,0,255,255,255,0,255,255,255,0,255,255,255,0,255,255,255,0,255,255,255,0,255,255,255,0,255,255,255,0,255,255,255,0,255,255,255,0,255,255,255,0,255,255,255,0,255,255,255,0,255,255,255,0,255,255,255,0,255,255,255,0,255,255,255,0,255,255,255,0,255,255,255,0,255,255,255,0,255,255,255,0,255,255,255,0,255,255,255,0,255,255,255,0,255,255,255,0,255,255,255,0,255,255,255,0,255,255,255,0,255,255,255,0,255,255,255,0,255,255,255,0,255,255,255,0,255,255,255,0,255,255,255,0,255,255,255,0,255,255,255,0,255,255,255,0,255,255,255,0,255,255,255,0,255,255,255,0,255,255,255,0,255,255,255,0,255,255,255,0,255,255,255,0,255,255,255,0,255,255,255,0,255,255,255,0,255,255,255,0,255,255,255,0,255,255,255,0,255,255,255,0,255,255,255,0,255,255,255,0,255,255,255,0,255,255,255,0,255,255,255,0,255,255,255,0,255,255,255,0,255,255,255,0,255,255,255,0,255,255,255,0,255,255,255,0,255,255,255,0,255,255,255,0,255,255,255,0,255,255,255,0,255,255,255,0,255,255,255,0,255,255,255,0,255,255,255,0,255,255,255,0,255,255,255,0,255,255,255,0,255,255,255,0,255,255,255,0,255,255,255,0,255,255,255,0,255,255,255,0,255,255,255,0,255,255,255,0,255,255,255,0,255,255,255,0,255,255,255,0,255,255,255,0,255,255,255,0,255,255,255,0,255,255,255,0,255,255,255,0,255,255,255,0,255,255,255,0,255,255,255,0,255,255,255,0,255,255,255,0,255,255,255,0,255,255,255,0,255,255,255,0,255,255,255,0,255,255,255,0,255,255,255,0,255,255,255,0,255,255,255,0,255,255,255,0,255,255,255,0,255,255,255,0,255,255,255,0,255,255,255,0,255,255,255,0,255,255,255,0,255,255,255,0,255,255,255,0,255,255,255,0,255,255,255,0,255,255,255,0,255,255,255,0,255,255,255,0,
255,255,255,0,255,255,255,0,255,255,255,0,255,255,255,0,255,255,255,0,255,255,255,0,255,255,255,0,255,255,255,0,255,255,255,0,255,255,255,0,255,255,255,0,255,255,255,0,255,255,255,0,255,255,255,0,255,255,255,0,255,255,255,0,255,255,255,0,255,255,255,0,255,255,255,0,255,255,255,0,255,255,255,0,255,255,255,0,255,255,255,0,255,255,255,0,255,255,255,0,255,255,255,0,255,255,255,0,255,255,255,0,255,255,255,0,255,255,255,0,255,255,255,0,255,255,255,0,255,255,255,0,255,255,255,0,255,255,255,0,255,255,255,0,255,255,255,0,255,255,255,0,255,255,255,0,255,255,255,0,255,255,255,0,255,255,255,0,255,255,255,0,255,255,255,0,255,255,255,0,255,255,255,0,255,255,255,0,255,255,255,0,255,255,255,0,255,255,255,0,255,255,255,0,255,255,255,0,255,255,255,0,255,255,255,0,255,255,255,0,255,255,255,0,255,255,255,0,255,255,255,0,255,255,255,0,255,255,255,0,255,255,255,0,255,255,255,0,255,255,255,0,255,255,255,0,255,255,255,0,255,255,255,0,255,255,255,0,255,255,255,0,255,255,255,0,255,255,255,0,255,255,255,0,255,255,255,0,255,255,255,0,255,255,255,0,255,255,255,0,255,255,255,0,255,255,255,0,255,255,255,0,255,255,255,0,255,255,255,0,255,255,255,0,255,255,255,0,255,255,255,0,255,255,255,0,255,255,255,0,255,255,255,0,255,255,255,0,255,255,255,0,255,255,255,0,255,255,255,0,255,255,255,0,255,255,255,0,255,255,255,0,255,255,255,0,255,255,255,0,255,255,255,0,255,255,255,0,255,255,255,0,255,255,255,0,255,255,255,0,255,255,255,0,255,255,255,0,255,255,255,0,255,255,255,0,255,255,255,0,255,255,255,0,255,255,255,0,255,255,255,0,255,255,255,0,255,255,255,0,255,255,255,0,255,255,255,0,255,255,255,0,255,255,255,0,255,255,255,0,255,255,255,0,255,255,255,0,255,255,255,0,255,255,255,0,255,255,255,0,255,255,255,0,255,255,255,0,255,255,255,0,255,255,255,0,255,255,255,0,255,255,255,0,255,255,255,0,255,255,255,0,255,255,255,0,255,255,255,0,255,255,255,0,255,255,255,0,255,255,255,0,255,255,255,0,255,255,255,0,255,255,255,0,255,255,255,0,255,255,255,0,255,255,255,0,255,255,255,0,255,255,255,0,255,255,255,0,255,255,255,0,255,255,255,0,255,255,255,0,255,255,255,0,255,255,255,0,255,255,255,0,255,255,255,0,255,255,255,0,255,255,255,0,255,255,255,0,255,255,255,0,255,255,255,0,255,255,255,0,255,255,255,0,255,255,255,0,255,255,255,0,255,255,255,0,255,255,255,0,255,255,255,0,255,255,255,0,255,255,255,0,255,255,255,0,255,255,255,0,255,255,255,0,255,255,255,0,255,255,255,0,255,255,255,0,255,255,255,0,255,255,255,0,255,255,255,0,255,255,255,0,255,255,255,0,255,255,255,0,255,255,255,0,255,255,255,0,255,255,255,0,255,255,255,0,255,255,255,0,255,255,255,0,255,255,255,0,255,255,255,0,255,255,255,0,255,255,255,0,255,255,255,0,255,255,255,0,255,255,255,0,255,255,255,0,255,255,255,0,255,255,255,0,255,255,255,0,255,255,255,0,255,255,255,0,255,255,255,0,
255,255,255,0,255,255,255,0,255,255,255,0,255,255,255,0,255,255,255,0,255,255,255,0,255,255,255,0,255,255,255,0,255,255,255,0,255,255,255,0,255,255,255,0,255,255,255,0,255,255,255,0,255,255,255,0,255,255,255,0,255,255,255,0,255,255,255,0,255,255,255,0,255,255,255,0,255,255,255,0,255,255,255,0,255,255,255,0,255,255,255,0,255,255,255,0,255,255,255,0,255,255,255,0,255,255,255,0,255,255,255,0,255,255,255,0,255,255,255,0,255,255,255,0,255,255,255,0,255,255,255,0,255,255,255,0,255,255,255,0,255,255,255,0,255,255,255,0,255,255,255,0,255,255,255,0,255,255,255,0,255,255,255,0,255,255,255,0,255,255,255,0,255,255,255,0,255,255,255,0,255,255,255,0,255,255,255,0,255,255,255,0,255,255,255,0,255,255,255,0,255,255,255,0,255,255,255,0,255,255,255,0,255,255,255,0,255,255,255,0,255,255,255,0,255,255,255,0,255,255,255,0,255,255,255,0,255,255,255,0,255,255,255,0,255,255,255,0,255,255,255,0,255,255,255,0,255,255,255,0,255,255,255,0,255,255,255,0,255,255,255,0,255,255,255,0,255,255,255,0,255,255,255,0,255,255,255,0,255,255,255,0,255,255,255,0,255,255,255,0,255,255,255,0,255,255,255,0,255,255,255,0,255,255,255,0,255,255,255,0,255,255,255,0,255,255,255,0,255,255,255,0,255,255,255,0,255,255,255,0,255,255,255,0,255,255,255,0,255,255,255,0,255,255,255,0,255,255,255,0,255,255,255,0,255,255,255,0,255,255,255,0,255,255,255,0,255,255,255,0,255,255,255,0,255,255,255,0,255,255,255,0,255,255,255,0,255,255,255,0,255,255,255,0,255,255,255,0,255,255,255,0,255,255,255,0,255,255,255,0,255,255,255,0,255,255,255,0,255,255,255,0,255,255,255,0,255,255,255,0,255,255,255,0,255,255,255,0,255,255,255,0,255,255,255,0,255,255,255,0,255,255,255,0,255,255,255,0,255,255,255,0,255,255,255,0,255,255,255,0,255,255,255,0,255,255,255,0,255,255,255,0,255,255,255,0,255,255,255,0,255,255,255,0,255,255,255,0,255,255,255,0,255,255,255,0,255,255,255,0,255,255,255,0,255,255,255,0,255,255,255,0,255,255,255,0,255,255,255,0,255,255,255,0,255,255,255,0,255,255,255,0,255,255,255,0,255,255,255,0,255,255,255,0,255,255,255,0,255,255,255,0,255,255,255,0,255,255,255,0,255,255,255,0,255,255,255,0,255,255,255,0,255,255,255,0,255,255,255,0,255,255,255,0,255,255,255,0,255,255,255,0,255,255,255,0,255,255,255,0,255,255,255,0,255,255,255,0,255,255,255,0,255,255,255,0,255,255,255,0,255,255,255,0,255,255,255,0,255,255,255,0,255,255,255,0,255,255,255,0,255,255,255,0,255,255,255,0,255,255,255,0,255,255,255,0,255,255,255,0,255,255,255,0,255,255,255,0,255,255,255,0,255,255,255,0,255,255,255,0,255,255,255,0,255,255,255,0,255,255,255,0,255,255,255,0,255,255,255,0,255,255,255,0,255,255,255,0,255,255,255,0,255,255,255,0,255,255,255,0,255,255,255,0,255,255,255,0,255,255,255,0,255,255,255,0,255,255,255,0,255,255,255,0,255,255,255,0,255,255,255,0,255,255,255,0,255,255,255,0,
255,255,255,0,255,255,255,0,255,255,255,0,255,255,255,0,255,255,255,0,255,255,255,0,255,255,255,0,255,255,255,0,255,255,255,0,255,255,255,0,255,255,255,0,255,255,255,0,255,255,255,0,255,255,255,0,255,255,255,0,255,255,255,0,255,255,255,0,255,255,255,0,255,255,255,0,255,255,255,0,255,255,255,0,255,255,255,0,255,255,255,0,255,255,255,0,255,255,255,0,255,255,255,0,255,255,255,0,255,255,255,0,255,255,255,0,255,255,255,0,255,255,255,0,255,255,255,0,255,255,255,0,255,255,255,0,255,255,255,0,255,255,255,0,255,255,255,0,255,255,255,0,255,255,255,0,255,255,255,0,255,255,255,0,255,255,255,0,255,255,255,0,255,255,255,0,255,255,255,0,255,255,255,0,255,255,255,0,255,255,255,0,255,255,255,0,255,255,255,0,255,255,255,0,255,255,255,0,255,255,255,0,255,255,255,0,255,255,255,0,255,255,255,0,255,255,255,0,255,255,255,0,255,255,255,0,255,255,255,0,255,255,255,0,255,255,255,0,255,255,255,0,255,255,255,0,255,255,255,0,255,255,255,0,255,255,255,0,255,255,255,0,255,255,255,0,255,255,255,0,255,255,255,0,255,255,255,0,255,255,255,0,255,255,255,0,255,255,255,0,255,255,255,0,255,255,255,0,255,255,255,0,255,255,255,0,255,255,255,0,255,255,255,0,255,255,255,0,255,255,255,0,255,255,255,0,255,255,255,0,255,255,255,0,255,255,255,0,255,255,255,0,255,255,255,0,255,255,255,0,255,255,255,0,255,255,255,0,255,255,255,0,255,255,255,0,255,255,255,0,255,255,255,0,255,255,255,0,255,255,255,0,255,255,255,0,255,255,255,0,255,255,255,0,255,255,255,0,255,255,255,0,255,255,255,0,255,255,255,0,255,255,255,0,255,255,255,0,255,255,255,0,255,255,255,0,255,255,255,0,255,255,255,0,255,255,255,0,255,255,255,0,255,255,255,0,255,255,255,0,255,255,255,0,255,255,255,0,255,255,255,0,255,255,255,0,255,255,255,0,255,255,255,0,255,255,255,0,255,255,255,0,255,255,255,0,255,255,255,0,255,255,255,0,255,255,255,0,255,255,255,0,255,255,255,0,255,255,255,0,255,255,255,0,255,255,255,0,255,255,255,0,255,255,255,0,255,255,255,0,255,255,255,0,255,255,255,0,255,255,255,0,255,255,255,0,255,255,255,0,255,255,255,0,255,255,255,0,255,255,255,0,255,255,255,0,255,255,255,0,255,255,255,0,255,255,255,0,255,255,255,0,255,255,255,0,255,255,255,0,255,255,255,0,255,255,255,0,255,255,255,0,255,255,255,0,255,255,255,0,255,255,255,0,255,255,255,0,255,255,255,0,255,255,255,0,255,255,255,0,255,255,255,0,255,255,255,0,255,255,255,0,255,255,255,0,255,255,255,0,255,255,255,0,255,255,255,0,255,255,255,0,255,255,255,0,255,255,255,0,255,255,255,0,255,255,255,0,255,255,255,0,255,255,255,0,255,255,255,0,255,255,255,0,255,255,255,0,255,255,255,0,255,255,255,0,255,255,255,0,255,255,255,0,255,255,255,0,255,255,255,0,255,255,255,0,255,255,255,0,255,255,255,0,255,255,255,0,255,255,255,0,255,255,255,0,255,255,255,0,255,255,255,0,255,255,255,0,255,255,255,0,255,255,255,0,255,255,255,0,
255,255,255,0,255,255,255,0,255,255,255,0,255,255,255,0,255,255,255,0,255,255,255,0,255,255,255,0,255,255,255,0,255,255,255,0,255,255,255,0,255,255,255,0,255,255,255,0,255,255,255,0,255,255,255,0,255,255,255,0,255,255,255,0,255,255,255,0,255,255,255,0,255,255,255,0,255,255,255,0,255,255,255,0,255,255,255,0,255,255,255,0,255,255,255,0,255,255,255,0,255,255,255,0,255,255,255,0,255,255,255,0,255,255,255,0,255,255,255,0,255,255,255,0,255,255,255,0,255,255,255,0,255,255,255,0,255,255,255,0,255,255,255,0,255,255,255,0,255,255,255,0,255,255,255,0,255,255,255,0,255,255,255,0,255,255,255,0,255,255,255,0,255,255,255,0,255,255,255,0,255,255,255,0,255,255,255,0,255,255,255,0,255,255,255,0,255,255,255,0,255,255,255,0,255,255,255,0,255,255,255,0,255,255,255,0,255,255,255,0,255,255,255,0,255,255,255,0,255,255,255,0,255,255,255,0,255,255,255,0,255,255,255,0,255,255,255,0,255,255,255,0,255,255,255,0,255,255,255,0,255,255,255,0,255,255,255,0,255,255,255,0,255,255,255,0,255,255,255,0,255,255,255,0,255,255,255,0,255,255,255,0,255,255,255,0,255,255,255,0,255,255,255,0,255,255,255,0,255,255,255,0,255,255,255,0,255,255,255,0,255,255,255,0,255,255,255,0,255,255,255,0,255,255,255,0,255,255,255,0,255,255,255,0,255,255,255,0,255,255,255,0,255,255,255,0,255,255,255,0,255,255,255,0,255,255,255,0,255,255,255,0,255,255,255,0,255,255,255,0,255,255,255,0,255,255,255,0,255,255,255,0,255,255,255,0,255,255,255,0,255,255,255,0,255,255,255,0,255,255,255,0,255,255,255,0,255,255,255,0,255,255,255,0,255,255,255,0,255,255,255,0,255,255,255,0,255,255,255,0,255,255,255,0,255,255,255,0,255,255,255,0,255,255,255,0,255,255,255,0,255,255,255,0,255,255,255,0,255,255,255,0,255,255,255,0,255,255,255,0,255,255,255,0,255,255,255,0,255,255,255,0,255,255,255,0,255,255,255,0,255,255,255,0,255,255,255,0,255,255,255,0,255,255,255,0,255,255,255,0,255,255,255,0,255,255,255,0,255,255,255,0,255,255,255,0,255,255,255,0,255,255,255,0,255,255,255,0,255,255,255,0,255,255,255,0,255,255,255,0,255,255,255,0,255,255,255,0,255,255,255,0,255,255,255,0,255,255,255,0,255,255,255,0,255,255,255,0,255,255,255,0,255,255,255,0,255,255,255,0,255,255,255,0,255,255,255,0,255,255,255,0,255,255,255,0,255,255,255,0,255,255,255,0,255,255,255,0,255,255,255,0,255,255,255,0,255,255,255,0,255,255,255,0,255,255,255,0,255,255,255,0,255,255,255,0,255,255,255,0,255,255,255,0,255,255,255,0,255,255,255,0,255,255,255,0,255,255,255,0,255,255,255,0,255,255,255,0,255,255,255,0,255,255,255,0,255,255,255,0,255,255,255,0,255,255,255,0,255,255,255,0,255,255,255,0,255,255,255,0,255,255,255,0,255,255,255,0,255,255,255,0,255,255,255,0,255,255,255,0,255,255,255,0,255,255,255,0,255,255,255,0,255,255,255,0,255,255,255,0,255,255,255,0,255,255,255,0,255,255,255,0,255,255,255,0,255,255,255,0,
255,255,255,0,255,255,255,0,255,255,255,0,255,255,255,0,255,255,255,0,255,255,255,0,255,255,255,0,255,255,255,0,255,255,255,0,255,255,255,0,255,255,255,0,255,255,255,0,255,255,255,0,255,255,255,0,255,255,255,0,255,255,255,0,255,255,255,0,255,255,255,0,255,255,255,0,255,255,255,0,255,255,255,0,255,255,255,0,255,255,255,0,255,255,255,0,255,255,255,0,255,255,255,0,255,255,255,0,255,255,255,0,255,255,255,0,255,255,255,0,255,255,255,0,255,255,255,0,255,255,255,0,255,255,255,0,255,255,255,0,255,255,255,0,255,255,255,0,255,255,255,0,255,255,255,0,255,255,255,0,255,255,255,0,255,255,255,0,255,255,255,0,255,255,255,0,255,255,255,0,255,255,255,0,255,255,255,0,255,255,255,0,255,255,255,0,255,255,255,0,255,255,255,0,255,255,255,0,255,255,255,0,255,255,255,0,255,255,255,0,255,255,255,0,255,255,255,0,255,255,255,0,255,255,255,0,255,255,255,0,255,255,255,0,255,255,255,0,255,255,255,0,255,255,255,0,255,255,255,0,255,255,255,0,255,255,255,0,255,255,255,0,255,255,255,0,255,255,255,0,255,255,255,0,255,255,255,0,255,255,255,0,255,255,255,0,255,255,255,0,255,255,255,0,255,255,255,0,255,255,255,0,255,255,255,0,255,255,255,0,255,255,255,0,255,255,255,0,255,255,255,0,255,255,255,0,255,255,255,0,255,255,255,0,255,255,255,0,255,255,255,0,255,255,255,0,255,255,255,0,255,255,255,0,255,255,255,0,255,255,255,0,255,255,255,0,255,255,255,0,255,255,255,0,255,255,255,0,255,255,255,0,255,255,255,0,255,255,255,0,255,255,255,0,255,255,255,0,255,255,255,0,255,255,255,0,255,255,255,0,255,255,255,0,255,255,255,0,255,255,255,0,255,255,255,0,255,255,255,0,255,255,255,0,255,255,255,0,255,255,255,0,255,255,255,0,255,255,255,0,255,255,255,0,255,255,255,0,255,255,255,1,255,255,255,38,255,255,255,49,255,255,255,5,255,255,255,1,255,255,255,3,255,255,255,5,255,255,255,8,255,255,255,24,255,255,255,63,255,255,254,86,255,255,254,78,255,255,255,65,255,255,255,0,255,255,255,0,255,255,255,0,255,255,255,0,255,255,255,0,255,255,255,0,255,255,255,0,255,255,255,0,255,255,255,0,255,255,255,0,255,255,255,0,255,255,255,0,255,255,255,0,255,255,255,0,255,255,255,0,255,255,255,0,255,255,255,0,255,255,255,0,255,255,255,0,255,255,255,0,255,255,255,0,255,255,255,0,255,255,255,0,255,255,255,0,255,255,255,0,255,255,255,0,255,255,255,0,255,255,255,0,255,255,255,0,255,255,255,0,255,255,255,0,255,255,255,0,255,255,255,0,255,255,255,0,255,255,255,0,255,255,255,0,255,255,255,0,255,255,255,0,255,255,255,0,255,255,255,0,255,255,255,0,255,255,255,0,255,255,255,0,255,255,255,0,255,255,255,0,255,255,255,0,255,255,255,0,255,255,255,0,255,255,255,0,255,255,255,0,255,255,255,0,255,255,255,0,255,255,255,0,255,255,255,0,255,255,255,0,255,255,255,0,255,255,255,0,255,255,255,0,255,255,255,0,255,255,255,0,255,255,255,0,255,255,255,0,255,255,255,0,255,255,255,0,255,255,255,0,
255,255,255,0,255,255,255,0,255,255,255,0,255,255,255,0,255,255,255,0,255,255,255,0,255,255,255,0,255,255,255,0,255,255,255,0,255,255,255,0,255,255,255,0,255,255,255,0,255,255,255,0,255,255,255,0,255,255,255,0,255,255,255,0,255,255,255,0,255,255,255,0,255,255,255,0,255,255,255,0,255,255,255,0,255,255,255,0,255,255,255,0,255,255,255,0,255,255,255,0,255,255,255,0,255,255,255,0,255,255,255,0,255,255,255,0,255,255,255,0,255,255,255,0,255,255,255,0,255,255,255,0,255,255,255,0,255,255,255,0,255,255,255,0,255,255,255,0,255,255,255,0,255,255,255,0,255,255,255,0,255,255,255,0,255,255,255,0,255,255,255,0,255,255,255,0,255,255,255,23,207,192,183,228,252,230,215,251,227,217,207,213,255,255,255,16,255,255,255,0,255,255,255,0,255,255,255,0,255,255,255,0,255,255,255,0,255,255,255,0,255,255,255,0,255,255,255,0,255,255,255,0,255,255,255,0,255,255,255,0,255,255,255,0,255,255,255,0,255,255,255,0,255,255,255,0,255,255,255,0,255,255,255,0,255,255,255,0,255,255,255,0,255,255,255,0,255,255,255,0,255,255,255,0,255,255,255,0,255,255,255,0,255,255,255,0,255,255,255,0,255,255,255,0,255,255,255,0,255,255,255,0,255,255,255,0,255,255,255,0,255,255,255,0,255,255,255,0,255,255,255,0,255,255,255,0,255,255,255,0,255,255,255,0,255,255,255,0,255,255,255,0,255,255,255,0,255,255,255,0,255,255,255,0,255,255,255,0,255,255,255,0,255,255,255,0,255,255,255,0,255,255,255,0,255,255,255,0,255,255,255,0,255,255,255,0,255,255,255,0,255,255,255,0,255,255,255,0,255,255,255,0,255,255,255,0,255,255,255,0,255,255,255,0,255,255,255,0,255,255,255,0,255,255,255,0,255,255,255,0,255,255,255,0,255,255,255,0,255,255,255,0,255,255,255,0,255,255,255,0,255,255,255,0,254,254,254,84,117,119,125,247,67,63,65,255,197,179,165,255,222,196,171,251,209,181,156,255,203,180,156,253,181,154,127,253,182,154,131,255,228,197,178,255,203,169,151,255,174,139,116,255,196,163,140,255,154,127,110,253,239,230,224,218,255,255,255,0,255,255,255,0,255,255,255,0,255,255,255,0,255,255,255,0,255,255,255,0,255,255,255,0,255,255,255,0,255,255,255,0,255,255,255,0,255,255,255,0,255,255,255,0,255,255,255,0,255,255,255,0,255,255,255,0,255,255,255,0,255,255,255,0,255,255,255,0,255,255,255,0,255,255,255,0,255,255,255,0,255,255,255,0,255,255,255,0,255,255,255,0,255,255,255,0,255,255,255,0,255,255,255,0,255,255,255,0,255,255,255,0,255,255,255,0,255,255,255,0,255,255,255,0,255,255,255,0,255,255,255,0,255,255,255,0,255,255,255,0,255,255,255,0,255,255,255,0,255,255,255,0,255,255,255,0,255,255,255,0,255,255,255,0,255,255,255,0,255,255,255,0,255,255,255,0,255,255,255,0,255,255,255,0,255,255,255,0,255,255,255,0,255,255,255,0,255,255,255,0,255,255,255,0,255,255,255,0,255,255,255,0,255,255,255,0,255,255,255,0,255,255,255,0,255,255,255,0,255,255,255,0,255,255,255,0,255,255,255,0,255,255,255,0,255,255,255,0,255,255,255,0,
255,255,255,0,255,255,255,0,255,255,255,0,255,255,255,0,255,255,255,0,255,255,255,0,255,255,255,0,255,255,255,0,255,255,255,0,255,255,255,0,255,255,255,0,255,255,255,0,255,255,255,0,255,255,255,0,255,255,255,0,255,255,255,0,255,255,255,0,255,255,255,0,255,255,255,0,255,255,255,0,255,255,255,0,255,255,255,0,255,255,255,0,255,255,255,0,255,255,255,0,255,255,255,0,255,255,255,0,255,255,255,0,255,255,255,0,255,255,255,0,255,255,255,0,255,255,255,0,255,255,255,0,255,255,255,0,255,255,255,0,255,255,255,0,255,255,255,0,255,255,255,0,255,255,255,0,255,255,255,0,255,255,255,0,255,255,255,0,255,255,255,0,255,254,254,104,243,229,219,249,114,84,56,255,156,123,91,255,115,87,65,253,243,224,208,251,250,240,232,232,255,252,252,160,254,253,253,121,254,254,254,91,255,255,255,75,255,255,254,92,254,254,253,116,255,255,255,97,255,255,254,92,255,254,252,136,253,253,247,195,254,253,253,133,255,255,255,19,255,255,255,0,255,255,255,0,255,255,255,0,255,255,255,0,255,255,255,0,255,255,255,0,255,255,255,0,255,255,255,0,255,255,255,0,255,255,255,0,255,255,255,0,255,255,255,0,255,255,255,0,255,255,255,0,255,255,255,0,255,255,255,0,255,255,255,0,255,255,255,0,255,255,255,0,255,255,255,0,255,255,255,0,255,255,255,0,255,255,255,0,255,255,255,0,255,255,255,0,255,255,255,0,255,255,255,0,255,255,255,0,255,255,255,0,255,255,255,0,255,255,255,0,255,255,255,0,255,255,255,0,255,255,255,0,255,255,255,0,255,255,255,0,255,255,255,0,255,255,255,0,255,255,255,0,255,255,255,0,255,255,255,0,255,255,255,0,255,255,255,0,255,255,255,0,255,255,255,0,255,255,255,0,255,255,255,0,255,255,255,0,255,255,255,0,255,255,255,0,255,255,255,0,255,255,255,0,255,255,255,0,255,255,255,59,239,228,224,245,32,23,21,255,19,3,0,255,125,90,65,253,130,87,53,255,125,80,44,255,132,87,49,255,128,86,47,255,128,88,50,251,135,90,63,249,136,84,58,253,135,81,47,255,134,85,50,255,107,73,43,251,214,187,169,255,249,239,231,232,255,255,255,1,255,255,255,0,255,255,255,0,255,255,255,0,255,255,255,0,255,255,255,0,255,255,255,0,255,255,255,0,255,255,255,0,255,255,255,0,255,255,255,0,255,255,255,0,255,255,255,0,255,255,255,0,255,255,255,0,255,255,255,0,255,255,255,0,255,255,255,0,255,255,255,0,255,255,255,0,255,255,255,0,255,255,255,0,255,255,255,0,255,255,255,0,255,255,255,0,255,255,255,0,255,255,255,0,255,255,255,0,255,255,255,0,255,255,255,0,255,255,255,0,255,255,255,0,255,255,255,0,255,255,255,0,255,255,255,0,255,255,255,0,255,255,255,0,255,255,255,0,255,255,255,0,255,255,255,0,255,255,255,0,255,255,255,0,255,255,255,0,255,255,255,0,255,255,255,0,255,255,255,0,255,255,255,0,255,255,255,0,255,255,255,0,255,255,255,0,255,255,255,0,255,255,255,0,255,255,255,0,255,255,255,0,255,255,255,0,255,255,255,0,255,255,255,0,255,255,255,0,255,255,255,0,255,255,255,0,255,255,255,0,255,255,255,0,255,255,255,0,
255,255,255,0,255,255,255,0,255,255,255,0,255,255,255,0,255,255,255,0,255,255,255,0,255,255,255,0,255,255,255,0,255,255,255,0,255,255,255,0,255,255,255,0,255,255,255,0,255,255,255,0,255,255,255,0,255,255,255,0,255,255,255,0,255,255,255,0,255,255,255,0,255,255,255,0,255,255,255,0,255,255,255,0,255,255,255,0,255,255,255,0,255,255,255,0,255,255,255,0,255,255,255,0,255,255,255,0,255,255,255,0,255,255,255,0,255,255,255,0,255,255,255,0,255,255,255,0,255,255,255,0,255,255,255,0,255,255,255,0,255,255,255,0,255,255,255,0,255,255,255,0,255,255,255,0,255,255,255,0,255,255,255,0,255,255,255,2,221,206,204,243,161,135,121,253,161,128,107,255,123,86,52,255,138,96,60,255,140,97,68,247,162,124,93,255,171,142,111,253,166,138,111,255,164,137,112,255,166,138,112,253,162,134,109,255,169,141,114,253,163,135,113,255,169,139,113,253,175,144,111,253,171,140,109,255,173,142,114,255,163,140,115,251,160,137,122,251,255,255,255,47,255,255,255,0,255,255,255,0,255,255,255,0,255,255,255,0,255,255,255,0,255,255,255,0,255,255,255,0,255,255,255,0,255,255,255,0,255,255,255,0,255,255,255,0,255,255,255,0,255,255,255,0,255,255,255,0,255,255,255,0,255,255,255,0,255,255,255,0,255,255,255,0,255,255,255,0,255,255,255,0,255,255,255,0,255,255,255,0,255,255,255,0,255,255,255,0,255,255,255,0,255,255,255,0,255,255,255,0,255,255,255,0,255,255,255,0,255,255,255,0,255,255,255,0,255,255,255,0,255,255,255,0,255,255,255,0,255,255,255,0,255,255,255,0,255,255,255,0,255,255,255,0,255,255,255,0,255,255,255,0,255,255,255,0,255,255,255,0,255,255,255,0,255,255,255,0,255,255,255,0,255,255,255,0,255,255,255,0,255,255,255,0,255,255,255,0,255,255,255,1,232,225,218,180,153,123,101,255,178,146,122,247,157,120,98,253,92,58,37,255,90,49,26,255,160,104,77,251,159,99,62,255,154,94,59,253,155,100,57,251,149,92,53,253,153,96,53,255,163,103,63,255,163,101,62,255,163,97,61,253,163,104,71,251,124,74,39,251,157,112,82,255,173,146,116,251,177,155,140,249,255,255,255,1,255,255,255,0,255,255,255,0,255,255,255,0,255,255,255,0,255,255,255,0,255,255,255,0,255,255,255,0,255,255,255,0,255,255,255,0,255,255,255,0,255,255,255,0,255,255,255,0,255,255,255,0,255,255,255,0,255,255,255,0,255,255,255,0,255,255,255,0,255,255,255,0,255,255,255,0,255,255,255,0,255,255,255,0,255,255,255,0,255,255,255,0,255,255,255,0,255,255,255,0,255,255,255,0,255,255,255,0,255,255,255,0,255,255,255,0,255,255,255,0,255,255,255,0,255,255,255,0,255,255,255,0,255,255,255,0,255,255,255,0,255,255,255,0,255,255,255,0,255,255,255,0,255,255,255,0,255,255,255,0,255,255,255,0,255,255,255,0,255,255,255,0,255,255,255,0,255,255,255,0,255,255,255,0,255,255,255,0,255,255,255,0,255,255,255,0,255,255,255,0,255,255,255,0,255,255,255,0,255,255,255,0,255,255,255,0,255,255,255,0,255,255,255,0,255,255,255,0,255,255,255,0,255,255,255,0,255,255,255,0,255,255,255,0,
255,255,255,0,255,255,255,0,255,255,255,0,255,255,255,0,255,255,255,0,255,255,255,0,255,255,255,0,255,255,255,0,255,255,255,0,255,255,255,0,255,255,255,0,255,255,255,0,255,255,255,0,255,255,255,0,255,255,255,0,255,255,255,0,255,255,255,0,255,255,255,0,255,255,255,0,255,255,255,0,255,255,255,0,255,255,255,0,255,255,255,0,255,255,255,0,255,255,255,0,255,255,255,0,255,255,255,0,255,255,255,0,255,255,255,0,255,255,255,0,255,255,255,0,255,255,255,0,255,255,255,0,255,255,255,0,255,255,255,0,255,255,255,0,255,255,255,0,255,255,255,0,255,255,255,0,255,255,255,0,255,255,255,1,252,242,238,233,199,177,161,255,138,101,76,255,148,104,71,249,152,102,65,253,144,92,49,255,158,99,64,253,147,92,50,255,143,97,58,255,146,100,62,251,143,97,64,253,146,99,63,251,147,98,65,253,142,98,60,255,136,94,58,255,139,98,60,255,151,110,69,249,140,95,52,255,151,109,71,249,139,94,65,253,119,84,62,255,248,228,211,249,255,255,255,42,255,255,255,0,255,255,255,0,255,255,255,0,255,255,255,0,255,255,255,0,255,255,255,0,255,255,255,0,255,255,255,0,255,255,255,0,255,255,255,0,255,255,255,0,255,255,255,0,255,255,255,0,255,255,255,0,255,255,255,0,255,255,255,0,255,255,255,0,255,255,255,0,255,255,255,0,255,255,255,0,255,255,255,0,255,255,255,0,255,255,255,0,255,255,255,0,255,255,255,0,255,255,255,0,255,255,255,0,255,255,255,0,255,255,255,0,255,255,255,0,255,255,255,0,255,255,255,0,255,255,255,0,255,255,255,0,255,255,255,0,255,255,255,0,255,255,255,0,255,255,255,0,255,255,255,0,255,255,255,0,255,255,255,0,255,255,255,0,255,255,255,0,255,255,255,0,255,255,255,0,255,255,255,0,255,255,255,0,255,255,255,1,253,243,237,211,179,149,124,247,122,75,40,255,146,94,62,255,139,86,50,255,154,98,65,253,153,95,60,255,182,113,74,255,186,118,81,251,173,105,58,255,175,108,60,255,174,106,58,255,185,114,66,253,194,131,85,249,192,122,76,253,183,111,63,255,180,109,67,255,157,93,52,255,135,81,44,255,121,83,54,253,128,107,84,255,255,255,255,30,255,255,255,0,255,255,255,0,255,255,255,0,255,255,255,0,255,255,255,0,255,255,255,0,255,255,255,0,255,255,255,0,255,255,255,0,255,255,255,0,255,255,255,0,255,255,255,0,255,255,255,0,255,255,255,0,255,255,255,0,255,255,255,0,255,255,255,0,255,255,255,0,255,255,255,0,255,255,255,0,255,255,255,0,255,255,255,0,255,255,255,0,255,255,255,0,255,255,255,0,255,255,255,0,255,255,255,0,255,255,255,0,255,255,255,0,255,255,255,0,255,255,255,0,255,255,255,0,255,255,255,0,255,255,255,0,255,255,255,0,255,255,255,0,255,255,255,0,255,255,255,0,255,255,255,0,255,255,255,0,255,255,255,0,255,255,255,0,255,255,255,0,255,255,255,0,255,255,255,0,255,255,255,0,255,255,255,0,255,255,255,0,255,255,255,0,255,255,255,0,255,255,255,0,255,255,255,0,255,255,255,0,255,255,255,0,255,255,255,0,255,255,255,0,255,255,255,0,255,255,255,0,255,255,255,0,255,255,255,0,255,255,255,0,
255,255,255,0,255,255,255,0,255,255,255,0,255,255,255,0,255,255,255,0,255,255,255,0,255,255,255,0,255,255,255,0,255,255,255,0,255,255,255,0,255,255,255,0,255,255,255,0,255,255,255,0,255,255,255,0,255,255,255,0,255,255,255,0,255,255,255,0,255,255,255,0,255,255,255,0,255,255,255,0,255,255,255,0,255,255,255,0,255,255,255,0,255,255,255,0,255,255,255,0,255,255,255,0,255,255,255,0,255,255,255,0,255,255,255,0,255,255,255,0,255,255,255,0,255,255,255,0,255,255,255,0,255,255,255,0,255,255,255,0,255,255,255,0,255,255,255,0,255,255,255,0,255,255,255,0,255,255,255,0,227,213,205,228,209,179,161,251,174,135,105,255,164,114,75,255,170,110,68,255,166,103,58,255,182,117,77,251,191,120,75,255,179,115,74,251,166,103,64,253,161,104,62,255,164,103,62,255,165,104,62,255,163,103,62,255,156,99,61,253,142,96,51,251,137,92,47,255,142,94,50,255,147,93,55,253,150,95,55,255,143,90,52,255,144,100,74,245,193,159,140,249,164,139,122,255,253,251,251,113,255,255,255,0,255,255,255,0,255,255,255,0,255,255,255,0,255,255,255,0,255,255,255,0,255,255,255,0,255,255,255,0,255,255,255,0,255,255,255,0,255,255,255,0,255,255,255,0,255,255,255,0,255,255,255,0,255,255,255,0,255,255,255,0,255,255,255,0,255,255,255,0,255,255,255,0,255,255,255,0,255,255,255,0,255,255,255,0,255,255,255,0,255,255,255,0,255,255,255,0,255,255,255,0,255,255,255,0,255,255,255,0,255,255,255,0,255,255,255,0,255,255,255,0,255,255,255,0,255,255,255,0,255,255,255,0,255,255,255,0,255,255,255,0,255,255,255,0,255,255,255,0,255,255,255,0,255,255,255,0,255,255,255,0,255,255,255,0,255,255,255,0,255,255,255,0,255,255,255,0,255,255,255,1,226,216,210,190,226,193,170,255,160,113,79,255,131,74,33,255,160,106,68,249,165,98,62,255,171,105,62,255,180,119,82,247,189,115,67,255,194,118,68,255,195,119,69,255,196,121,69,253,203,123,77,251,206,127,75,253,222,140,86,255,223,141,87,255,203,124,74,255,196,121,76,255,168,103,60,251,157,110,73,249,121,95,74,255,123,113,103,251,254,254,254,64,255,255,255,0,255,255,255,0,255,255,255,0,255,255,255,0,255,255,255,0,255,255,255,0,255,255,255,0,255,255,255,0,255,255,255,0,255,255,255,0,255,255,255,0,255,255,255,0,255,255,255,0,255,255,255,0,255,255,255,0,255,255,255,0,255,255,255,0,255,255,255,0,255,255,255,0,255,255,255,0,255,255,255,0,255,255,255,0,255,255,255,0,255,255,255,0,255,255,255,0,255,255,255,0,255,255,255,0,255,255,255,0,255,255,255,0,255,255,255,0,255,255,255,0,255,255,255,0,255,255,255,0,255,255,255,0,255,255,255,0,255,255,255,0,255,255,255,0,255,255,255,0,255,255,255,0,255,255,255,0,255,255,255,0,255,255,255,0,255,255,255,0,255,255,255,0,255,255,255,0,255,255,255,0,255,255,255,0,255,255,255,0,255,255,255,0,255,255,255,0,255,255,255,0,255,255,255,0,255,255,255,0,255,255,255,0,255,255,255,0,255,255,255,0,255,255,255,0,255,255,255,0,255,255,255,0,255,255,255,0,255,255,255,0,
255,255,255,0,255,255,255,0,255,255,255,0,255,255,255,0,255,255,255,0,255,255,255,0,255,255,255,0,255,255,255,0,255,255,255,0,255,255,255,0,255,255,255,0,255,255,255,0,255,255,255,0,255,255,255,0,255,255,255,0,255,255,255,0,255,255,255,0,255,255,255,0,255,255,255,0,255,255,255,0,255,255,255,0,255,255,255,0,255,255,255,0,255,255,255,0,255,255,255,0,255,255,255,0,255,255,255,0,255,255,255,0,255,255,255,0,255,255,255,0,255,255,255,0,255,255,255,0,255,255,255,0,255,255,255,0,255,255,255,0,255,255,255,0,255,255,255,0,255,255,255,0,255,255,255,0,255,255,255,30,166,139,123,255,125,86,58,255,153,111,73,249,202,145,101,255,199,134,87,255,192,123,77,253,214,137,92,255,241,166,118,253,214,137,90,255,194,125,74,255,194,126,77,255,199,134,89,251,196,128,83,255,197,135,92,251,179,116,68,255,156,101,50,255,154,98,50,255,156,97,50,255,173,116,76,247,173,108,63,255,159,95,52,255,149,94,55,255,133,86,53,255,98,63,36,255,209,188,173,247,255,255,255,43,255,255,255,0,255,255,255,0,255,255,255,0,255,255,255,0,255,255,255,0,255,255,255,0,255,255,255,0,255,255,255,0,255,255,255,0,255,255,255,0,255,255,255,0,255,255,255,0,255,255,255,0,255,255,255,0,255,255,255,0,255,255,255,0,255,255,255,0,255,255,255,0,255,255,255,0,255,255,255,0,255,255,255,0,255,255,255,0,255,255,255,0,255,255,255,0,255,255,255,0,255,255,255,0,255,255,255,0,255,255,255,0,255,255,255,0,255,255,255,0,255,255,255,0,255,255,255,0,255,255,255,0,255,255,255,0,255,255,255,0,255,255,255,0,255,255,255,0,255,255,255,0,255,255,255,0,255,255,255,0,255,255,255,0,255,255,255,0,255,255,255,0,255,255,255,0,255,255,254,74,108,75,49,255,124,79,51,249,147,90,49,255,169,102,62,253,180,107,65,253,191,116,73,255,208,133,87,255,220,147,96,255,208,132,80,255,211,133,80,255,222,147,92,253,226,143,91,255,225,138,86,255,233,144,90,255,249,160,101,255,251,167,112,251,229,149,96,253,224,145,96,255,193,121,73,255,161,108,72,255,121,100,87,255,100,95,94,253,251,251,251,87,255,255,255,0,255,255,255,0,255,255,255,0,255,255,255,0,255,255,255,0,255,255,255,0,255,255,255,0,255,255,255,0,255,255,255,0,255,255,255,0,255,255,255,0,255,255,255,0,255,255,255,0,255,255,255,0,255,255,255,0,255,255,255,0,255,255,255,0,255,255,255,0,255,255,255,0,255,255,255,0,255,255,255,0,255,255,255,0,255,255,255,0,255,255,255,0,255,255,255,0,255,255,255,0,255,255,255,0,255,255,255,0,255,255,255,0,255,255,255,0,255,255,255,0,255,255,255,0,255,255,255,0,255,255,255,0,255,255,255,0,255,255,255,0,255,255,255,0,255,255,255,0,255,255,255,0,255,255,255,0,255,255,255,0,255,255,255,0,255,255,255,0,255,255,255,0,255,255,255,0,255,255,255,0,255,255,255,0,255,255,255,0,255,255,255,0,255,255,255,0,255,255,255,0,255,255,255,0,255,255,255,0,255,255,255,0,255,255,255,0,255,255,255,0,255,255,255,0,255,255,255,0,255,255,255,0,255,255,255,0,255,255,255,0,
255,255,255,0,255,255,255,0,255,255,255,0,255,255,255,0,255,255,255,0,255,255,255,0,255,255,255,0,255,255,255,0,255,255,255,0,255,255,255,0,255,255,255,0,255,255,255,0,255,255,255,0,255,255,255,0,255,255,255,0,255,255,255,0,255,255,255,0,255,255,255,0,255,255,255,0,255,255,255,0,255,255,255,0,255,255,255,0,255,255,255,0,255,255,255,0,255,255,255,0,255,255,255,0,255,255,255,0,255,255,255,0,255,255,255,0,255,255,255,0,255,255,255,0,255,255,255,0,255,255,255,0,255,255,255,0,255,255,255,0,255,255,255,0,255,255,255,0,255,255,255,0,255,255,255,0,255,255,255,42,192,172,157,253,146,104,73,255,145,93,50,255,166,109,65,255,185,120,73,255,212,133,89,255,214,130,87,255,241,161,117,255,231,155,106,255,225,147,92,255,223,148,92,255,215,144,91,255,221,152,100,255,226,159,109,255,207,137,87,255,186,115,63,255,197,123,73,255,193,116,68,255,202,126,78,255,212,135,86,255,199,127,79,255,163,102,56,255,160,108,65,255,124,79,43,255,182,148,121,255,168,149,126,251,254,253,253,82,255,255,255,0,255,255,255,0,255,255,255,0,255,255,255,0,255,255,255,0,255,255,255,0,255,255,255,0,255,255,255,0,255,255,255,0,255,255,255,0,255,255,255,0,255,255,255,0,255,255,255,0,255,255,255,0,255,255,255,0,255,255,255,0,255,255,255,0,255,255,255,0,255,255,255,0,255,255,255,0,255,255,255,0,255,255,255,0,255,255,255,0,255,255,255,0,255,255,255,0,255,255,255,0,255,255,255,0,255,255,255,0,255,255,255,0,255,255,255,0,255,255,255,0,255,255,255,0,255,255,255,0,255,255,255,0,255,255,255,0,255,255,255,0,255,255,255,0,255,255,255,0,255,255,255,0,255,255,255,0,255,255,255,0,255,255,255,0,255,255,255,61,244,219,195,249,143,103,68,255,155,100,65,253,173,107,68,255,190,115,72,255,202,123,72,255,217,139,85,255,231,152,101,255,230,154,103,255,229,151,100,255,229,151,100,255,233,153,101,255,236,154,100,255,234,145,89,255,236,148,89,255,248,158,99,255,246,159,101,255,235,148,93,255,227,144,92,255,200,126,74,255,173,120,83,255,115,94,83,255,107,104,106,247,244,244,244,112,255,255,255,0,255,255,255,0,255,255,255,0,255,255,255,0,255,255,255,0,255,255,255,0,255,255,255,0,255,255,255,0,255,255,255,0,255,255,255,0,255,255,255,0,255,255,255,0,255,255,255,0,255,255,255,0,255,255,255,0,255,255,255,0,255,255,255,0,255,255,255,0,255,255,255,0,255,255,255,0,255,255,255,0,255,255,255,0,255,255,255,0,255,255,255,0,255,255,255,0,255,255,255,0,255,255,255,0,255,255,255,0,255,255,255,0,255,255,255,0,255,255,255,0,255,255,255,0,255,255,255,0,255,255,255,0,255,255,255,0,255,255,255,0,255,255,255,0,255,255,255,0,255,255,255,0,255,255,255,0,255,255,255,0,255,255,255,0,255,255,255,0,255,255,255,0,255,255,255,0,255,255,255,0,255,255,255,0,255,255,255,0,255,255,255,0,255,255,255,0,255,255,255,0,255,255,255,0,255,255,255,0,255,255,255,0,255,255,255,0,255,255,255,0,255,255,255,0,255,255,255,0,255,255,255,0,255,255,255,0,255,255,255,0,
255,255,255,0,255,255,255,0,255,255,255,0,255,255,255,0,255,255,255,0,255,255,255,0,255,255,255,0,255,255,255,0,255,255,255,0,255,255,255,0,255,255,255,0,255,255,255,0,255,255,255,0,255,255,255,0,255,255,255,0,255,255,255,0,255,255,255,0,255,255,255,0,255,255,255,0,255,255,255,0,255,255,255,0,255,255,255,0,255,255,255,0,255,255,255,0,255,255,255,0,255,255,255,0,255,255,255,0,255,255,255,0,255,255,255,0,255,255,255,0,255,255,255,0,255,255,255,0,255,255,255,0,255,255,255,0,255,255,255,0,255,255,255,0,255,255,255,0,255,255,255,0,255,255,255,0,255,255,255,18,175,150,133,253,141,98,65,255,132,77,33,255,152,94,47,255,177,110,62,255,232,150,107,255,245,157,114,255,255,187,140,255,250,174,124,255,255,176,119,255,254,176,117,255,249,175,120,255,250,179,128,255,255,182,131,255,241,164,115,255,222,141,91,255,223,140,91,255,220,135,86,255,236,153,104,255,254,173,120,255,233,157,103,255,175,108,58,255,177,116,71,255,133,81,39,255,126,82,46,255,98,65,35,253,166,143,121,247,255,255,255,12,255,255,255,0,255,255,255,0,255,255,255,0,255,255,255,0,255,255,255,0,255,255,255,0,255,255,255,0,255,255,255,0,255,255,255,0,255,255,255,0,255,255,255,0,255,255,255,0,255,255,255,0,255,255,255,0,255,255,255,0,255,255,255,0,255,255,255,0,255,255,255,0,255,255,255,0,255,255,255,0,255,255,255,0,255,255,255,0,255,255,255,0,255,255,255,0,255,255,255,0,255,255,255,0,255,255,255,0,255,255,255,0,255,255,255,0,255,255,255,0,255,255,255,0,255,255,255,0,255,255,255,0,255,255,255,0,255,255,255,0,255,255,255,0,255,255,255,0,255,255,255,0,255,255,255,0,255,255,255,0,253,252,252,100,118,84,63,255,113,68,42,253,149,101,64,247,160,97,52,255,204,130,84,255,222,141,93,255,233,150,96,255,248,164,110,255,255,177,124,255,255,179,127,255,253,176,127,255,255,175,127,255,253,172,119,255,253,171,114,255,251,163,104,255,254,162,104,255,255,167,108,255,255,173,115,255,245,159,104,255,235,154,102,255,228,152,100,255,191,134,94,255,134,103,93,251,114,103,100,255,222,220,220,160,255,255,255,0,255,255,255,0,255,255,255,0,255,255,255,0,255,255,255,0,255,255,255,0,255,255,255,0,255,255,255,0,255,255,255,0,255,255,255,0,255,255,255,0,255,255,255,0,255,255,255,0,255,255,255,0,255,255,255,0,255,255,255,0,255,255,255,0,255,255,255,0,255,255,255,0,255,255,255,0,255,255,255,0,255,255,255,0,255,255,255,0,255,255,255,0,255,255,255,0,255,255,255,0,255,255,255,0,255,255,255,0,255,255,255,0,255,255,255,0,255,255,255,0,255,255,255,0,255,255,255,0,255,255,255,0,255,255,255,0,255,255,255,0,255,255,255,0,255,255,255,0,255,255,255,0,255,255,255,0,255,255,255,0,255,255,255,0,255,255,255,0,255,255,255,0,255,255,255,0,255,255,255,0,255,255,255,0,255,255,255,0,255,255,255,0,255,255,255,0,255,255,255,0,255,255,255,0,255,255,255,0,255,255,255,0,255,255,255,0,255,255,255,0,255,255,255,0,255,255,255,0,255,255,255,0,255,255,255,0,255,255,255,0,
255,255,255,0,255,255,255,0,255,255,255,0,255,255,255,0,255,255,255,0,255,255,255,0,255,255,255,0,255,255,255,0,255,255,255,0,255,255,255,0,255,255,255,0,255,255,255,0,255,255,255,0,255,255,255,0,255,255,255,0,255,255,255,0,255,255,255,0,255,255,255,0,255,255,255,0,255,255,255,0,255,255,255,0,255,255,255,0,255,255,255,0,255,255,255,0,255,255,255,0,255,255,255,0,255,255,255,0,255,255,255,0,255,255,255,0,255,255,255,0,255,255,255,0,255,255,255,0,255,255,255,0,255,255,255,0,255,255,255,0,255,255,255,0,255,255,255,0,255,255,255,0,255,255,255,0,255,255,255,6,204,177,159,255,141,98,67,255,146,94,49,255,179,120,67,255,202,134,78,255,243,165,116,255,243,161,113,255,255,180,130,255,248,174,121,255,249,173,119,255,245,170,116,255,248,170,121,255,249,172,125,255,250,173,126,255,246,165,119,255,245,161,114,255,245,158,110,255,241,157,107,255,245,162,110,255,249,172,116,255,235,160,103,255,219,143,91,255,197,128,79,255,152,96,47,255,153,103,58,255,132,86,48,255,161,124,99,251,205,188,173,239,255,255,255,3,255,255,255,0,255,255,255,0,255,255,255,0,255,255,255,0,255,255,255,0,255,255,255,0,255,255,255,0,255,255,255,0,255,255,255,0,255,255,255,0,255,255,255,0,255,255,255,0,255,255,255,0,255,255,255,0,255,255,255,0,255,255,255,0,255,255,255,0,255,255,255,0,255,255,255,0,255,255,255,0,255,255,255,0,255,255,255,0,255,255,255,0,255,255,255,0,255,255,255,0,255,255,255,0,255,255,255,0,255,255,255,0,255,255,255,0,255,255,255,0,255,255,255,0,255,255,255,0,255,255,255,0,255,255,255,0,255,255,255,0,255,255,255,0,255,255,255,0,255,255,255,0,255,255,255,29,201,170,151,255,167,119,87,249,160,97,52,255,189,122,79,249,192,118,68,253,225,142,87,255,241,154,99,255,246,158,108,255,251,168,119,255,249,171,118,255,248,174,121,255,245,171,123,255,248,170,123,255,248,169,118,255,245,163,109,255,248,158,101,255,245,153,95,255,238,149,92,255,233,149,93,255,208,128,74,255,200,122,71,255,200,126,73,255,185,121,78,255,132,89,62,255,128,107,94,247,167,162,158,218,255,255,255,2,255,255,255,0,255,255,255,0,255,255,255,0,255,255,255,0,255,255,255,0,255,255,255,0,255,255,255,0,255,255,255,0,255,255,255,0,255,255,255,0,255,255,255,0,255,255,255,0,255,255,255,0,255,255,255,0,255,255,255,0,255,255,255,0,255,255,255,0,255,255,255,0,255,255,255,0,255,255,255,0,255,255,255,0,255,255,255,0,255,255,255,0,255,255,255,0,255,255,255,0,255,255,255,0,255,255,255,0,255,255,255,0,255,255,255,0,255,255,255,0,255,255,255,0,255,255,255,0,255,255,255,0,255,255,255,0,255,255,255,0,255,255,255,0,255,255,255,0,255,255,255,0,255,255,255,0,255,255,255,0,255,255,255,0,255,255,255,0,255,255,255,0,255,255,255,0,255,255,255,0,255,255,255,0,255,255,255,0,255,255,255,0,255,255,255,0,255,255,255,0,255,255,255,0,255,255,255,0,255,255,255,0,255,255,255,0,255,255,255,0,255,255,255,0,255,255,255,0,255,255,255,0,255,255,255,0,255,255,255,0,
255,255,255,0,255,255,255,0,255,255,255,0,255,255,255,0,255,255,255,0,255,255,255,0,255,255,255,0,255,255,255,0,255,255,255,0,255,255,255,0,255,255,255,0,255,255,255,0,255,255,255,0,255,255,255,0,255,255,255,0,255,255,255,0,255,255,255,0,255,255,255,0,255,255,255,0,255,255,255,0,255,255,255,0,255,255,255,0,255,255,255,0,255,255,255,0,255,255,255,0,255,255,255,0,255,255,255,0,255,255,255,0,255,255,255,0,255,255,255,0,255,255,255,0,255,255,255,0,255,255,255,0,255,255,255,0,255,255,255,0,255,255,255,0,255,255,255,0,255,255,255,0,255,255,255,0,255,255,255,6,184,161,144,251,137,97,62,255,151,97,53,255,189,127,73,255,213,142,87,255,249,172,120,255,245,166,115,255,255,181,129,255,255,181,128,255,253,177,125,255,249,169,121,255,254,174,128,255,254,173,130,255,251,169,126,255,253,171,125,255,255,176,131,255,255,176,129,255,255,176,129,255,255,180,129,255,250,173,119,255,243,166,112,255,238,155,103,255,205,129,77,255,161,99,47,255,151,98,49,255,149,96,55,255,126,82,46,255,130,99,74,251,194,183,175,209,255,255,255,0,255,255,255,0,255,255,255,0,255,255,255,0,255,255,255,0,255,255,255,0,255,255,255,0,255,255,255,0,255,255,255,0,255,255,255,0,255,255,255,0,255,255,255,0,255,255,255,0,255,255,255,0,255,255,255,0,255,255,255,0,255,255,255,60,255,255,255,6,255,255,255,0,255,255,255,0,255,255,255,0,255,255,255,0,255,255,255,0,255,255,255,0,255,255,255,0,255,255,255,0,255,255,255,0,255,255,255,0,255,255,255,0,255,255,255,0,255,255,255,0,255,255,255,0,255,255,255,0,255,255,255,0,255,255,255,0,255,255,255,0,255,255,255,0,255,255,255,0,190,167,152,255,115,71,44,255,172,114,76,251,183,112,65,251,208,134,84,251,214,131,80,255,245,158,100,255,255,169,112,255,255,168,118,255,255,173,126,255,253,173,122,255,251,176,126,255,248,173,125,255,249,172,125,255,255,175,127,255,253,167,116,255,255,163,107,255,248,156,98,255,231,144,92,255,222,141,91,255,191,117,68,255,192,122,75,255,197,128,79,255,185,121,80,253,123,80,52,255,120,95,83,247,116,107,99,247,255,255,255,2,255,255,255,0,255,255,255,0,255,255,255,0,255,255,255,0,255,255,255,0,255,255,255,0,255,255,255,0,255,255,255,0,255,255,255,0,255,255,255,0,255,255,255,0,255,255,255,0,255,255,255,0,255,255,255,0,255,255,255,0,255,255,255,0,255,255,255,0,255,255,255,0,255,255,255,0,255,255,255,0,255,255,255,0,255,255,255,0,255,255,255,0,255,255,255,0,255,255,255,0,255,255,255,0,255,255,255,0,255,255,255,0,255,255,255,0,255,255,255,0,255,255,255,0,255,255,255,0,255,255,255,0,255,255,255,0,255,255,255,0,255,255,255,0,255,255,255,0,255,255,255,0,255,255,255,0,255,255,255,0,255,255,255,0,255,255,255,0,255,255,255,0,255,255,255,0,255,255,255,0,255,255,255,0,255,255,255,0,255,255,255,0,255,255,255,0,255,255,255,0,255,255,255,0,255,255,255,0,255,255,255,0,255,255,255,0,255,255,255,0,255,255,255,0,255,255,255,0,255,255,255,0,255,255,255,0,255,255,255,0,
255,255,255,0,255,255,255,0,255,255,255,0,255,255,255,0,255,255,255,0,255,255,255,0,255,255,255,0,255,255,255,0,255,255,255,0,255,255,255,0,255,255,255,0,255,255,255,0,255,255,255,0,255,255,255,0,255,255,255,0,255,255,255,0,255,255,255,0,255,255,255,0,255,255,255,0,255,255,255,0,255,255,255,0,255,255,255,0,255,255,255,0,255,255,255,0,255,255,255,0,255,255,255,0,255,255,255,0,255,255,255,0,255,255,255,0,255,255,255,0,255,255,255,0,255,255,255,0,255,255,255,0,255,255,255,0,255,255,255,0,255,255,255,0,255,255,255,0,255,255,255,0,255,255,255,0,255,255,255,54,171,150,127,251,136,94,58,255,151,97,52,255,190,125,74,255,212,141,87,255,255,179,125,255,248,169,116,255,254,174,126,255,254,174,126,255,254,172,124,255,255,173,128,255,255,174,131,255,255,175,132,255,254,172,126,255,254,172,126,255,254,172,126,255,254,172,126,255,254,172,126,255,255,175,129,255,255,177,133,255,249,167,122,255,246,157,110,255,225,141,92,255,200,130,81,255,164,106,56,255,140,86,46,253,123,80,44,253,124,89,52,255,142,117,93,253,255,255,255,25,255,255,255,0,255,255,255,0,255,255,255,0,255,255,255,0,255,255,255,0,255,255,255,0,255,255,255,0,255,255,255,0,255,255,255,0,255,255,255,0,255,255,255,0,255,255,255,0,255,255,255,0,255,255,255,0,254,254,254,87,123,111,97,255,175,163,151,255,255,255,255,17,255,255,255,0,255,255,255,0,255,255,255,0,255,255,255,0,255,255,255,0,255,255,255,0,255,255,255,0,255,255,255,0,255,255,255,0,255,255,255,0,255,255,255,0,255,255,255,0,255,255,255,0,255,255,255,0,255,255,255,0,255,255,255,0,255,255,255,0,255,255,255,0,255,255,255,19,175,147,124,255,119,68,36,255,197,136,90,253,205,127,75,255,238,152,101,255,233,151,96,253,243,160,106,255,249,169,114,255,253,169,120,255,255,173,126,255,250,172,123,255,250,172,123,255,250,172,123,255,250,172,123,255,255,175,125,255,254,168,115,255,251,160,102,255,241,153,94,255,213,130,80,255,191,116,73,255,154,91,47,255,155,95,53,255,148,84,47,253,166,114,81,255,103,74,58,253,94,79,71,255,108,102,98,255,255,255,255,6,255,255,255,0,255,255,255,0,255,255,255,0,255,255,255,0,255,255,255,0,255,255,255,0,255,255,255,0,255,255,255,0,255,255,255,0,255,255,255,0,255,255,255,0,255,255,255,0,255,255,255,0,255,255,255,0,255,255,255,0,255,255,255,0,255,255,255,0,255,255,255,0,255,255,255,0,255,255,255,0,255,255,255,0,255,255,255,0,255,255,255,0,255,255,255,0,255,255,255,0,255,255,255,0,255,255,255,0,255,255,255,0,255,255,255,0,255,255,255,0,255,255,255,0,255,255,255,0,255,255,255,0,255,255,255,0,255,255,255,0,255,255,255,0,255,255,255,0,255,255,255,0,255,255,255,0,255,255,255,0,255,255,255,0,255,255,255,0,255,255,255,0,255,255,255,0,255,255,255,0,255,255,255,0,255,255,255,0,255,255,255,0,255,255,255,0,255,255,255,0,255,255,255,0,255,255,255,0,255,255,255,0,255,255,255,0,255,255,255,0,255,255,255,0,255,255,255,0,255,255,255,0,255,255,255,0,255,255,255,0,
255,255,255,0,255,255,255,0,255,255,255,0,255,255,255,0,255,255,255,0,255,255,255,0,255,255,255,0,255,255,255,0,255,255,255,0,255,255,255,0,255,255,255,0,255,255,255,0,255,255,255,0,255,255,255,0,255,255,255,0,255,255,255,0,255,255,255,0,255,255,255,0,255,255,255,0,255,255,255,0,255,255,255,0,255,255,255,0,255,255,255,0,255,255,255,0,255,255,255,0,255,255,255,0,255,255,255,0,255,255,255,0,255,255,255,0,255,255,255,0,255,255,255,0,255,255,255,0,255,255,255,0,255,255,255,0,255,255,255,0,255,255,255,0,255,255,255,0,255,255,255,0,255,255,255,0,254,251,248,188,175,142,117,255,134,85,47,255,155,94,48,255,191,124,74,255,212,141,87,255,253,177,123,255,246,168,117,255,250,172,123,255,250,171,125,255,255,174,129,255,255,173,128,255,254,171,128,255,253,170,127,255,254,172,126,255,253,173,126,255,253,173,126,255,253,173,126,255,249,171,124,255,248,170,123,255,250,171,127,255,254,172,126,255,254,168,117,255,233,148,97,255,214,138,87,255,175,110,60,255,128,74,26,255,125,78,39,253,143,101,62,255,144,112,84,255,231,227,223,171,255,255,255,0,255,255,255,0,255,255,255,0,255,255,255,0,255,255,255,0,255,255,255,0,255,255,255,0,255,255,255,0,255,255,255,0,255,255,255,0,255,255,255,0,255,255,255,0,255,255,255,0,255,255,255,0,254,254,254,69,85,68,51,253,139,122,100,255,254,253,250,154,255,255,255,0,255,255,255,0,255,255,255,0,255,255,255,0,255,255,255,0,255,255,255,0,255,255,255,0,255,255,255,0,255,255,255,0,255,255,255,0,255,255,255,0,255,255,255,0,255,255,255,0,255,255,255,0,255,255,255,0,255,255,255,0,255,255,255,0,255,255,255,0,250,239,229,233,201,167,137,255,133,81,41,255,211,142,95,255,220,143,93,251,243,161,108,251,249,163,112,255,248,170,121,255,251,176,126,255,249,171,122,255,251,170,122,255,253,171,123,255,253,171,123,255,253,171,123,255,250,172,123,255,255,176,128,255,250,169,117,255,246,159,101,255,231,146,93,255,198,123,80,255,179,117,79,255,147,97,63,255,141,98,67,255,117,74,47,253,137,102,76,255,80,65,55,253,73,68,60,255,107,103,100,251,255,255,255,12,255,255,255,0,255,255,255,0,255,255,255,0,255,255,255,0,255,255,255,0,255,255,255,0,255,255,255,0,255,255,255,0,255,255,255,0,255,255,255,0,255,255,255,0,255,255,255,0,255,255,255,0,255,255,255,0,255,255,255,0,255,255,255,0,255,255,255,0,255,255,255,0,255,255,255,0,255,255,255,0,255,255,255,0,255,255,255,0,255,255,255,0,255,255,255,0,255,255,255,0,255,255,255,0,255,255,255,0,255,255,255,0,255,255,255,0,255,255,255,0,255,255,255,0,255,255,255,0,255,255,255,0,255,255,255,0,255,255,255,0,255,255,255,0,255,255,255,0,255,255,255,0,255,255,255,0,255,255,255,0,255,255,255,0,255,255,255,0,255,255,255,0,255,255,255,0,255,255,255,0,255,255,255,0,255,255,255,0,255,255,255,0,255,255,255,0,255,255,255,0,255,255,255,0,255,255,255,0,255,255,255,0,255,255,255,0,255,255,255,0,255,255,255,0,255,255,255,0,255,255,255,0,255,255,255,0,255,255,255,0,
255,255,255,0,255,255,255,0,255,255,255,0,255,255,255,0,255,255,255,0,255,255,255,0,255,255,255,0,255,255,255,0,255,255,255,0,255,255,255,0,255,255,255,0,255,255,255,0,255,255,255,0,255,255,255,0,255,255,255,0,255,255,255,0,255,255,255,0,255,255,255,0,255,255,255,0,255,255,255,0,255,255,255,0,255,255,255,0,255,255,255,0,255,255,255,0,255,255,255,0,255,255,255,0,255,255,255,0,255,255,255,0,255,255,255,0,255,255,255,0,255,255,255,0,255,255,255,0,255,255,255,0,255,255,255,0,255,255,255,0,255,255,255,0,255,255,255,0,255,255,255,0,255,255,255,0,211,186,162,249,165,118,86,255,172,111,69,255,182,112,68,255,200,129,77,255,215,144,93,255,255,177,130,255,245,168,121,255,250,173,128,255,250,173,128,255,253,175,131,255,254,173,130,255,250,173,126,255,249,172,125,255,250,173,126,255,253,173,124,255,253,173,124,255,253,173,124,255,250,176,124,255,249,175,122,255,253,173,124,255,255,178,130,255,250,170,115,255,238,158,103,255,236,155,103,255,197,123,73,255,154,91,43,255,137,83,37,255,146,95,55,255,140,101,69,249,148,123,104,245,255,254,254,45,255,255,255,0,255,255,255,0,255,255,255,0,255,255,255,0,255,255,255,0,255,255,255,0,255,255,255,0,255,255,255,0,255,255,255,0,255,255,255,0,255,255,255,0,255,255,255,0,255,255,255,0,255,255,255,42,88,60,36,251,107,82,53,255,145,131,118,255,255,255,255,14,255,255,255,0,255,255,255,0,255,255,255,0,255,255,255,0,255,255,255,0,255,255,255,0,255,255,255,0,255,255,255,0,255,255,255,0,255,255,255,0,255,255,255,0,255,255,255,0,255,255,255,0,255,255,255,0,255,255,255,0,255,255,255,0,225,215,207,215,196,164,136,255,183,139,103,255,144,85,40,255,207,142,94,249,212,129,74,255,251,166,115,255,248,168,120,255,255,189,146,255,255,189,145,255,250,175,128,255,249,168,120,255,253,171,121,255,253,171,121,255,253,171,123,255,249,172,125,255,255,183,135,255,245,171,123,255,227,149,98,255,202,126,78,255,158,97,55,255,138,91,58,255,110,80,55,255,102,82,63,255,82,62,46,255,102,86,73,249,78,72,65,255,81,79,74,255,117,115,112,247,255,255,255,40,255,255,255,0,255,255,255,0,255,255,255,0,255,255,255,0,255,255,255,0,255,255,255,0,255,255,255,0,255,255,255,0,255,255,255,0,255,255,255,0,255,255,255,0,255,255,255,0,255,255,255,0,255,255,255,0,255,255,255,0,255,255,255,0,255,255,255,0,255,255,255,0,255,255,255,0,255,255,255,0,255,255,255,0,255,255,255,0,255,255,255,0,255,255,255,0,255,255,255,0,255,255,255,0,255,255,255,0,255,255,255,0,255,255,255,0,255,255,255,0,255,255,255,0,255,255,255,0,255,255,255,0,255,255,255,0,255,255,255,0,255,255,255,0,255,255,255,0,255,255,255,0,255,255,255,0,255,255,255,0,255,255,255,0,255,255,255,0,255,255,255,0,255,255,255,0,255,255,255,0,255,255,255,0,255,255,255,0,255,255,255,0,255,255,255,0,255,255,255,0,255,255,255,0,255,255,255,0,255,255,255,0,255,255,255,0,255,255,255,0,255,255,255,0,255,255,255,0,255,255,255,0,255,255,255,0,255,255,255,0,
255,255,255,0,255,255,255,0,255,255,255,0,255,255,255,0,255,255,255,0,255,255,255,0,255,255,255,0,255,255,255,0,255,255,255,0,255,255,255,0,255,255,255,0,255,255,255,0,255,255,255,0,255,255,255,0,255,255,255,0,255,255,255,0,255,255,255,0,255,255,255,0,255,255,255,0,255,255,255,0,255,255,255,0,255,255,255,0,255,255,255,0,255,255,255,0,255,255,255,0,255,255,255,0,255,255,255,0,255,255,255,0,255,255,255,0,255,255,255,0,255,255,255,0,255,255,255,0,255,255,255,0,255,255,255,0,255,255,255,0,255,255,255,0,255,255,255,0,255,255,255,0,255,255,255,39,110,74,44,255,158,103,65,255,204,136,93,255,202,128,80,255,206,133,80,255,224,151,98,255,255,182,135,255,249,174,128,255,254,178,133,255,254,178,133,255,249,171,126,255,249,172,125,255,250,173,126,255,251,175,128,255,250,174,124,255,253,173,124,255,254,172,124,255,253,173,122,255,251,177,122,255,251,178,123,255,249,170,119,255,253,171,121,255,254,175,122,255,246,168,113,255,253,172,119,255,216,140,89,255,192,127,77,255,161,100,61,253,149,89,56,253,130,81,47,255,112,73,44,255,200,181,169,224,255,255,255,8,255,255,255,0,255,255,255,0,255,255,255,0,255,255,255,0,255,255,255,0,255,255,255,0,255,255,255,0,255,255,255,0,255,255,255,0,255,255,255,0,255,255,255,0,255,255,255,0,252,250,248,128,93,63,31,255,98,68,36,251,33,15,0,255,255,255,255,20,255,255,255,0,255,255,255,0,255,255,255,0,255,255,255,0,255,255,255,0,255,255,255,0,255,255,255,0,255,255,255,0,255,255,255,0,255,255,255,0,255,255,255,0,255,255,255,0,255,255,255,0,255,255,255,0,255,255,255,0,255,254,253,123,159,126,102,253,113,68,33,255,145,93,50,255,171,112,69,249,199,121,68,255,218,135,81,255,252,177,131,253,250,178,134,255,255,202,160,255,255,197,155,255,254,179,131,255,248,169,118,255,253,171,121,255,253,171,121,255,250,172,123,255,249,172,125,255,253,178,128,255,241,166,116,255,217,141,94,255,183,117,74,255,124,77,42,255,97,67,42,255,76,60,46,255,75,67,58,255,76,69,65,253,73,68,60,255,81,73,65,255,105,99,95,251,122,112,106,255,231,230,229,151,255,255,255,2,255,255,255,0,255,255,255,0,255,255,255,0,255,255,255,0,255,255,255,0,255,255,255,0,255,255,255,0,255,255,255,0,255,255,255,0,255,255,255,0,255,255,255,0,255,255,255,0,255,255,255,0,255,255,255,0,255,255,255,0,255,255,255,0,255,255,255,0,255,255,255,0,255,255,255,0,255,255,255,0,255,255,255,0,255,255,255,0,255,255,255,0,255,255,255,0,255,255,255,0,255,255,255,0,255,255,255,0,255,255,255,0,255,255,255,0,255,255,255,0,255,255,255,0,255,255,255,0,255,255,255,0,255,255,255,0,255,255,255,0,255,255,255,0,255,255,255,0,255,255,255,0,255,255,255,0,255,255,255,0,255,255,255,0,255,255,255,0,255,255,255,0,255,255,255,0,255,255,255,0,255,255,255,0,255,255,255,0,255,255,255,0,255,255,255,0,255,255,255,0,255,255,255,0,255,255,255,0,255,255,255,0,255,255,255,0,255,255,255,0,255,255,255,0,255,255,255,0,255,255,255,0,255,255,255,0,
255,255,255,0,255,255,255,0,255,255,255,0,255,255,255,0,255,255,255,0,255,255,255,0,255,255,255,0,255,255,255,0,255,255,255,0,255,255,255,0,255,255,255,0,255,255,255,0,255,255,255,0,255,255,255,0,255,255,255,0,255,255,255,0,255,255,255,0,255,255,255,0,255,255,255,0,255,255,255,0,255,255,255,0,255,255,255,0,255,255,255,0,255,255,255,0,255,255,255,0,255,255,255,0,255,255,255,0,255,255,255,0,255,255,255,0,255,255,255,0,255,255,255,0,255,255,255,0,255,255,255,0,255,255,255,0,255,255,255,0,255,255,255,0,255,255,255,0,255,255,255,0,255,254,254,82,132,96,63,251,155,98,55,255,178,111,62,255,196,123,69,255,227,150,94,255,231,154,95,255,255,184,129,255,245,173,122,255,246,173,127,255,251,176,131,255,253,173,126,255,253,173,124,255,253,173,124,255,253,173,124,255,253,173,124,255,254,172,124,255,254,172,124,255,254,172,124,255,254,175,124,255,250,172,121,255,253,173,124,255,255,176,128,255,254,175,124,255,253,174,120,255,245,167,113,255,231,158,105,255,224,162,116,249,177,118,74,255,142,81,47,255,140,86,55,255,131,86,50,255,162,130,100,255,184,171,160,224,255,255,255,7,255,255,255,0,255,255,255,0,255,255,255,0,255,255,255,0,255,255,255,0,255,255,255,0,255,255,255,0,255,255,255,0,255,255,255,0,255,255,255,0,255,255,254,61,196,178,154,253,113,80,46,255,101,71,34,255,54,35,9,253,254,254,253,70,255,255,255,0,255,255,255,0,255,255,255,0,255,255,255,0,227,221,217,218,232,226,218,235,255,255,255,1,255,255,255,0,255,255,255,0,255,255,255,0,255,255,255,0,255,255,255,0,255,255,255,0,255,255,255,0,255,254,254,78,255,226,205,255,174,133,106,255,137,85,49,255,157,98,52,255,177,108,53,255,225,143,86,255,223,143,90,255,255,190,148,255,250,187,149,255,255,187,146,255,251,179,133,255,253,178,128,255,249,173,121,255,254,173,122,255,253,171,121,255,253,173,124,255,246,168,117,255,251,171,114,255,243,165,107,255,196,122,72,255,176,119,81,255,190,160,138,255,83,68,58,255,72,67,58,255,80,76,73,255,85,80,76,253,106,95,90,255,125,101,91,255,149,121,112,247,162,134,121,255,181,167,160,241,255,255,255,8,255,255,255,0,255,255,255,0,255,255,255,0,255,255,255,0,255,255,255,0,255,255,255,0,255,255,255,0,255,255,255,0,255,255,255,0,255,255,255,0,255,255,255,0,255,255,255,0,255,255,255,0,255,255,255,0,255,255,255,0,255,255,255,0,255,255,255,0,255,255,255,0,255,255,255,0,255,255,255,0,255,255,255,0,255,255,255,0,255,255,255,0,255,255,255,0,255,255,255,0,255,255,255,0,255,255,255,0,255,255,255,0,255,255,255,0,255,255,255,0,255,255,255,0,255,255,255,0,255,255,255,0,255,255,255,0,255,255,255,0,255,255,255,0,255,255,255,0,255,255,255,0,255,255,255,0,255,255,255,0,255,255,255,0,255,255,255,0,255,255,255,0,255,255,255,0,255,255,255,0,255,255,255,0,255,255,255,0,255,255,255,0,255,255,255,0,255,255,255,0,255,255,255,0,255,255,255,0,255,255,255,0,255,255,255,0,255,255,255,0,255,255,255,0,255,255,255,0,255,255,255,0,255,255,255,0,
255,255,255,0,255,255,255,0,255,255,255,0,255,255,255,0,255,255,255,0,255,255,255,0,255,255,255,0,255,255,255,0,255,255,255,0,255,255,255,0,255,255,255,0,255,255,255,0,255,255,255,0,255,255,255,0,255,255,255,0,255,255,255,0,255,255,255,0,255,255,255,0,255,255,255,0,255,255,255,0,255,255,255,0,255,255,255,0,255,255,255,0,255,255,255,0,255,255,255,0,255,255,255,0,255,255,255,0,255,255,255,0,255,255,255,0,255,255,255,0,255,255,255,0,255,255,255,0,255,255,255,0,255,255,255,0,255,255,255,0,255,255,255,0,255,255,255,0,255,255,255,0,255,253,252,112,134,94,62,255,146,90,44,255,162,99,52,255,197,125,74,255,243,165,109,255,243,163,106,255,255,180,123,255,248,174,121,255,248,173,127,255,246,171,126,255,253,173,126,255,254,172,124,255,254,172,124,255,254,172,124,255,254,172,124,255,254,172,124,255,254,172,124,255,254,172,124,255,255,176,128,255,250,169,121,255,248,168,120,255,253,173,124,255,251,175,126,255,251,175,124,255,253,179,126,255,249,180,128,255,255,197,149,255,203,146,104,255,131,73,42,253,144,92,62,249,147,102,60,255,121,84,46,255,87,56,32,255,214,206,197,199,255,255,255,3,255,255,255,0,255,255,255,0,255,255,255,0,255,255,255,0,255,255,255,0,255,255,255,0,255,255,255,0,255,255,255,0,244,242,241,134,99,73,49,255,84,55,23,253,131,94,61,253,118,85,53,253,39,15,0,255,195,179,164,241,255,255,255,1,255,255,255,0,255,255,255,0,255,255,255,0,65,47,34,255,90,72,60,255,254,254,254,86,255,255,255,0,255,255,255,0,255,255,255,0,255,255,255,0,255,255,255,0,255,255,255,0,255,255,254,66,109,75,59,253,110,68,39,255,134,89,56,255,146,95,55,255,175,113,62,255,186,115,62,255,232,154,101,255,231,157,109,255,255,203,166,255,255,199,165,255,243,171,129,255,241,164,117,255,246,172,122,255,249,172,120,255,253,173,122,255,254,172,124,255,255,176,130,255,250,172,121,255,249,166,107,255,224,146,90,255,158,97,53,255,120,79,52,255,103,84,72,255,93,89,86,255,75,73,73,255,86,81,81,255,115,104,99,253,215,194,183,255,131,95,77,255,94,52,28,255,112,73,47,255,96,69,50,255,255,255,255,17,255,255,255,0,255,255,255,0,255,255,255,0,255,255,255,0,255,255,255,0,255,255,255,0,255,255,255,0,255,255,255,0,255,255,255,0,255,255,255,0,255,255,255,0,255,255,255,0,255,255,255,0,255,255,255,0,255,255,255,0,255,255,255,0,255,255,255,0,255,255,255,0,255,255,255,0,255,255,255,0,255,255,255,0,255,255,255,0,255,255,255,0,255,255,255,0,255,255,255,0,255,255,255,0,255,255,255,0,255,255,255,0,255,255,255,0,255,255,255,0,255,255,255,0,255,255,255,0,255,255,255,0,255,255,255,0,255,255,255,0,255,255,255,0,255,255,255,0,255,255,255,0,255,255,255,0,255,255,255,0,255,255,255,0,255,255,255,0,255,255,255,0,255,255,255,0,255,255,255,0,255,255,255,0,255,255,255,0,255,255,255,0,255,255,255,0,255,255,255,0,255,255,255,0,255,255,255,0,255,255,255,0,255,255,255,0,255,255,255,0,255,255,255,0,255,255,255,0,255,255,255,0,255,255,255,0,
255,255,255,0,255,255,255,0,255,255,255,0,255,255,255,0,255,255,255,0,255,255,255,0,255,255,255,0,255,255,255,0,255,255,255,0,255,255,255,0,255,255,255,0,255,255,255,0,255,255,255,0,255,255,255,0,255,255,255,0,255,255,255,0,255,255,255,0,255,255,255,0,255,255,255,0,255,255,255,0,255,255,255,0,255,255,255,0,255,255,255,0,255,255,255,0,255,255,255,0,255,255,255,0,255,255,255,0,255,255,255,0,255,255,255,0,255,255,255,0,255,255,255,0,255,255,255,0,255,255,255,0,255,255,255,0,255,255,255,0,255,255,255,0,255,255,255,0,255,255,255,0,255,254,252,111,137,101,71,249,147,92,50,255,152,90,47,255,183,116,68,255,231,152,101,255,232,149,95,255,254,168,117,255,251,168,119,255,253,173,126,255,245,168,124,255,253,173,126,255,254,172,124,255,254,172,124,255,254,172,124,255,254,172,124,255,254,172,124,255,254,172,124,255,254,172,124,255,255,174,124,255,253,171,121,255,254,174,126,255,255,180,130,255,249,174,126,255,248,175,126,255,250,180,131,255,249,184,137,255,253,193,150,255,206,154,119,247,133,85,43,255,133,87,46,255,144,100,56,251,137,96,52,255,126,85,56,253,159,123,96,253,202,183,168,228,255,255,255,42,255,255,255,0,255,255,255,0,255,255,255,0,255,255,255,0,255,255,255,0,255,255,255,0,253,252,251,131,180,160,147,247,125,89,58,255,106,63,25,255,120,81,41,255,106,69,33,255,60,33,3,255,114,96,73,249,247,246,244,113,255,255,255,0,255,255,255,0,255,255,255,0,99,77,64,253,114,92,74,255,253,252,252,108,255,255,255,0,255,255,255,0,255,255,255,0,255,255,255,0,255,255,255,0,255,255,255,52,241,209,192,255,140,96,72,253,135,90,58,255,119,80,38,255,143,96,47,255,175,110,60,255,204,132,85,255,249,182,138,255,241,178,138,255,255,197,160,255,255,194,156,255,246,173,129,255,245,168,121,255,249,175,124,255,249,175,122,255,250,174,124,255,250,172,123,255,249,172,127,255,243,164,118,255,245,159,106,255,227,155,109,255,157,118,93,255,96,76,67,255,79,68,65,255,77,72,73,255,80,77,80,255,98,90,86,255,133,110,97,255,157,124,101,255,144,101,72,255,133,83,49,255,157,106,76,251,142,103,82,251,255,255,254,48,255,255,255,0,255,255,255,0,255,255,255,0,255,255,255,0,255,255,255,0,255,255,255,0,255,255,255,0,255,255,255,0,255,255,255,0,255,255,255,0,255,255,255,0,255,255,255,0,255,255,255,0,255,255,255,0,255,255,255,0,255,255,255,0,255,255,255,0,255,255,255,0,255,255,255,0,255,255,255,0,255,255,255,0,255,255,255,0,255,255,255,0,255,255,255,0,255,255,255,0,255,255,255,0,255,255,255,0,255,255,255,0,255,255,255,0,255,255,255,0,255,255,255,0,255,255,255,0,255,255,255,0,255,255,255,0,255,255,255,0,255,255,255,0,255,255,255,0,255,255,255,0,255,255,255,0,255,255,255,0,255,255,255,0,255,255,255,0,255,255,255,0,255,255,255,0,255,255,255,0,255,255,255,0,255,255,255,0,255,255,255,0,255,255,255,0,255,255,255,0,255,255,255,0,255,255,255,0,255,255,255,0,255,255,255,0,255,255,255,0,255,255,255,0,255,255,255,0,255,255,255,0,255,255,255,0,
255,255,255,0,255,255,255,0,255,255,255,0,255,255,255,0,255,255,255,0,255,255,255,0,255,255,255,0,255,255,255,0,255,255,255,0,255,255,255,0,255,255,255,0,255,255,255,0,255,255,255,0,255,255,255,0,255,255,255,0,255,255,255,0,255,255,255,0,255,255,255,0,255,255,255,0,255,255,255,0,255,255,255,0,255,255,255,0,255,255,255,0,255,255,255,0,255,255,255,0,255,255,255,0,255,255,255,0,255,255,255,0,255,255,255,0,255,255,255,0,255,255,255,0,255,255,255,0,255,255,255,0,255,255,255,0,255,255,255,0,255,255,255,0,255,255,255,0,255,255,255,0,255,255,255,16,109,74,50,255,128,79,44,255,139,82,41,255,171,105,60,255,214,138,87,255,220,135,84,255,246,156,106,255,253,164,117,255,255,174,129,255,249,170,124,255,254,172,124,255,254,172,124,255,254,172,124,255,254,172,124,255,254,172,124,255,254,172,124,255,254,172,124,255,254,172,124,255,253,171,121,255,255,174,124,255,254,174,126,255,249,171,122,255,246,172,124,255,249,179,134,255,255,188,144,255,246,185,141,255,255,205,167,255,199,144,106,255,127,80,37,251,131,79,38,253,131,84,38,255,140,91,53,253,130,82,43,255,138,92,61,253,112,81,47,251,169,141,118,255,225,212,204,230,227,212,205,237,90,68,54,247,161,143,119,251,254,253,251,127,253,248,241,211,150,127,112,249,68,37,12,255,126,86,52,255,134,93,51,251,113,74,34,255,118,83,47,255,74,44,12,255,91,65,39,255,86,65,41,255,184,172,161,217,255,255,255,0,255,255,255,0,78,49,25,255,114,88,65,253,246,239,232,224,255,255,255,2,255,255,255,0,255,255,255,0,255,255,255,17,243,233,225,211,128,97,77,255,117,77,58,253,145,99,71,251,145,99,62,255,106,63,15,255,140,90,37,255,187,116,67,255,217,144,98,255,253,194,157,255,255,206,171,255,255,196,161,255,250,184,147,255,255,179,136,255,250,172,123,255,249,171,122,255,248,170,121,255,250,174,124,255,253,173,124,255,255,175,129,255,250,169,121,255,241,157,103,255,214,144,99,255,129,92,68,255,104,87,76,255,88,78,77,255,101,96,98,255,118,110,106,255,137,118,106,255,144,112,89,255,112,66,38,253,138,87,48,255,147,92,58,253,135,82,40,255,133,93,65,253,253,252,252,85,255,255,255,0,255,255,255,0,255,255,255,0,255,255,255,0,255,255,255,0,255,255,255,0,255,255,255,0,255,255,255,0,255,255,255,0,255,255,255,0,255,255,255,0,255,255,255,0,255,255,255,0,255,255,255,0,255,255,255,0,255,255,255,0,255,255,255,0,255,255,255,0,255,255,255,0,255,255,255,0,255,255,255,0,255,255,255,0,255,255,255,0,255,255,255,0,255,255,255,0,255,255,255,0,255,255,255,0,255,255,255,0,255,255,255,0,255,255,255,0,255,255,255,0,255,255,255,0,255,255,255,0,255,255,255,0,255,255,255,0,255,255,255,0,255,255,255,0,255,255,255,0,255,255,255,0,255,255,255,0,255,255,255,0,255,255,255,0,255,255,255,0,255,255,255,0,255,255,255,0,255,255,255,0,255,255,255,0,255,255,255,0,255,255,255,0,255,255,255,0,255,255,255,0,255,255,255,0,255,255,255,0,255,255,255,0,255,255,255,0,255,255,255,0,255,255,255,0,255,255,255,0,255,255,255,0,
255,255,255,0,255,255,255,0,255,255,255,0,255,255,255,0,255,255,255,0,255,255,255,0,255,255,255,0,255,255,255,0,255,255,255,0,255,255,255,0,255,255,255,0,255,255,255,0,255,255,255,0,255,255,255,0,255,255,255,0,255,255,255,0,255,255,255,0,255,255,255,0,255,255,255,0,255,255,255,0,255,255,255,0,255,255,255,0,255,255,255,0,255,255,255,0,255,255,255,0,255,255,255,0,255,255,255,0,255,255,255,0,255,255,255,0,255,255,255,0,255,255,255,0,255,255,255,0,255,255,255,0,255,255,255,0,255,255,255,0,255,255,255,0,255,255,255,0,255,255,255,0,255,255,255,0,228,203,193,249,150,111,86,255,140,89,52,255,161,98,52,255,203,129,81,255,218,134,84,255,248,155,104,255,250,159,110,255,255,171,124,255,255,176,130,255,253,171,123,255,253,171,123,255,253,171,123,255,253,171,123,255,253,171,123,255,253,171,123,255,253,171,123,255,253,171,123,255,254,173,122,255,255,174,124,255,253,173,122,255,248,170,121,255,243,172,123,255,249,181,135,255,255,193,151,255,254,191,152,255,255,203,168,255,227,167,130,255,169,103,58,255,175,108,64,253,167,103,60,255,170,114,78,247,151,102,65,247,139,87,50,255,122,73,36,255,143,100,68,255,173,136,114,255,155,120,100,255,92,55,26,255,131,94,65,253,168,140,113,255,169,141,116,255,90,56,31,255,101,71,46,245,115,76,44,255,116,78,48,253,104,65,31,255,97,65,29,253,85,52,19,255,100,71,42,249,77,52,26,255,93,72,47,255,135,118,96,245,166,146,125,230,112,78,44,255,119,87,61,253,118,99,80,255,140,117,103,251,169,142,124,249,170,135,115,255,177,148,124,247,149,117,89,255,133,88,61,253,133,87,52,255,119,75,36,255,134,86,44,255,147,91,46,255,181,113,65,255,220,142,89,255,239,165,117,255,251,199,164,255,255,211,181,255,253,198,166,255,255,193,156,255,243,171,125,255,249,171,122,255,249,171,122,255,248,168,120,255,253,173,124,255,253,171,123,255,251,170,120,255,251,171,118,255,249,166,111,255,227,154,103,255,182,127,86,255,142,108,83,255,145,135,127,255,135,129,124,255,141,118,103,255,152,117,90,255,134,90,55,255,142,88,50,253,153,96,53,255,149,93,49,255,140,90,49,255,122,86,55,255,253,252,252,87,255,255,255,0,255,255,255,0,255,255,255,0,255,255,255,0,255,255,255,0,255,255,255,0,255,255,255,0,255,255,255,0,255,255,255,0,255,255,255,0,255,255,255,0,255,255,255,0,255,255,255,0,255,255,255,0,255,255,255,0,255,255,255,0,255,255,255,0,255,255,255,0,255,255,255,0,255,255,255,0,255,255,255,0,255,255,255,0,255,255,255,0,255,255,255,0,255,255,255,0,255,255,255,0,255,255,255,0,255,255,255,0,255,255,255,0,255,255,255,0,255,255,255,0,255,255,255,0,255,255,255,0,255,255,255,0,255,255,255,0,255,255,255,0,255,255,255,0,255,255,255,0,255,255,255,0,255,255,255,0,255,255,255,0,255,255,255,0,255,255,255,0,255,255,255,0,255,255,255,0,255,255,255,0,255,255,255,0,255,255,255,0,255,255,255,0,255,255,255,0,255,255,255,0,255,255,255,0,255,255,255,0,255,255,255,0,255,255,255,0,255,255,255,0,255,255,255,0,255,255,255,0,255,255,255,0,
255,255,255,0,255,255,255,0,255,255,255,0,255,255,255,0,255,255,255,0,255,255,255,0,255,255,255,0,255,255,255,0,255,255,255,0,255,255,255,0,255,255,255,0,255,255,255,0,255,255,255,0,255,255,255,0,255,255,255,0,255,255,255,0,255,255,255,0,255,255,255,0,255,255,255,0,255,255,255,0,255,255,255,0,255,255,255,0,255,255,255,0,255,255,255,0,255,255,255,0,255,255,255,0,255,255,255,0,255,255,255,0,255,255,255,0,255,255,255,0,255,255,255,0,255,255,255,0,255,255,255,0,255,255,255,0,255,255,255,0,255,255,255,0,255,255,255,0,255,255,255,0,255,255,255,0,251,245,240,178,177,149,125,249,142,93,56,255,155,94,48,255,192,120,72,255,212,129,78,255,245,155,103,255,248,157,106,255,253,169,122,255,253,173,126,255,253,171,123,255,253,171,123,255,253,171,123,255,253,171,123,255,253,171,123,255,253,171,123,255,253,171,123,255,253,171,123,255,255,176,126,255,255,174,124,255,253,173,122,255,253,176,127,255,249,174,126,255,249,177,133,255,253,188,148,255,250,189,152,255,255,206,172,255,227,174,137,253,187,124,85,251,184,114,67,255,186,114,75,249,169,101,60,255,145,86,47,255,145,90,53,253,152,107,67,249,147,98,60,255,148,99,73,251,140,94,65,255,118,76,46,253,118,77,46,253,118,80,47,255,106,76,39,251,99,60,26,255,103,65,31,255,114,75,45,253,108,71,36,255,99,62,27,251,94,56,21,255,90,55,19,255,88,53,21,255,92,64,35,247,82,55,21,255,93,62,33,251,104,71,33,255,140,101,60,255,123,86,48,255,73,47,18,253,92,65,42,253,138,95,65,251,148,98,67,255,135,92,58,255,138,94,62,253,146,98,64,253,157,107,71,251,102,56,12,255,134,80,40,253,176,110,65,255,209,133,84,255,228,145,86,255,255,178,126,255,255,220,188,255,253,212,189,255,246,196,167,255,250,190,155,255,239,171,128,255,246,171,126,255,250,171,127,255,250,168,123,255,253,171,123,255,251,170,122,255,248,169,118,255,248,169,118,255,253,174,120,255,230,155,101,255,200,130,81,255,156,103,63,255,101,76,56,255,89,68,52,255,98,58,31,255,105,53,15,255,148,92,47,255,157,98,52,255,160,97,56,253,149,93,47,255,150,107,65,247,134,99,68,251,252,251,251,94,255,255,255,0,255,255,255,0,255,255,255,0,255,255,255,0,255,255,255,0,255,255,255,0,255,255,255,0,255,255,255,0,255,255,255,0,255,255,255,0,255,255,255,0,255,255,255,0,255,255,255,0,255,255,255,0,255,255,255,0,255,255,255,0,255,255,255,0,255,255,255,0,255,255,255,0,255,255,255,0,255,255,255,0,255,255,255,0,255,255,255,0,255,255,255,0,255,255,255,0,255,255,255,0,255,255,255,0,255,255,255,0,255,255,255,0,255,255,255,0,255,255,255,0,255,255,255,0,255,255,255,0,255,255,255,0,255,255,255,0,255,255,255,0,255,255,255,0,255,255,255,0,255,255,255,0,255,255,255,0,255,255,255,0,255,255,255,0,255,255,255,0,255,255,255,0,255,255,255,0,255,255,255,0,255,255,255,0,255,255,255,0,255,255,255,0,255,255,255,0,255,255,255,0,255,255,255,0,255,255,255,0,255,255,255,0,255,255,255,0,255,255,255,0,255,255,255,0,255,255,255,0,255,255,255,0,
255,255,255,0,255,255,255,0,255,255,255,0,255,255,255,0,255,255,255,0,255,255,255,0,255,255,255,0,255,255,255,0,255,255,255,0,255,255,255,0,255,255,255,0,255,255,255,0,255,255,255,0,255,255,255,0,255,255,255,0,255,255,255,0,255,255,255,0,255,255,255,0,255,255,255,0,255,255,255,0,255,255,255,0,255,255,255,0,255,255,255,0,255,255,255,0,255,255,255,0,255,255,255,0,255,255,255,0,255,255,255,0,255,255,255,0,255,255,255,0,255,255,255,0,255,255,255,0,255,255,255,0,255,255,255,0,255,255,255,0,255,255,255,0,255,255,255,0,255,255,255,0,255,255,255,0,254,253,253,95,166,137,117,255,133,87,47,255,152,91,40,255,194,123,72,255,215,135,82,255,246,158,104,255,246,160,105,255,250,169,119,255,249,170,124,255,253,171,123,255,253,171,123,255,253,171,123,255,253,171,123,255,253,171,123,255,253,171,123,255,253,171,123,255,253,171,123,255,250,172,121,255,249,170,119,255,251,171,118,255,253,173,122,255,246,169,122,255,248,174,130,255,255,189,147,255,253,193,154,255,252,197,166,253,245,192,155,255,232,180,146,247,209,147,104,255,179,109,63,255,180,107,65,253,148,95,51,249,140,88,49,253,149,101,58,255,135,92,48,251,118,74,36,255,118,81,43,251,119,76,38,255,109,66,32,253,118,83,47,247,110,71,31,255,105,66,32,253,110,69,33,255,137,99,64,247,118,78,39,255,109,68,26,255,113,71,32,255,119,82,43,251,113,77,39,251,104,65,31,255,97,62,25,255,101,65,29,253,110,69,32,253,140,92,47,255,136,88,49,253,85,47,9,255,98,60,26,255,129,84,47,255,148,106,74,243,119,69,33,255,130,83,47,255,124,80,39,255,125,80,36,255,127,78,28,255,146,90,40,255,184,113,68,255,221,140,92,255,234,146,85,255,249,171,118,255,255,217,190,255,253,214,197,255,250,203,178,255,253,198,166,255,248,189,154,255,250,184,145,255,254,178,137,255,253,172,128,255,253,173,126,255,249,171,122,255,248,170,123,255,246,169,122,255,250,174,124,255,243,164,111,255,218,138,83,255,200,129,77,255,160,107,69,255,147,101,65,255,143,89,45,255,152,91,42,255,183,114,65,253,178,111,62,255,163,102,56,255,161,105,60,255,139,91,43,251,128,91,55,255,254,253,253,74,255,255,255,0,255,255,255,0,255,255,255,0,255,255,255,0,255,255,255,0,255,255,255,0,255,255,255,0,255,255,255,0,255,255,255,0,255,255,255,0,255,255,255,0,255,255,255,0,255,255,255,0,255,255,255,0,255,255,255,0,255,255,255,0,255,255,255,0,255,255,255,0,255,255,255,0,255,255,255,0,255,255,255,0,255,255,255,0,255,255,255,0,255,255,255,0,255,255,255,0,255,255,255,0,255,255,255,0,255,255,255,0,255,255,255,0,255,255,255,0,255,255,255,0,255,255,255,0,255,255,255,0,255,255,255,0,255,255,255,0,255,255,255,0,255,255,255,0,255,255,255,0,255,255,255,0,255,255,255,0,255,255,255,0,255,255,255,0,255,255,255,0,255,255,255,0,255,255,255,0,255,255,255,0,255,255,255,0,255,255,255,0,255,255,255,0,255,255,255,0,255,255,255,0,255,255,255,0,255,255,255,0,255,255,255,0,255,255,255,0,255,255,255,0,255,255,255,0,255,255,255,0,255,255,255,0,
255,255,255,0,255,255,255,0,255,255,255,0,255,255,255,0,255,255,255,0,255,255,255,0,255,255,255,0,255,255,255,0,255,255,255,0,255,255,255,0,255,255,255,0,255,255,255,0,255,255,255,0,255,255,255,0,255,255,255,0,255,255,255,0,255,255,255,0,255,255,255,0,255,255,255,0,255,255,255,0,255,255,255,0,255,255,255,0,255,255,255,0,255,255,255,0,255,255,255,0,255,255,255,0,255,255,255,0,255,255,255,0,255,255,255,0,255,255,255,0,255,255,255,0,255,255,255,0,255,255,255,0,255,255,255,0,255,255,255,0,255,255,255,0,255,255,255,0,255,255,255,0,255,255,255,0,255,255,255,31,164,135,113,253,131,85,46,255,153,95,47,255,197,128,76,255,212,136,82,255,245,164,107,255,248,165,108,255,250,172,123,255,250,171,125,255,253,171,123,255,253,171,123,255,253,171,123,255,253,171,123,255,250,172,123,255,250,172,123,255,250,172,123,255,253,171,123,255,251,170,122,255,255,174,124,255,255,175,123,255,254,175,124,255,250,172,123,255,255,181,135,255,255,192,149,255,253,190,149,255,250,197,160,255,252,204,175,253,255,220,188,255,249,198,163,255,185,123,84,255,172,111,68,255,146,94,48,251,135,87,43,255,140,95,50,255,129,87,41,255,123,80,42,253,119,75,34,255,115,72,31,255,121,80,36,255,121,80,36,255,120,78,40,253,112,73,31,255,127,93,48,251,127,84,44,255,132,87,47,255,135,89,47,255,131,85,43,255,141,98,55,251,130,84,44,255,137,91,58,253,135,91,53,255,135,89,48,255,128,80,36,255,138,84,42,253,133,84,36,255,122,81,37,255,124,85,47,253,150,102,63,251,136,87,47,255,121,73,31,255,117,74,35,251,114,71,28,255,126,86,39,251,155,102,50,255,165,102,52,255,197,123,75,255,219,138,91,255,234,152,97,255,229,159,112,255,255,210,185,255,255,218,202,255,249,202,177,255,255,203,173,255,255,208,173,255,255,191,152,255,253,177,134,255,248,168,124,255,249,170,124,255,249,170,124,255,249,172,127,255,246,171,126,255,253,178,130,255,249,170,119,255,245,158,100,255,238,152,97,255,214,142,96,255,209,144,98,255,195,128,76,255,194,125,71,255,217,144,91,255,205,133,84,255,178,114,69,255,155,99,53,255,144,94,47,255,125,90,53,255,255,255,255,22,255,255,255,0,255,255,255,0,255,255,255,0,255,255,255,0,255,255,255,0,255,255,255,0,255,255,255,0,255,255,255,0,255,255,255,0,255,255,255,0,255,255,255,0,255,255,255,0,255,255,255,0,255,255,255,0,255,255,255,0,255,255,255,0,255,255,255,0,255,255,255,0,255,255,255,0,255,255,255,0,255,255,255,0,255,255,255,0,255,255,255,0,255,255,255,0,255,255,255,0,255,255,255,0,255,255,255,0,255,255,255,0,255,255,255,0,255,255,255,0,255,255,255,0,255,255,255,0,255,255,255,0,255,255,255,0,255,255,255,0,255,255,255,0,255,255,255,0,255,255,255,0,255,255,255,0,255,255,255,0,255,255,255,0,255,255,255,0,255,255,255,0,255,255,255,0,255,255,255,0,255,255,255,0,255,255,255,0,255,255,255,0,255,255,255,0,255,255,255,0,255,255,255,0,255,255,255,0,255,255,255,0,255,255,255,0,255,255,255,0,255,255,255,0,255,255,255,0,255,255,255,0,255,255,255,0,
255,255,255,0,255,255,255,0,255,255,255,0,255,255,255,0,255,255,255,0,255,255,255,0,255,255,255,0,255,255,255,0,255,255,255,0,255,255,255,0,255,255,255,0,255,255,255,0,255,255,255,0,255,255,255,0,255,255,255,0,255,255,255,0,255,255,255,0,255,255,255,0,255,255,255,0,255,255,255,0,255,255,255,0,255,255,255,0,255,255,255,0,255,255,255,0,255,255,255,0,255,255,255,0,255,255,255,0,255,255,255,0,255,255,255,0,255,255,255,0,255,255,255,0,255,255,255,0,255,255,255,0,255,255,255,0,255,255,255,0,255,255,255,0,255,255,255,0,255,255,255,0,255,255,255,0,255,255,255,3,174,145,125,255,138,92,55,255,150,91,44,255,181,119,77,251,197,125,74,255,241,165,108,253,241,161,110,251,255,176,130,255,249,170,126,255,251,169,124,255,254,172,124,255,249,168,118,255,250,172,123,255,250,173,123,255,249,172,125,255,249,172,125,255,250,171,125,255,253,171,123,255,253,171,121,255,250,173,119,255,250,172,121,255,249,171,122,255,255,177,130,255,250,177,129,255,254,190,145,255,251,197,163,255,249,203,175,255,253,212,187,255,241,201,175,255,215,172,143,255,196,149,115,255,128,80,40,255,142,92,52,255,142,94,50,255,129,84,37,255,122,76,32,255,123,78,33,255,125,80,36,255,125,80,37,255,126,81,38,255,121,77,36,255,123,84,37,255,123,84,37,255,126,83,37,255,129,81,37,255,137,87,43,255,134,84,41,255,133,83,40,255,135,85,42,255,132,81,41,255,135,82,42,255,137,84,44,255,135,82,40,255,138,86,41,255,136,89,42,255,119,79,31,255,120,82,36,255,130,85,40,255,129,81,39,255,124,76,36,255,121,73,29,255,134,87,40,255,140,89,41,255,165,107,60,255,177,110,62,255,197,119,68,255,224,148,99,255,248,186,143,255,249,198,163,255,251,205,179,255,255,209,186,255,249,198,171,255,254,195,162,255,255,189,146,255,255,180,132,255,255,176,128,255,248,166,119,255,246,165,119,255,255,176,130,255,250,173,128,255,246,171,126,255,249,172,127,255,247,171,121,253,248,163,107,255,236,155,98,253,226,147,99,255,224,155,104,251,200,131,74,253,201,126,68,255,210,132,77,255,189,115,67,255,167,104,58,255,150,96,52,255,138,90,49,255,181,163,144,209,255,255,255,3,255,255,255,0,255,255,255,0,255,255,255,0,255,255,255,0,255,255,255,0,255,255,255,0,255,255,255,0,255,255,255,0,255,255,255,0,255,255,255,0,255,255,255,0,255,255,255,0,255,255,255,0,255,255,255,0,255,255,255,0,255,255,255,0,255,255,255,0,255,255,255,0,255,255,255,0,255,255,255,0,255,255,255,0,255,255,255,0,255,255,255,0,255,255,255,0,255,255,255,0,255,255,255,0,255,255,255,0,255,255,255,0,255,255,255,0,255,255,255,0,255,255,255,0,255,255,255,0,255,255,255,0,255,255,255,0,255,255,255,0,255,255,255,0,255,255,255,0,255,255,255,0,255,255,255,0,255,255,255,0,255,255,255,0,255,255,255,0,255,255,255,0,255,255,255,0,255,255,255,0,255,255,255,0,255,255,255,0,255,255,255,0,255,255,255,0,255,255,255,0,255,255,255,0,255,255,255,0,255,255,255,0,255,255,255,0,255,255,255,0,255,255,255,0,255,255,255,0,255,255,255,0,255,255,255,0,
255,255,255,0,255,255,255,0,255,255,255,0,255,255,255,0,255,255,255,0,255,255,255,0,255,255,255,0,255,255,255,0,255,255,255,0,255,255,255,0,255,255,255,0,255,255,255,0,255,255,255,0,255,255,255,0,255,255,255,0,255,255,255,0,255,255,255,0,255,255,255,0,255,255,255,0,255,255,255,0,255,255,255,0,255,255,255,0,255,255,255,0,255,255,255,0,255,255,255,0,255,255,255,0,255,255,255,0,255,255,255,0,255,255,255,0,255,255,255,0,255,255,255,0,255,255,255,0,255,255,255,0,255,255,255,0,255,255,255,0,255,255,255,0,255,255,255,0,255,255,255,0,255,255,255,0,255,255,255,0,165,143,128,255,137,99,71,255,142,92,53,255,179,116,73,253,197,128,81,255,217,144,91,253,239,156,104,255,255,177,130,255,252,178,136,251,255,174,127,255,255,174,127,255,253,171,123,255,250,172,123,255,250,173,123,255,249,172,125,255,249,172,125,255,250,171,125,255,255,173,126,255,255,174,124,255,254,175,122,255,254,175,124,255,253,173,124,255,250,172,123,255,245,170,118,255,251,181,134,255,255,200,161,255,255,205,172,255,255,217,189,255,255,228,201,255,255,236,209,255,238,191,161,255,132,81,46,255,133,81,41,255,145,95,52,255,134,86,42,255,129,81,37,255,131,84,40,255,131,84,40,255,136,87,44,255,143,95,52,255,143,97,53,255,124,84,37,255,124,84,37,255,128,82,37,255,131,81,37,255,144,92,49,255,143,90,48,255,140,90,47,255,141,91,48,255,140,87,48,255,143,88,49,255,146,91,49,255,143,88,47,255,143,91,47,255,140,92,47,255,127,84,37,255,129,87,39,255,126,78,36,255,128,80,38,255,131,84,40,255,134,87,40,255,152,100,53,255,162,103,56,255,188,123,76,255,201,129,83,255,192,114,62,255,239,165,117,255,255,225,185,255,255,234,201,255,255,204,174,255,255,203,173,255,255,202,173,255,251,191,157,255,245,174,129,255,241,167,114,255,248,171,119,255,250,172,121,255,255,174,127,255,255,174,127,255,249,170,124,255,254,174,128,255,255,174,129,255,255,172,122,255,252,172,120,251,254,167,110,255,255,173,122,255,255,171,119,255,226,149,93,255,224,151,102,249,199,124,80,251,181,113,69,255,140,87,50,255,118,77,50,253,142,116,93,235,255,255,255,30,255,255,255,0,255,255,255,0,255,255,255,0,255,255,255,0,255,255,255,0,255,255,255,0,255,255,255,0,255,255,255,0,255,255,255,0,255,255,255,0,255,255,255,0,255,255,255,0,255,255,255,0,255,255,255,0,255,255,255,0,255,255,255,0,255,255,255,0,255,255,255,0,255,255,255,0,255,255,255,0,255,255,255,0,255,255,255,0,255,255,255,0,255,255,255,0,255,255,255,0,255,255,255,0,255,255,255,0,255,255,255,0,255,255,255,0,255,255,255,0,255,255,255,0,255,255,255,0,255,255,255,0,255,255,255,0,255,255,255,0,255,255,255,0,255,255,255,0,255,255,255,0,255,255,255,0,255,255,255,0,255,255,255,0,255,255,255,0,255,255,255,0,255,255,255,0,255,255,255,0,255,255,255,0,255,255,255,0,255,255,255,0,255,255,255,0,255,255,255,0,255,255,255,0,255,255,255,0,255,255,255,0,255,255,255,0,255,255,255,0,255,255,255,0,255,255,255,0,255,255,255,0,255,255,255,0,255,255,255,0,
255,255,255,0,255,255,255,0,255,255,255,0,255,255,255,0,255,255,255,0,255,255,255,0,255,255,255,0,255,255,255,0,255,255,255,0,255,255,255,0,255,255,255,0,255,255,255,0,255,255,255,0,255,255,255,0,255,255,255,0,255,255,255,0,255,255,255,0,255,255,255,0,255,255,255,0,255,255,255,0,255,255,255,0,255,255,255,0,255,255,255,0,255,255,255,0,255,255,255,0,255,255,255,0,255,255,255,0,255,255,255,0,255,255,255,0,255,255,255,0,255,255,255,0,255,255,255,0,255,255,255,0,255,255,255,0,255,255,255,0,255,255,255,0,255,255,255,0,255,255,255,0,255,255,255,0,255,255,255,0,236,228,226,207,146,123,113,249,126,91,68,255,161,105,67,255,177,111,68,249,206,129,82,255,216,133,84,255,233,151,96,253,251,164,111,255,248,162,111,255,250,167,120,255,255,175,131,255,249,169,125,255,250,172,123,255,250,172,123,255,253,171,125,255,253,171,123,255,255,172,122,255,255,172,120,255,254,173,120,255,254,173,120,255,254,173,122,255,250,169,119,255,248,167,115,255,249,172,118,255,245,175,125,255,241,174,128,255,230,168,127,255,218,161,123,255,194,140,106,255,181,128,93,255,130,76,34,255,143,88,47,255,141,91,50,255,138,90,52,255,141,91,50,255,139,87,48,255,132,82,39,255,133,83,40,255,137,87,43,255,133,85,41,255,132,87,44,255,132,87,44,255,135,85,44,255,137,84,44,255,142,87,48,255,142,89,49,255,139,87,48,255,138,87,47,255,138,85,45,255,139,86,47,255,142,89,47,255,139,87,44,255,140,87,47,255,138,87,44,255,134,84,41,255,133,85,41,255,133,85,43,255,135,87,46,255,137,90,47,255,143,91,44,255,161,105,58,255,168,106,55,255,193,123,74,255,201,126,78,255,228,152,102,255,243,165,118,255,255,183,142,255,255,189,148,255,250,184,147,255,250,187,151,255,255,197,160,255,246,183,144,255,250,186,142,255,246,181,132,255,245,175,123,255,253,179,126,255,254,175,122,255,249,168,116,255,249,165,113,255,255,169,118,255,243,161,110,251,241,151,100,255,237,154,105,249,235,146,90,255,236,151,95,253,232,147,96,255,204,124,73,255,195,121,73,255,191,120,77,255,166,108,75,253,109,77,61,253,156,146,139,213,255,255,255,16,255,255,255,0,255,255,255,0,255,255,255,0,255,255,255,0,255,255,255,0,255,255,255,0,255,255,255,0,255,255,255,0,255,255,255,0,255,255,255,0,255,255,255,0,255,255,255,0,255,255,255,0,255,255,255,0,255,255,255,0,255,255,255,0,255,255,255,0,255,255,255,0,255,255,255,0,255,255,255,0,255,255,255,0,255,255,255,0,255,255,255,0,255,255,255,0,255,255,255,0,255,255,255,0,255,255,255,0,255,255,255,0,255,255,255,0,255,255,255,0,255,255,255,0,255,255,255,0,255,255,255,0,255,255,255,0,255,255,255,0,255,255,255,0,255,255,255,0,255,255,255,0,255,255,255,0,255,255,255,0,255,255,255,0,255,255,255,0,255,255,255,0,255,255,255,0,255,255,255,0,255,255,255,0,255,255,255,0,255,255,255,0,255,255,255,0,255,255,255,0,255,255,255,0,255,255,255,0,255,255,255,0,255,255,255,0,255,255,255,0,255,255,255,0,255,255,255,0,255,255,255,0,255,255,255,0,255,255,255,0,255,255,255,0,
255,255,255,0,255,255,255,0,255,255,255,0,255,255,255,0,255,255,255,0,255,255,255,0,255,255,255,0,255,255,255,0,255,255,255,0,255,255,255,0,255,255,255,0,255,255,255,0,255,255,255,0,255,255,255,0,255,255,255,0,255,255,255,0,255,255,255,0,255,255,255,0,255,255,255,0,255,255,255,0,255,255,255,0,255,255,255,0,255,255,255,0,255,255,255,0,255,255,255,0,255,255,255,0,255,255,255,0,255,255,255,0,255,255,255,0,255,255,255,0,255,255,255,0,255,255,255,0,255,255,255,0,255,255,255,0,255,255,255,0,255,255,255,0,255,255,255,0,255,255,255,0,255,255,255,0,255,255,255,0,255,255,255,26,91,83,79,255,111,88,75,249,134,89,60,255,156,94,55,255,189,116,74,255,208,132,89,251,225,140,87,255,238,150,95,255,249,164,110,255,255,172,122,255,255,181,136,255,254,174,128,255,253,173,124,255,253,173,124,255,253,173,126,255,253,173,126,255,249,169,121,255,249,169,121,255,249,169,121,255,249,169,121,255,253,171,123,255,255,172,122,255,255,172,115,255,249,166,109,255,230,150,95,255,214,138,86,255,201,130,81,255,176,110,65,255,120,62,21,255,133,78,38,255,142,86,42,255,146,89,47,255,134,84,41,255,142,92,52,255,149,94,55,255,146,91,49,255,137,85,42,255,137,85,40,255,140,87,44,255,137,87,43,255,140,92,50,255,141,90,52,255,143,90,52,255,144,89,52,255,142,86,50,255,146,90,53,255,143,90,52,255,138,87,47,255,139,86,47,255,140,87,48,255,143,90,48,255,140,87,47,255,145,93,50,255,142,89,49,255,143,90,50,255,142,89,49,255,141,90,52,255,145,94,53,255,149,99,56,255,155,101,55,255,172,112,63,255,179,114,65,255,206,134,86,255,216,140,91,255,255,175,127,255,255,177,129,255,243,161,113,255,238,161,114,255,243,171,129,255,238,171,132,255,248,183,143,255,254,189,149,255,255,194,150,255,255,191,144,255,254,181,130,255,255,178,125,255,255,172,115,255,255,170,114,255,255,170,114,255,255,168,113,255,245,155,101,255,241,151,100,255,241,159,104,253,233,155,102,253,229,148,98,255,225,151,103,255,200,136,98,251,190,129,93,255,179,128,99,251,133,93,69,255,161,156,148,206,255,255,255,5,255,255,255,0,255,255,255,0,255,255,255,0,255,255,255,0,255,255,255,0,255,255,255,0,255,255,255,0,255,255,255,0,255,255,255,0,255,255,255,0,255,255,255,0,255,255,255,0,255,255,255,0,255,255,255,0,255,255,255,0,255,255,255,0,255,255,255,0,255,255,255,0,255,255,255,0,255,255,255,0,255,255,255,0,255,255,255,0,255,255,255,0,255,255,255,0,255,255,255,0,255,255,255,0,255,255,255,0,255,255,255,0,255,255,255,0,255,255,255,0,255,255,255,0,255,255,255,0,255,255,255,0,255,255,255,0,255,255,255,0,255,255,255,0,255,255,255,0,255,255,255,0,255,255,255,0,255,255,255,0,255,255,255,0,255,255,255,0,255,255,255,0,255,255,255,0,255,255,255,0,255,255,255,0,255,255,255,0,255,255,255,0,255,255,255,0,255,255,255,0,255,255,255,0,255,255,255,0,255,255,255,0,255,255,255,0,255,255,255,0,255,255,255,0,255,255,255,0,255,255,255,0,255,255,255,0,255,255,255,0,255,255,255,0,255,255,255,0,
255,255,255,0,255,255,255,0,255,255,255,0,255,255,255,0,255,255,255,0,255,255,255,0,255,255,255,0,255,255,255,0,255,255,255,0,255,255,255,0,255,255,255,0,255,255,255,0,255,255,255,0,255,255,255,0,255,255,255,0,255,255,255,0,255,255,255,0,255,255,255,0,255,255,255,0,255,255,255,0,255,255,255,0,255,255,255,0,255,255,255,0,255,255,255,0,255,255,255,0,255,255,255,0,255,255,255,0,255,255,255,0,255,255,255,0,255,255,255,0,255,255,255,0,255,255,255,0,255,255,255,0,255,255,255,0,255,255,255,0,255,255,255,0,255,255,255,0,255,255,255,0,255,255,255,0,255,255,255,0,255,255,255,0,255,255,255,6,138,122,113,251,143,115,96,247,139,93,65,255,149,89,49,255,184,114,67,255,198,125,74,255,209,131,76,255,212,129,76,255,228,145,94,255,234,151,99,255,239,156,104,255,255,177,127,255,245,168,119,255,250,175,128,255,254,180,134,255,255,185,143,255,251,180,140,255,255,184,144,255,251,179,137,255,255,178,133,255,255,175,125,255,246,162,104,255,238,151,91,255,231,144,92,255,216,133,84,255,195,121,73,255,177,111,65,255,140,83,40,255,145,93,48,255,144,87,41,255,141,87,38,255,140,89,39,255,151,100,50,255,162,103,56,255,158,99,55,255,154,100,53,255,154,99,55,255,135,81,37,255,140,87,44,255,140,90,47,255,140,90,49,255,142,89,49,255,143,88,49,255,141,86,47,255,145,87,49,255,146,90,52,255,144,89,50,255,143,90,50,255,140,87,48,255,139,86,47,255,142,89,49,255,140,87,48,255,140,87,50,255,142,86,50,255,140,87,50,255,138,85,47,255,143,90,50,255,149,94,53,255,159,100,55,255,168,105,58,255,177,110,62,255,193,118,71,255,207,129,77,255,235,150,99,255,245,157,104,255,238,153,98,255,235,157,106,255,254,183,141,255,251,183,147,255,255,188,149,255,253,184,141,255,255,179,134,255,253,171,123,255,251,166,115,255,241,153,101,255,241,152,96,255,238,149,92,255,236,148,91,255,234,147,90,255,226,145,95,249,213,136,82,253,202,123,74,255,185,113,67,255,177,116,73,255,161,108,76,251,134,95,67,255,122,91,69,253,141,117,100,243,253,252,252,62,255,255,255,0,255,255,255,0,255,255,255,0,255,255,255,0,255,255,255,0,255,255,255,0,255,255,255,0,255,255,255,0,255,255,255,0,255,255,255,0,255,255,255,0,255,255,255,0,255,255,255,0,255,255,255,0,255,255,255,0,255,255,255,0,255,255,255,0,255,255,255,0,255,255,255,0,255,255,255,0,255,255,255,0,255,255,255,0,255,255,255,0,255,255,255,0,255,255,255,0,255,255,255,0,255,255,255,0,255,255,255,0,255,255,255,0,255,255,255,0,255,255,255,0,255,255,255,0,255,255,255,0,255,255,255,0,255,255,255,0,255,255,255,0,255,255,255,0,255,255,255,0,255,255,255,0,255,255,255,0,255,255,255,0,255,255,255,0,255,255,255,0,255,255,255,0,255,255,255,0,255,255,255,0,255,255,255,0,255,255,255,0,255,255,255,0,255,255,255,0,255,255,255,0,255,255,255,0,255,255,255,0,255,255,255,0,255,255,255,0,255,255,255,0,255,255,255,0,255,255,255,0,255,255,255,0,255,255,255,0,255,255,255,0,255,255,255,0,255,255,255,0,255,255,255,0,
255,255,255,0,255,255,255,0,255,255,255,0,255,255,255,0,255,255,255,0,255,255,255,0,255,255,255,0,255,255,255,0,255,255,255,0,255,255,255,0,255,255,255,0,255,255,255,0,255,255,255,0,255,255,255,0,255,255,255,0,255,255,255,0,255,255,255,0,255,255,255,0,255,255,255,0,255,255,255,0,255,255,255,0,255,255,255,0,255,255,255,0,255,255,255,0,255,255,255,0,255,255,255,0,255,255,255,0,255,255,255,0,255,255,255,0,255,255,255,0,255,255,255,0,255,255,255,0,255,255,255,0,255,255,255,0,255,255,255,0,255,255,255,0,255,255,255,0,255,255,255,0,255,255,255,0,255,255,255,0,255,255,255,0,255,255,255,0,255,255,255,19,171,161,156,213,140,111,93,247,133,87,56,255,150,93,56,253,192,127,80,255,202,135,84,253,191,118,67,255,209,130,78,255,222,142,89,255,231,151,98,255,254,175,124,255,250,174,124,255,255,177,128,255,255,184,136,255,255,196,151,255,255,193,152,255,255,189,150,255,255,185,145,255,255,187,145,255,253,176,129,255,235,155,98,255,228,145,86,255,232,142,90,255,212,127,77,255,189,113,65,255,178,111,65,255,156,100,55,255,146,94,49,255,141,87,40,255,147,96,48,255,152,103,52,255,155,102,50,255,161,100,53,255,162,99,53,255,160,103,58,255,158,104,58,255,140,85,41,255,146,91,47,255,140,90,47,255,140,90,47,255,142,89,47,255,142,89,47,255,142,87,47,255,141,86,44,255,141,86,44,255,140,85,43,255,142,89,47,255,137,87,43,255,140,87,47,255,142,89,49,255,140,87,48,255,140,87,50,255,140,87,50,255,140,87,50,255,138,87,48,255,143,90,50,255,150,95,55,255,155,99,53,255,166,103,58,255,174,106,58,255,184,114,65,255,200,124,74,255,213,130,77,255,231,145,90,255,234,148,87,255,239,159,104,255,255,186,146,255,253,187,152,255,255,190,150,255,254,183,139,255,255,172,122,255,251,161,109,255,245,155,103,255,235,146,94,255,230,141,89,255,225,139,84,255,225,141,84,255,225,145,90,255,219,141,90,255,198,125,82,255,167,104,68,255,146,96,62,251,137,99,68,249,106,78,52,255,140,126,112,226,242,241,240,108,255,255,255,8,255,255,255,0,255,255,255,0,255,255,255,0,255,255,255,0,255,255,255,0,255,255,255,0,255,255,255,0,255,255,255,0,255,255,255,0,255,255,255,0,255,255,255,0,255,255,255,0,255,255,255,0,255,255,255,0,255,255,255,0,255,255,255,0,255,255,255,0,255,255,255,0,255,255,255,0,255,255,255,0,255,255,255,0,255,255,255,0,255,255,255,0,255,255,255,0,255,255,255,0,255,255,255,0,255,255,255,0,255,255,255,0,255,255,255,0,255,255,255,0,255,255,255,0,255,255,255,0,255,255,255,0,255,255,255,0,255,255,255,0,255,255,255,0,255,255,255,0,255,255,255,0,255,255,255,0,255,255,255,0,255,255,255,0,255,255,255,0,255,255,255,0,255,255,255,0,255,255,255,0,255,255,255,0,255,255,255,0,255,255,255,0,255,255,255,0,255,255,255,0,255,255,255,0,255,255,255,0,255,255,255,0,255,255,255,0,255,255,255,0,255,255,255,0,255,255,255,0,255,255,255,0,255,255,255,0,255,255,255,0,255,255,255,0,255,255,255,0,255,255,255,0,255,255,255,0,255,255,255,0,
255,255,255,0,255,255,255,0,255,255,255,0,255,255,255,0,255,255,255,0,255,255,255,0,255,255,255,0,255,255,255,0,255,255,255,0,255,255,255,0,255,255,255,0,255,255,255,0,255,255,255,0,255,255,255,0,255,255,255,0,255,255,255,0,255,255,255,0,255,255,255,0,255,255,255,0,255,255,255,0,255,255,255,0,255,255,255,0,255,255,255,0,255,255,255,0,255,255,255,0,255,255,255,0,255,255,255,0,255,255,255,0,255,255,255,0,255,255,255,0,255,255,255,0,255,255,255,0,255,255,255,0,255,255,255,0,255,255,255,0,255,255,255,0,255,255,255,0,255,255,255,0,255,255,255,0,255,255,255,0,255,255,255,0,255,255,255,0,255,255,255,0,255,255,255,5,204,198,195,190,120,97,84,255,147,108,84,253,153,96,62,253,155,89,42,255,154,87,41,255,174,106,58,255,204,130,80,255,210,131,82,255,224,148,101,255,229,151,102,255,233,150,100,255,245,163,111,255,255,176,124,255,255,182,131,255,255,181,133,255,255,187,142,255,255,192,149,255,253,184,139,255,248,175,124,255,231,156,102,255,224,139,86,255,206,123,73,255,183,109,60,255,174,106,60,255,148,87,43,255,146,91,47,255,135,85,42,255,133,85,41,255,140,90,45,255,157,103,58,255,175,112,68,255,179,113,72,255,169,110,65,255,163,107,62,255,140,84,38,255,142,88,44,255,143,88,47,255,142,89,47,255,142,89,47,255,140,90,47,255,142,92,49,255,141,91,48,255,141,91,48,255,141,91,48,255,140,92,47,255,136,89,42,255,146,96,50,255,144,92,49,255,140,87,47,255,139,87,48,255,137,89,48,255,136,90,48,255,135,89,47,255,138,90,49,255,145,95,52,255,151,97,53,255,156,100,55,255,164,103,58,255,172,109,62,255,184,119,69,255,196,124,73,255,215,135,80,255,220,134,74,255,238,155,101,255,255,191,153,255,255,191,158,255,255,193,155,255,254,185,140,255,241,157,103,255,232,143,86,255,222,135,82,255,214,129,80,255,201,120,72,255,196,120,73,255,194,123,72,255,192,125,74,255,185,121,76,255,167,117,85,247,122,84,65,255,97,72,60,255,203,197,193,173,254,253,253,52,255,255,255,5,255,255,255,0,255,255,255,0,255,255,255,0,255,255,255,0,255,255,255,0,255,255,255,0,255,255,255,0,255,255,255,0,255,255,255,0,255,255,255,0,255,255,255,0,255,255,255,0,255,255,255,0,255,255,255,0,255,255,255,0,255,255,255,0,255,255,255,0,255,255,255,0,255,255,255,0,255,255,255,0,255,255,255,0,255,255,255,0,255,255,255,0,255,255,255,0,255,255,255,0,255,255,255,0,255,255,255,0,255,255,255,0,255,255,255,0,255,255,255,0,255,255,255,0,255,255,255,0,255,255,255,0,255,255,255,0,255,255,255,0,255,255,255,0,255,255,255,0,255,255,255,0,255,255,255,0,255,255,255,0,255,255,255,0,255,255,255,0,255,255,255,0,255,255,255,0,255,255,255,0,255,255,255,0,255,255,255,0,255,255,255,0,255,255,255,0,255,255,255,0,255,255,255,0,255,255,255,0,255,255,255,0,255,255,255,0,255,255,255,0,255,255,255,0,255,255,255,0,255,255,255,0,255,255,255,0,255,255,255,0,255,255,255,0,255,255,255,0,255,255,255,0,255,255,255,0,255,255,255,0,255,255,255,0,255,255,255,0,
255,255,255,0,255,255,255,0,255,255,255,0,255,255,255,0,255,255,255,0,255,255,255,0,255,255,255,0,255,255,255,0,255,255,255,0,255,255,255,0,255,255,255,0,255,255,255,0,255,255,255,0,255,255,255,0,255,255,255,0,255,255,255,0,255,255,255,0,255,255,255,0,255,255,255,0,255,255,255,0,255,255,255,0,255,255,255,0,255,255,255,0,255,255,255,0,255,255,255,0,255,255,255,0,255,255,255,0,255,255,255,0,255,255,255,0,255,255,255,0,255,255,255,0,255,255,255,0,255,255,255,0,255,255,255,0,255,255,255,0,255,255,255,0,255,255,255,0,255,255,255,0,255,255,255,0,255,255,255,0,255,255,255,0,255,255,255,0,255,255,255,0,255,255,255,0,255,255,255,1,245,244,244,111,122,99,86,253,121,81,55,253,132,81,43,255,128,80,40,255,151,100,60,255,183,126,86,255,182,118,77,255,178,111,65,255,191,117,68,255,199,116,65,255,224,139,86,255,236,154,98,255,245,164,109,255,246,168,117,255,254,180,134,255,246,181,139,255,250,188,145,255,255,199,155,255,230,165,119,255,208,136,90,255,197,125,78,255,178,111,65,255,164,100,55,255,137,80,36,255,137,85,42,255,130,82,41,255,130,84,42,255,125,75,32,255,164,110,67,255,190,128,87,255,183,119,78,255,159,100,58,255,159,102,60,255,142,86,42,255,148,93,49,255,143,88,47,255,142,89,47,255,140,90,47,255,140,90,47,255,135,87,43,255,136,87,44,255,137,90,47,255,141,92,47,255,145,95,47,255,145,93,47,255,155,101,55,255,149,95,50,255,140,87,47,255,139,89,47,255,137,89,48,255,136,90,48,255,131,87,44,255,135,89,47,255,138,90,49,255,144,93,50,255,149,97,52,255,153,98,52,255,159,103,55,255,170,110,62,255,173,105,56,255,196,123,69,255,217,133,74,255,238,158,105,255,255,196,158,255,253,195,162,255,255,194,156,255,255,186,139,255,219,140,83,255,204,125,67,255,188,118,71,255,176,112,74,255,166,106,72,255,168,110,75,255,164,111,74,255,155,104,67,255,146,97,65,253,117,81,53,255,101,84,77,245,248,248,248,85,255,255,255,3,255,255,255,0,255,255,255,0,255,255,255,0,255,255,255,0,255,255,255,0,255,255,255,0,255,255,255,0,255,255,255,0,255,255,255,0,255,255,255,0,255,255,255,0,255,255,255,0,255,255,255,0,255,255,255,0,255,255,255,0,255,255,255,0,255,255,255,0,255,255,255,0,255,255,255,0,255,255,255,0,255,255,255,0,255,255,255,0,255,255,255,0,255,255,255,0,255,255,255,0,255,255,255,0,255,255,255,0,255,255,255,0,255,255,255,0,255,255,255,0,255,255,255,0,255,255,255,0,255,255,255,0,255,255,255,0,255,255,255,0,255,255,255,0,255,255,255,0,255,255,255,0,255,255,255,0,255,255,255,0,255,255,255,0,255,255,255,0,255,255,255,0,255,255,255,0,255,255,255,0,255,255,255,0,255,255,255,0,255,255,255,0,255,255,255,0,255,255,255,0,255,255,255,0,255,255,255,0,255,255,255,0,255,255,255,0,255,255,255,0,255,255,255,0,255,255,255,0,255,255,255,0,255,255,255,0,255,255,255,0,255,255,255,0,255,255,255,0,255,255,255,0,255,255,255,0,255,255,255,0,255,255,255,0,255,255,255,0,255,255,255,0,255,255,255,0,
255,255,255,0,255,255,255,0,255,255,255,0,255,255,255,0,255,255,255,0,255,255,255,0,255,255,255,0,255,255,255,0,255,255,255,0,255,255,255,0,255,255,255,0,255,255,255,0,255,255,255,0,255,255,255,0,255,255,255,0,255,255,255,0,255,255,255,0,255,255,255,0,255,255,255,0,255,255,255,0,255,255,255,0,255,255,255,0,255,255,255,0,255,255,255,0,255,255,255,0,255,255,255,0,255,255,255,0,255,255,255,0,255,255,255,0,255,255,255,0,255,255,255,0,255,255,255,0,255,255,255,0,255,255,255,0,255,255,255,0,255,255,255,0,255,255,255,0,255,255,255,0,255,255,255,0,255,255,255,0,255,255,255,0,255,255,255,0,255,255,255,0,255,255,255,0,255,255,255,0,255,255,255,0,255,255,255,35,234,230,228,142,170,149,134,232,152,124,101,253,148,117,95,253,146,113,90,253,151,113,83,255,161,114,76,247,183,116,68,255,205,129,77,255,214,137,86,251,218,135,83,255,236,153,104,255,249,165,115,255,249,171,124,255,249,192,147,253,248,192,151,255,252,199,168,253,241,184,150,255,235,181,147,255,198,145,106,255,150,96,52,255,144,90,44,255,127,79,36,255,129,86,43,255,128,84,44,255,130,84,42,255,135,85,42,255,147,95,53,255,157,102,62,255,162,105,65,255,155,100,58,255,151,97,55,255,144,90,48,255,139,87,44,255,138,86,43,255,138,87,44,255,138,87,47,255,134,84,43,255,126,78,36,255,133,85,43,255,134,84,41,255,148,93,49,255,168,107,60,255,168,105,60,255,160,99,52,255,154,98,52,255,140,87,47,255,140,90,49,255,142,92,52,255,138,90,49,255,132,86,47,255,135,89,48,255,133,87,47,255,131,85,43,255,133,87,43,255,138,91,45,255,142,93,46,255,161,105,58,255,169,102,61,253,196,122,74,255,228,147,95,255,238,164,116,255,251,202,165,251,255,205,171,255,245,181,136,255,249,175,124,255,214,141,83,253,189,122,72,255,156,118,85,255,134,107,87,255,146,117,101,251,135,105,93,255,141,110,98,251,144,113,96,253,116,91,71,249,203,194,189,180,255,255,255,22,255,255,255,1,255,255,255,0,255,255,255,0,255,255,255,0,255,255,255,0,255,255,255,0,255,255,255,0,255,255,255,0,255,255,255,0,255,255,255,0,255,255,255,0,255,255,255,0,255,255,255,0,255,255,255,0,255,255,255,0,255,255,255,0,255,255,255,0,255,255,255,0,255,255,255,0,255,255,255,0,255,255,255,0,255,255,255,0,255,255,255,0,255,255,255,0,255,255,255,0,255,255,255,0,255,255,255,0,255,255,255,0,255,255,255,0,255,255,255,0,255,255,255,0,255,255,255,0,255,255,255,0,255,255,255,0,255,255,255,0,255,255,255,0,255,255,255,0,255,255,255,0,255,255,255,0,255,255,255,0,255,255,255,0,255,255,255,0,255,255,255,0,255,255,255,0,255,255,255,0,255,255,255,0,255,255,255,0,255,255,255,0,255,255,255,0,255,255,255,0,255,255,255,0,255,255,255,0,255,255,255,0,255,255,255,0,255,255,255,0,255,255,255,0,255,255,255,0,255,255,255,0,255,255,255,0,255,255,255,0,255,255,255,0,255,255,255,0,255,255,255,0,255,255,255,0,255,255,255,0,255,255,255,0,255,255,255,0,255,255,255,0,255,255,255,0,255,255,255,0,255,255,255,0,
255,255,255,0,255,255,255,0,255,255,255,0,255,255,255,0,255,255,255,0,255,255,255,0,255,255,255,0,255,255,255,0,255,255,255,0,255,255,255,0,255,255,255,0,255,255,255,0,255,255,255,0,255,255,255,0,255,255,255,0,255,255,255,0,255,255,255,0,255,255,255,0,255,255,255,0,255,255,255,0,255,255,255,0,255,255,255,0,255,255,255,0,255,255,255,0,255,255,255,0,255,255,255,0,255,255,255,0,255,255,255,0,255,255,255,0,255,255,255,0,255,255,255,0,255,255,255,0,255,255,255,0,255,255,255,0,255,255,255,0,255,255,255,0,255,255,255,0,255,255,255,0,255,255,255,0,255,255,255,0,255,255,255,0,255,255,255,0,255,255,255,0,255,255,255,0,255,255,255,0,255,255,255,0,255,255,255,0,255,255,255,1,255,255,255,8,255,255,255,27,242,241,240,113,193,188,185,181,109,89,74,245,104,65,34,255,140,91,52,255,194,144,101,245,185,120,73,255,173,101,55,255,206,127,81,255,236,156,116,247,248,168,120,255,255,200,154,255,252,198,159,249,255,202,168,255,255,207,177,255,255,239,209,255,218,166,134,255,121,65,25,255,127,74,31,255,110,65,23,255,120,77,37,255,126,82,41,255,135,87,47,255,138,87,47,255,139,87,44,255,138,86,43,255,135,82,40,255,135,82,40,255,139,87,44,255,143,90,48,255,144,92,49,255,141,91,48,255,139,89,47,255,132,81,41,255,123,75,34,255,114,68,25,255,124,78,36,255,135,85,42,255,155,98,55,255,190,124,80,255,184,116,71,255,167,104,58,255,158,99,55,255,138,86,43,255,135,85,44,255,137,84,44,255,132,81,41,255,129,83,41,255,128,84,44,255,128,84,44,255,124,80,39,255,109,68,25,255,112,71,25,255,119,75,26,255,142,90,43,255,152,89,43,255,202,134,92,251,241,162,114,255,252,185,138,253,255,211,174,255,255,211,174,255,233,167,123,255,233,166,121,249,197,134,89,255,152,106,68,255,107,95,73,251,119,111,107,235,199,196,194,180,215,210,212,160,229,227,227,136,247,246,246,93,255,255,255,20,255,255,255,0,255,255,255,0,255,255,255,0,255,255,255,0,255,255,255,0,255,255,255,0,255,255,255,0,255,255,255,0,255,255,255,0,255,255,255,0,255,255,255,0,255,255,255,0,255,255,255,0,255,255,255,0,255,255,255,0,255,255,255,0,255,255,255,0,255,255,255,0,255,255,255,0,255,255,255,0,255,255,255,0,255,255,255,0,255,255,255,0,255,255,255,0,255,255,255,0,255,255,255,0,255,255,255,0,255,255,255,0,255,255,255,0,255,255,255,0,255,255,255,0,255,255,255,0,255,255,255,0,255,255,255,0,255,255,255,0,255,255,255,0,255,255,255,0,255,255,255,0,255,255,255,0,255,255,255,0,255,255,255,0,255,255,255,0,255,255,255,0,255,255,255,0,255,255,255,0,255,255,255,0,255,255,255,0,255,255,255,0,255,255,255,0,255,255,255,0,255,255,255,0,255,255,255,0,255,255,255,0,255,255,255,0,255,255,255,0,255,255,255,0,255,255,255,0,255,255,255,0,255,255,255,0,255,255,255,0,255,255,255,0,255,255,255,0,255,255,255,0,255,255,255,0,255,255,255,0,255,255,255,0,255,255,255,0,255,255,255,0,255,255,255,0,255,255,255,0,255,255,255,0,255,255,255,0,255,255,255,0,
255,255,255,0,255,255,255,0,255,255,255,0,255,255,255,0,255,255,255,0,255,255,255,0,255,255,255,0,255,255,255,0,255,255,255,0,255,255,255,0,255,255,255,0,255,255,255,0,255,255,255,0,255,255,255,0,255,255,255,0,255,255,255,0,255,255,255,0,255,255,255,0,255,255,255,0,255,255,255,0,255,255,255,0,255,255,255,0,255,255,255,0,255,255,255,0,255,255,255,0,255,255,255,0,255,255,255,0,255,255,255,0,255,255,255,0,255,255,255,0,255,255,255,0,255,255,255,0,255,255,255,0,255,255,255,0,255,255,255,0,255,255,255,0,255,255,255,0,255,255,255,0,255,255,255,0,255,255,255,0,255,255,255,0,255,255,255,0,255,255,255,0,255,255,255,0,255,255,255,0,255,255,255,0,255,255,255,0,255,255,255,0,255,255,255,0,255,255,255,0,255,255,255,0,255,255,255,1,255,255,255,20,219,215,212,155,120,103,89,247,138,110,83,255,161,119,84,253,163,111,77,251,190,122,79,255,215,138,93,255,215,134,86,255,233,159,111,255,229,161,113,253,241,166,123,255,243,170,133,255,250,180,146,255,208,141,107,255,145,81,40,255,151,94,50,255,126,77,38,255,131,85,47,255,133,84,47,255,137,86,47,255,139,87,48,255,137,87,43,255,137,85,42,255,138,86,43,255,142,89,47,255,140,87,47,255,139,89,47,255,139,89,47,255,142,89,47,255,139,89,47,255,133,85,43,255,125,82,38,255,114,73,29,255,126,83,39,255,137,87,43,255,156,96,55,255,184,116,71,255,182,112,68,255,168,102,58,255,159,100,55,255,139,86,47,255,139,87,50,255,142,92,53,255,140,92,50,255,132,89,46,255,126,84,41,255,121,80,38,255,118,78,39,255,116,80,37,255,120,82,39,255,117,76,32,255,134,84,41,255,165,104,60,255,196,123,79,255,218,139,91,255,234,161,117,249,233,167,125,255,226,168,132,251,209,153,108,253,188,135,98,255,138,102,76,253,151,139,129,222,254,254,254,39,255,255,255,2,255,255,255,0,255,255,255,0,255,255,255,0,255,255,255,0,255,255,255,0,255,255,255,0,255,255,255,0,255,255,255,0,255,255,255,0,255,255,255,0,255,255,255,0,255,255,255,0,255,255,255,0,255,255,255,0,255,255,255,0,255,255,255,0,255,255,255,0,255,255,255,0,255,255,255,0,255,255,255,0,255,255,255,0,255,255,255,0,255,255,255,0,255,255,255,0,255,255,255,0,255,255,255,0,255,255,255,0,255,255,255,0,255,255,255,0,255,255,255,0,255,255,255,0,255,255,255,0,255,255,255,0,255,255,255,0,255,255,255,0,255,255,255,0,255,255,255,0,255,255,255,0,255,255,255,0,255,255,255,0,255,255,255,0,255,255,255,0,255,255,255,0,255,255,255,0,255,255,255,0,255,255,255,0,255,255,255,0,255,255,255,0,255,255,255,0,255,255,255,0,255,255,255,0,255,255,255,0,255,255,255,0,255,255,255,0,255,255,255,0,255,255,255,0,255,255,255,0,255,255,255,0,255,255,255,0,255,255,255,0,255,255,255,0,255,255,255,0,255,255,255,0,255,255,255,0,255,255,255,0,255,255,255,0,255,255,255,0,255,255,255,0,255,255,255,0,255,255,255,0,255,255,255,0,255,255,255,0,255,255,255,0,255,255,255,0,255,255,255,0,255,255,255,0,255,255,255,0,255,255,255,0,
255,255,255,0,255,255,255,0,255,255,255,0,255,255,255,0,255,255,255,0,255,255,255,0,255,255,255,0,255,255,255,0,255,255,255,0,255,255,255,0,255,255,255,0,255,255,255,0,255,255,255,0,255,255,255,0,255,255,255,0,255,255,255,0,255,255,255,0,255,255,255,0,255,255,255,0,255,255,255,0,255,255,255,0,255,255,255,0,255,255,255,0,255,255,255,0,255,255,255,0,255,255,255,0,255,255,255,0,255,255,255,0,255,255,255,0,255,255,255,0,255,255,255,0,255,255,255,0,255,255,255,0,255,255,255,0,255,255,255,0,255,255,255,0,255,255,255,0,255,255,255,0,255,255,255,0,255,255,255,0,255,255,255,0,255,255,255,0,255,255,255,0,255,255,255,0,255,255,255,0,255,255,255,0,255,255,255,0,255,255,255,0,255,255,255,0,255,255,255,0,255,255,255,0,255,255,255,0,255,255,255,0,255,255,255,0,255,255,255,33,196,193,188,178,112,94,71,249,114,75,49,253,150,97,60,255,196,135,88,253,196,126,85,247,188,116,74,251,202,126,78,255,225,146,100,255,210,135,92,253,205,130,91,255,193,120,83,255,185,117,75,255,165,106,63,255,138,87,47,255,138,92,52,255,133,87,47,255,135,87,47,255,142,92,52,255,139,89,47,255,140,87,47,255,144,92,49,255,140,87,47,255,139,87,44,255,140,90,47,255,145,95,52,255,140,87,47,255,137,87,43,255,129,83,41,255,121,77,36,255,114,73,29,255,124,80,37,255,133,83,40,255,152,93,50,255,191,123,77,255,191,120,75,255,178,112,68,255,172,113,68,255,140,87,48,255,139,87,50,255,139,87,50,255,135,87,46,255,129,83,39,255,120,76,32,255,114,73,31,255,112,73,31,255,112,74,32,255,119,82,39,255,115,74,32,255,123,76,32,255,181,115,73,253,197,126,87,251,196,120,73,255,207,130,83,255,207,145,104,245,192,130,92,255,162,111,77,255,114,83,56,251,237,235,234,119,255,255,255,0,255,255,255,0,255,255,255,0,255,255,255,0,255,255,255,0,255,255,255,0,255,255,255,0,255,255,255,0,255,255,255,0,255,255,255,0,255,255,255,0,255,255,255,0,255,255,255,0,255,255,255,0,255,255,255,0,255,255,255,0,255,255,255,0,255,255,255,0,255,255,255,0,255,255,255,0,255,255,255,0,255,255,255,0,255,255,255,0,255,255,255,0,255,255,255,0,255,255,255,0,255,255,255,0,255,255,255,0,255,255,255,0,255,255,255,0,255,255,255,0,255,255,255,0,255,255,255,0,255,255,255,0,255,255,255,0,255,255,255,0,255,255,255,0,255,255,255,0,255,255,255,0,255,255,255,0,255,255,255,0,255,255,255,0,255,255,255,0,255,255,255,0,255,255,255,0,255,255,255,0,255,255,255,0,255,255,255,0,255,255,255,0,255,255,255,0,255,255,255,0,255,255,255,0,255,255,255,0,255,255,255,0,255,255,255,0,255,255,255,0,255,255,255,0,255,255,255,0,255,255,255,0,255,255,255,0,255,255,255,0,255,255,255,0,255,255,255,0,255,255,255,0,255,255,255,0,255,255,255,0,255,255,255,0,255,255,255,0,255,255,255,0,255,255,255,0,255,255,255,0,255,255,255,0,255,255,255,0,255,255,255,5,255,255,255,0,255,255,255,0,255,255,255,0,255,255,255,0,255,255,255,0,255,255,255,0,255,255,255,0,
255,255,255,0,255,255,255,0,255,255,255,0,255,255,255,0,255,255,255,0,255,255,255,0,255,255,255,0,255,255,255,0,255,255,255,0,255,255,255,0,255,255,255,0,255,255,255,0,255,255,255,0,255,255,255,0,255,255,255,0,255,255,255,0,255,255,255,0,255,255,255,0,255,255,255,0,255,255,255,0,255,255,255,0,255,255,255,0,255,255,255,0,255,255,255,0,255,255,255,0,255,255,255,0,255,255,255,0,255,255,255,0,255,255,255,0,255,255,255,0,255,255,255,0,255,255,255,0,255,255,255,0,255,255,255,0,255,255,255,0,255,255,255,0,255,255,255,0,255,255,255,0,255,255,255,0,255,255,255,0,255,255,255,0,255,255,255,0,255,255,255,0,255,255,255,0,255,255,255,0,255,255,255,0,255,255,255,0,255,255,255,0,255,255,255,0,255,255,255,0,255,255,255,0,255,255,255,0,255,255,255,0,255,255,255,0,255,255,255,0,255,255,255,0,252,252,252,67,154,135,124,226,127,95,68,249,166,116,73,255,162,103,56,255,158,98,50,251,167,101,60,251,207,138,94,251,196,123,77,255,187,115,71,255,180,110,65,255,175,109,65,255,163,104,60,255,135,85,42,255,125,82,38,255,120,79,36,255,125,82,38,255,135,87,43,255,138,87,44,255,140,87,47,255,143,88,47,255,146,91,49,255,143,90,48,255,140,90,47,255,140,90,47,255,140,87,47,255,137,85,42,255,135,87,46,255,128,84,42,255,113,72,28,255,122,81,37,255,131,84,40,255,148,91,48,255,183,117,73,255,178,111,65,255,166,103,58,255,162,103,58,255,136,83,41,255,139,87,48,255,143,90,50,255,141,91,48,255,135,87,41,255,126,82,34,255,122,76,32,255,119,77,34,255,115,75,31,255,117,78,34,255,116,75,31,255,133,83,38,255,177,111,67,255,194,119,75,255,188,114,77,251,185,113,68,255,181,117,74,255,168,119,83,255,140,111,92,243,252,252,252,65,255,255,255,0,255,255,255,0,255,255,255,0,255,255,255,0,255,255,255,0,255,255,255,0,255,255,255,0,255,255,255,0,255,255,255,0,255,255,255,0,255,255,255,0,255,255,255,0,255,255,255,0,255,255,255,0,255,255,255,0,255,255,255,0,255,255,255,0,255,255,255,0,255,255,255,0,255,255,255,0,255,255,255,0,255,255,255,0,255,255,255,0,255,255,255,0,255,255,255,0,255,255,255,0,255,255,255,0,255,255,255,0,255,255,255,0,255,255,255,0,255,255,255,0,255,255,255,0,255,255,255,0,255,255,255,0,255,255,255,0,255,255,255,0,255,255,255,0,255,255,255,0,255,255,255,0,255,255,255,0,255,255,255,0,255,255,255,0,255,255,255,0,255,255,255,0,255,255,255,0,255,255,255,0,255,255,255,0,255,255,255,0,255,255,255,0,255,255,255,0,255,255,255,0,255,255,255,0,255,255,255,0,255,255,255,0,255,255,255,0,255,255,255,0,255,255,255,0,255,255,255,0,255,255,255,0,255,255,255,0,255,255,255,0,255,255,255,0,255,255,255,0,255,255,255,0,255,255,255,0,255,255,255,0,255,255,255,0,255,255,255,0,255,255,255,0,255,255,255,0,255,255,255,0,255,255,255,0,255,255,255,38,159,143,142,255,151,130,124,251,152,135,132,255,241,239,240,157,255,255,255,0,255,255,255,0,255,255,255,0,255,255,255,0,255,255,255,0,
255,255,255,0,255,255,255,0,255,255,255,0,255,255,255,0,255,255,255,0,255,255,255,0,255,255,255,0,255,255,255,0,255,255,255,0,255,255,255,0,255,255,255,0,255,255,255,0,255,255,255,0,255,255,255,0,255,255,255,0,255,255,255,0,255,255,255,0,255,255,255,0,255,255,255,0,255,255,255,0,255,255,255,0,255,255,255,0,255,255,255,0,255,255,255,0,255,255,255,0,255,255,255,0,255,255,255,0,255,255,255,0,255,255,255,0,255,255,255,0,255,255,255,0,255,255,255,0,255,255,255,0,255,255,255,0,255,255,255,0,255,255,255,0,255,255,255,0,255,255,255,0,255,255,255,0,255,255,255,0,255,255,255,0,255,255,255,0,255,255,255,0,255,255,255,0,255,255,255,0,255,255,255,0,255,255,255,0,255,255,255,0,255,255,255,0,255,255,255,0,255,255,255,0,255,255,255,0,255,255,255,0,255,255,255,0,255,255,255,0,255,255,255,0,255,255,255,0,255,255,255,8,234,231,228,136,163,133,109,233,134,88,54,253,135,86,52,255,155,101,68,253,175,119,81,255,175,114,72,253,172,107,60,255,169,103,56,255,164,105,60,255,156,104,60,255,124,78,36,255,123,82,38,255,108,69,21,255,124,84,37,255,140,92,48,255,140,90,47,255,143,88,47,255,142,87,47,255,141,86,44,255,142,87,47,255,139,89,47,255,140,90,47,255,146,94,52,255,145,93,50,255,141,93,52,255,130,84,42,255,110,69,25,255,117,76,32,255,126,81,36,255,146,94,49,255,179,115,71,255,175,109,65,255,158,98,52,255,152,95,50,255,137,85,42,255,139,87,48,255,142,89,47,255,142,89,47,255,141,92,44,255,130,83,36,255,123,76,32,255,118,75,31,255,115,75,31,255,117,78,34,255,119,77,34,255,137,87,41,255,183,126,87,245,181,111,65,255,177,106,65,255,185,124,90,249,163,114,80,255,119,85,65,253,254,254,254,40,255,255,255,0,255,255,255,0,255,255,255,0,255,255,255,0,255,255,255,0,255,255,255,0,255,255,255,0,255,255,255,0,255,255,255,0,255,255,255,0,255,255,255,0,255,255,255,0,255,255,255,0,255,255,255,0,255,255,255,0,255,255,255,0,255,255,255,0,255,255,255,0,255,255,255,0,255,255,255,0,255,255,255,0,255,255,255,0,255,255,255,0,255,255,255,0,255,255,255,0,255,255,255,0,255,255,255,0,255,255,255,0,255,255,255,0,255,255,255,0,255,255,255,0,255,255,255,0,255,255,255,0,255,255,255,0,255,255,255,0,255,255,255,0,255,255,255,0,255,255,255,0,255,255,255,0,255,255,255,0,255,255,255,0,255,255,255,0,255,255,255,0,255,255,255,0,255,255,255,0,255,255,255,0,255,255,255,0,255,255,255,0,255,255,255,0,255,255,255,0,255,255,255,0,255,255,255,0,255,255,255,0,255,255,255,0,255,255,255,0,255,255,255,0,255,255,255,0,255,255,255,0,255,255,255,0,255,255,255,0,255,255,255,0,255,255,255,0,255,255,255,0,255,255,255,0,255,255,255,0,255,255,255,0,255,255,255,0,255,255,255,0,255,255,255,0,255,255,255,0,255,255,255,1,255,255,255,5,255,255,255,20,222,203,195,249,78,54,40,251,47,15,0,255,56,31,15,251,155,138,132,251,255,255,255,24,255,255,255,0,255,255,255,0,255,255,255,0,255,255,255,0,
255,255,255,0,255,255,255,0,255,255,255,0,255,255,255,0,255,255,255,0,255,255,255,0,255,255,255,0,255,255,255,0,255,255,255,0,255,255,255,0,255,255,255,0,255,255,255,0,255,255,255,0,255,255,255,0,255,255,255,0,255,255,255,0,255,255,255,0,255,255,255,0,255,255,255,0,255,255,255,0,255,255,255,0,255,255,255,0,255,255,255,0,255,255,255,0,255,255,255,0,255,255,255,0,255,255,255,0,255,255,255,0,255,255,255,0,255,255,255,0,255,255,255,0,255,255,255,0,255,255,255,0,255,255,255,0,255,255,255,0,255,255,255,0,255,255,255,0,255,255,255,0,255,255,255,0,255,255,255,0,255,255,255,0,255,255,255,0,255,255,255,0,255,255,255,0,255,255,255,0,255,255,255,0,255,255,255,0,255,255,255,0,255,255,255,0,255,255,255,0,255,255,255,0,255,255,255,0,255,255,255,0,255,255,255,0,255,255,255,0,255,255,255,0,255,255,255,0,255,255,255,0,255,255,255,0,255,255,255,29,234,231,228,134,136,113,103,239,117,87,72,255,134,108,85,247,140,102,68,255,153,98,56,255,151,92,47,255,146,96,53,255,136,93,52,255,116,75,33,255,122,83,40,255,109,68,25,255,124,81,36,255,136,87,44,255,139,89,47,255,142,87,47,255,145,88,47,255,141,84,43,255,140,85,43,255,135,85,42,255,134,86,42,255,128,78,36,255,134,84,41,255,141,91,50,255,137,89,48,255,120,76,34,255,121,77,36,255,121,77,33,255,135,87,41,255,164,105,60,255,164,103,60,255,153,95,50,255,148,94,47,255,139,89,47,255,141,91,48,255,144,92,47,255,144,92,47,255,144,92,47,255,135,85,42,255,127,79,37,255,123,77,37,255,115,75,33,255,117,77,36,255,116,75,31,255,133,85,41,255,165,107,60,255,165,105,58,255,161,107,74,251,150,107,75,255,140,117,100,243,254,254,254,39,255,255,255,0,255,255,255,0,255,255,255,0,255,255,255,0,255,255,255,0,255,255,255,0,255,255,255,0,255,255,255,0,255,255,255,0,255,255,255,0,255,255,255,0,255,255,255,0,255,255,255,0,255,255,255,0,255,255,255,0,255,255,255,0,255,255,255,0,255,255,255,0,255,255,255,0,255,255,255,0,255,255,255,0,255,255,255,0,255,255,255,0,255,255,255,0,255,255,255,0,255,255,255,0,255,255,255,0,255,255,255,0,255,255,255,0,255,255,255,0,255,255,255,0,255,255,255,0,255,255,255,0,255,255,255,0,255,255,255,0,255,255,255,0,255,255,255,0,255,255,255,0,255,255,255,0,255,255,255,0,255,255,255,0,255,255,255,0,255,255,255,0,255,255,255,0,255,255,255,0,255,255,255,0,255,255,255,0,255,255,255,0,255,255,255,0,255,255,255,0,255,255,255,0,255,255,255,0,255,255,255,0,255,255,255,0,255,255,255,0,255,255,255,0,255,255,255,0,255,255,255,0,255,255,255,0,255,255,255,0,255,255,255,0,255,255,255,0,255,255,255,0,255,255,255,0,255,255,255,0,255,255,255,0,255,255,255,0,255,255,255,0,255,255,255,0,255,255,255,21,203,199,198,237,118,112,109,251,166,155,153,249,186,170,157,255,146,123,97,255,100,71,36,251,103,58,19,255,119,78,47,255,131,105,86,255,255,255,255,35,255,255,255,0,255,255,255,0,255,255,255,0,255,255,255,0,
255,255,255,0,255,255,255,0,255,255,255,0,255,255,255,0,255,255,255,0,255,255,255,0,255,255,255,0,255,255,255,0,255,255,255,0,255,255,255,0,255,255,255,0,255,255,255,0,255,255,255,0,255,255,255,0,255,255,255,0,255,255,255,0,255,255,255,0,255,255,255,0,255,255,255,0,255,255,255,0,255,255,255,0,255,255,255,0,255,255,255,0,255,255,255,0,255,255,255,0,255,255,255,0,255,255,255,0,255,255,255,0,255,255,255,0,255,255,255,0,255,255,255,0,255,255,255,0,255,255,255,0,255,255,255,0,255,255,255,0,255,255,255,0,255,255,255,0,255,255,255,0,255,255,255,0,255,255,255,0,255,255,255,0,255,255,255,0,255,255,255,0,255,255,255,0,255,255,255,0,255,255,255,0,255,255,255,0,255,255,255,0,255,255,255,0,255,255,255,0,255,255,255,0,255,255,255,0,255,255,255,0,255,255,255,0,255,255,255,0,255,255,255,0,255,255,255,0,255,255,255,0,255,255,255,0,255,255,255,0,255,255,255,0,255,255,255,7,253,253,253,62,144,136,129,224,118,99,78,251,133,93,60,255,133,84,47,255,127,83,46,255,118,78,39,255,111,76,36,255,115,81,37,255,119,81,36,255,120,76,32,255,126,81,36,255,131,84,40,255,139,87,44,255,144,90,48,255,143,88,47,255,138,86,43,255,132,82,39,255,127,79,36,255,115,68,23,255,121,73,29,255,135,87,46,255,141,93,52,255,128,82,39,255,131,87,44,255,127,84,39,255,135,87,43,255,147,92,48,255,153,96,53,255,150,96,52,255,149,97,52,255,137,87,43,255,137,87,43,255,139,87,42,255,143,89,45,255,143,90,48,255,137,86,45,255,130,82,41,255,126,80,40,255,117,75,34,255,115,75,33,255,109,69,26,255,121,77,36,255,156,104,64,253,150,102,60,255,127,88,61,253,114,90,73,243,255,255,255,20,255,255,255,0,255,255,255,0,255,255,255,0,255,255,255,0,255,255,255,0,255,255,255,0,255,255,255,0,255,255,255,0,255,255,255,0,255,255,255,0,255,255,255,0,255,255,255,0,255,255,255,0,255,255,255,0,255,255,255,0,255,255,255,0,255,255,255,0,255,255,255,0,255,255,255,0,255,255,255,0,255,255,255,0,255,255,255,0,255,255,255,0,255,255,255,0,255,255,255,0,255,255,255,0,255,255,255,0,255,255,255,0,255,255,255,0,255,255,255,0,255,255,255,0,255,255,255,0,255,255,255,0,255,255,255,0,255,255,255,0,255,255,255,0,255,255,255,0,255,255,255,0,255,255,255,0,255,255,255,0,255,255,255,0,255,255,255,0,255,255,255,0,255,255,255,0,255,255,255,0,255,255,255,0,255,255,255,0,255,255,255,0,255,255,255,0,255,255,255,0,255,255,255,0,255,255,255,0,255,255,255,0,255,255,255,0,255,255,255,0,255,255,255,0,255,255,255,0,255,255,255,0,255,255,255,0,255,255,255,0,255,255,255,0,255,255,255,0,255,255,255,0,255,255,255,0,255,255,255,0,255,255,255,0,255,255,255,0,255,255,255,0,255,255,255,0,255,255,255,2,201,201,201,224,102,96,92,253,9,0,0,255,32,15,3,255,58,37,15,253,100,69,40,253,112,73,31,255,186,136,90,253,223,179,141,255,145,119,101,247,255,255,255,26,255,255,255,0,255,255,255,0,255,255,255,0,255,255,255,0,
255,255,255,0,255,255,255,0,255,255,255,0,255,255,255,0,255,255,255,0,255,255,255,0,255,255,255,0,255,255,255,0,255,255,255,0,255,255,255,0,255,255,255,0,255,255,255,0,255,255,255,0,255,255,255,0,255,255,255,0,255,255,255,0,255,255,255,0,255,255,255,0,255,255,255,0,255,255,255,0,255,255,255,0,255,255,255,0,255,255,255,0,255,255,255,0,255,255,255,0,255,255,255,0,255,255,255,0,255,255,255,0,255,255,255,0,255,255,255,0,255,255,255,0,255,255,255,0,255,255,255,0,255,255,255,0,255,255,255,0,255,255,255,0,255,255,255,0,255,255,255,0,255,255,255,0,255,255,255,0,255,255,255,0,255,255,255,0,255,255,255,0,255,255,255,0,255,255,255,0,255,255,255,0,255,255,255,0,255,255,255,0,255,255,255,0,255,255,255,0,255,255,255,0,255,255,255,0,255,255,255,0,255,255,255,0,255,255,255,0,255,255,255,0,255,255,255,0,255,255,255,0,255,255,255,0,255,255,255,0,255,255,255,0,255,255,255,0,255,255,255,0,255,255,255,16,194,190,188,193,116,96,80,253,114,83,58,255,122,84,49,255,116,80,37,255,86,58,12,255,100,73,26,255,119,83,36,255,120,80,31,255,121,80,34,255,133,87,43,255,138,87,44,255,143,90,48,255,140,87,47,255,140,90,47,255,129,81,37,255,127,79,36,255,124,78,36,255,128,82,39,255,135,89,47,255,131,85,43,255,125,80,36,255,124,77,33,255,130,83,39,255,138,87,44,255,146,94,52,255,145,93,50,255,148,93,52,255,144,90,48,255,142,89,49,255,142,87,47,255,141,84,43,255,139,82,41,255,142,89,49,255,138,87,47,255,136,87,47,255,128,82,39,255,116,75,33,255,112,73,31,255,104,67,26,255,106,71,29,255,126,95,50,251,127,96,60,255,101,87,69,245,255,255,255,16,255,255,255,0,255,255,255,0,255,255,255,0,255,255,255,0,255,255,255,0,255,255,255,0,255,255,255,0,255,255,255,0,255,255,255,0,255,255,255,0,255,255,255,0,255,255,255,0,255,255,255,0,255,255,255,0,255,255,255,0,255,255,255,0,255,255,255,0,255,255,255,0,255,255,255,0,255,255,255,0,255,255,255,0,255,255,255,0,255,255,255,0,255,255,255,0,255,255,255,0,255,255,255,0,255,255,255,0,255,255,255,0,255,255,255,0,255,255,255,0,255,255,255,0,255,255,255,0,255,255,255,0,255,255,255,0,255,255,255,0,255,255,255,0,255,255,255,0,255,255,255,0,255,255,255,0,255,255,255,0,255,255,255,0,255,255,255,0,255,255,255,0,255,255,255,0,255,255,255,0,255,255,255,0,255,255,255,0,255,255,255,0,255,255,255,0,255,255,255,0,255,255,255,0,255,255,255,0,255,255,255,0,255,255,255,0,255,255,255,0,255,255,255,0,255,255,255,0,255,255,255,0,255,255,255,0,255,255,255,0,255,255,255,0,255,255,255,0,255,255,255,0,255,255,255,0,255,255,255,0,255,255,255,0,255,255,255,0,255,255,255,0,255,255,255,0,255,255,255,0,253,253,253,137,177,172,171,255,119,112,101,255,36,24,12,251,65,44,21,255,81,52,21,255,104,69,37,253,115,73,34,255,148,99,60,255,174,135,105,255,200,191,182,218,255,255,255,1,255,255,255,0,255,255,255,0,255,255,255,0,255,255,255,0,
255,255,255,0,255,255,255,0,255,255,255,0,255,255,255,0,255,255,255,0,255,255,255,0,255,255,255,0,255,255,255,0,255,255,255,0,255,255,255,0,255,255,255,0,255,255,255,0,255,255,255,0,255,255,255,0,255,255,255,0,255,255,255,0,255,255,255,0,255,255,255,0,255,255,255,0,255,255,255,0,255,255,255,0,255,255,255,0,255,255,255,0,255,255,255,0,255,255,255,0,255,255,255,0,255,255,255,0,255,255,255,0,255,255,255,0,255,255,255,0,255,255,255,0,255,255,255,0,255,255,255,0,255,255,255,0,255,255,255,0,255,255,255,0,255,255,255,0,255,255,255,0,255,255,255,0,255,255,255,0,255,255,255,0,255,255,255,0,255,255,255,0,255,255,255,0,255,255,255,0,255,255,255,0,255,255,255,0,255,255,255,0,255,255,255,0,255,255,255,0,255,255,255,0,255,255,255,0,255,255,255,0,255,255,255,0,255,255,255,0,255,255,255,0,255,255,255,0,255,255,255,0,255,255,255,0,255,255,255,0,255,255,255,0,255,255,255,0,255,255,255,0,255,255,255,0,255,255,255,23,86,72,62,253,87,62,38,255,118,84,49,255,99,63,23,255,55,31,0,255,81,53,9,255,106,69,23,255,116,75,29,255,123,83,36,255,133,90,44,255,136,87,44,255,140,90,47,255,138,87,44,255,138,87,44,255,131,84,40,255,129,81,37,255,129,83,41,255,128,84,42,255,129,86,43,255,128,84,42,255,131,86,41,255,134,86,42,255,141,91,48,255,145,93,50,255,137,87,43,255,137,85,42,255,141,86,47,255,139,83,44,255,141,86,47,255,141,86,47,255,144,86,47,255,144,86,48,255,137,84,44,255,138,87,47,255,144,93,52,255,137,91,49,255,119,75,34,255,110,71,31,255,90,55,15,255,85,55,15,255,84,58,18,253,76,55,23,255,194,193,186,175,255,255,255,5,255,255,255,0,255,255,255,0,255,255,255,0,255,255,255,0,255,255,255,0,255,255,255,0,255,255,255,0,255,255,255,0,255,255,255,0,255,255,255,0,255,255,255,0,255,255,255,0,255,255,255,0,255,255,255,0,255,255,255,0,255,255,255,0,255,255,255,0,255,255,255,0,255,255,255,0,255,255,255,0,255,255,255,0,255,255,255,0,255,255,255,0,255,255,255,0,255,255,255,0,255,255,255,0,255,255,255,0,255,255,255,0,255,255,255,0,255,255,255,0,255,255,255,0,255,255,255,0,255,255,255,0,255,255,255,0,255,255,255,0,255,255,255,0,255,255,255,0,255,255,255,0,255,255,255,0,255,255,255,0,255,255,255,0,255,255,255,0,255,255,255,0,255,255,255,0,255,255,255,0,255,255,255,0,255,255,255,0,255,255,255,0,255,255,255,0,255,255,255,0,255,255,255,0,255,255,255,0,255,255,255,0,255,255,255,0,255,255,255,0,255,255,255,0,255,255,255,0,255,255,255,0,255,255,255,0,255,255,255,0,255,255,255,0,255,255,255,0,255,255,255,0,255,255,255,0,255,255,255,0,255,255,255,0,255,255,255,0,255,255,255,0,255,255,255,0,255,255,255,23,135,128,128,255,6,0,0,255,28,12,0,255,118,100,74,255,94,68,36,251,86,55,17,255,107,74,36,255,113,81,41,255,114,77,46,253,135,110,88,245,255,255,255,29,255,255,255,0,255,255,255,0,255,255,255,0,255,255,255,0,255,255,255,0,
255,255,255,0,255,255,255,0,255,255,255,0,255,255,255,0,255,255,255,0,255,255,255,0,255,255,255,0,255,255,255,0,255,255,255,0,255,255,255,0,255,255,255,0,255,255,255,0,255,255,255,0,255,255,255,0,255,255,255,0,255,255,255,0,255,255,255,0,255,255,255,0,255,255,255,0,255,255,255,0,255,255,255,0,255,255,255,0,255,255,255,0,255,255,255,0,255,255,255,0,255,255,255,0,255,255,255,0,255,255,255,0,255,255,255,0,255,255,255,0,255,255,255,0,255,255,255,0,255,255,255,0,255,255,255,0,255,255,255,0,255,255,255,0,255,255,255,0,255,255,255,0,255,255,255,0,255,255,255,0,255,255,255,0,255,255,255,0,255,255,255,0,255,255,255,0,255,255,255,0,255,255,255,0,255,255,255,0,255,255,255,0,255,255,255,0,255,255,255,0,255,255,255,0,255,255,255,0,255,255,255,0,255,255,255,0,255,255,255,0,255,255,255,0,255,255,255,0,255,255,255,0,255,255,255,0,255,255,255,0,255,255,255,0,255,255,255,0,255,255,255,0,255,255,255,0,255,255,255,8,116,99,73,255,87,63,28,255,103,74,40,255,97,65,32,255,77,45,12,255,97,63,26,255,120,82,39,255,127,84,39,255,128,84,40,255,135,92,47,255,137,90,47,255,138,91,47,255,137,87,43,255,135,85,42,255,137,87,43,255,131,84,40,255,129,86,43,255,126,84,41,255,122,81,37,255,124,80,37,255,128,82,37,255,133,85,41,255,141,91,48,255,141,91,48,255,138,87,47,255,139,86,47,255,143,88,47,255,142,87,47,255,139,87,44,255,140,87,47,255,143,88,49,255,144,89,50,255,141,86,44,255,140,87,47,255,142,92,49,255,136,87,47,255,122,78,40,255,117,76,40,255,97,63,29,255,95,63,31,255,80,50,19,255,85,65,40,253,166,158,148,209,255,255,255,28,255,255,255,0,255,255,255,0,255,255,255,0,255,255,255,0,255,255,255,0,255,255,255,0,255,255,255,0,255,255,255,0,255,255,255,0,255,255,255,0,255,255,255,0,255,255,255,0,255,255,255,0,255,255,255,0,255,255,255,0,255,255,255,0,255,255,255,0,255,255,255,0,255,255,255,0,255,255,255,0,255,255,255,0,255,255,255,0,255,255,255,0,255,255,255,0,255,255,255,0,255,255,255,0,255,255,255,0,255,255,255,0,255,255,255,0,255,255,255,0,255,255,255,0,255,255,255,0,255,255,255,0,255,255,255,0,255,255,255,0,255,255,255,0,255,255,255,0,255,255,255,0,255,255,255,0,255,255,255,0,255,255,255,0,255,255,255,0,255,255,255,0,255,255,255,0,255,255,255,0,255,255,255,0,255,255,255,0,255,255,255,0,255,255,255,0,255,255,255,0,255,255,255,0,255,255,255,0,255,255,255,0,255,255,255,0,255,255,255,0,255,255,255,0,255,255,255,0,255,255,255,0,255,255,255,0,255,255,255,0,255,255,255,0,255,255,255,0,255,255,255,0,255,255,255,0,255,255,255,0,255,255,255,0,255,255,255,0,255,255,255,0,255,255,255,38,229,225,221,241,118,101,89,255,47,23,3,255,91,63,39,251,112,85,56,249,95,67,26,255,96,71,23,255,84,68,19,255,98,86,43,251,91,81,50,253,249,249,248,86,255,255,255,0,255,255,255,0,255,255,255,0,255,255,255,0,255,255,255,0,255,255,255,0,
255,255,255,0,255,255,255,0,255,255,255,0,255,255,255,0,255,255,255,0,255,255,255,0,255,255,255,0,255,255,255,0,255,255,255,0,255,255,255,0,255,255,255,0,255,255,255,0,255,255,255,0,255,255,255,0,255,255,255,0,255,255,255,0,255,255,255,0,255,255,255,0,255,255,255,0,255,255,255,0,255,255,255,0,255,255,255,0,255,255,255,0,255,255,255,0,255,255,255,0,255,255,255,0,255,255,255,0,255,255,255,0,255,255,255,0,255,255,255,0,255,255,255,0,255,255,255,0,255,255,255,0,255,255,255,0,255,255,255,0,255,255,255,0,255,255,255,0,255,255,255,0,255,255,255,0,255,255,255,0,255,255,255,0,255,255,255,0,255,255,255,0,255,255,255,0,255,255,255,0,255,255,255,0,255,255,255,0,255,255,255,0,255,255,255,0,255,255,255,0,255,255,255,0,255,255,255,0,255,255,255,0,255,255,255,0,255,255,255,0,255,255,255,0,255,255,255,0,255,255,255,0,255,255,255,0,255,255,255,0,255,255,255,0,255,255,255,0,255,255,255,0,255,255,255,0,246,245,244,121,152,125,93,255,94,63,23,255,68,40,3,255,75,47,12,255,88,53,21,255,101,63,28,255,131,90,48,255,130,84,42,255,132,87,42,255,138,93,48,255,137,90,47,255,138,91,47,255,140,90,47,255,137,85,42,255,142,89,47,255,135,87,43,255,129,86,43,255,123,82,38,255,115,74,31,255,118,75,31,255,128,82,37,255,128,80,36,255,137,87,43,255,138,87,44,255,138,87,47,255,139,86,47,255,144,92,49,255,143,90,48,255,140,90,47,255,140,90,47,255,143,90,50,255,143,90,50,255,136,83,41,255,137,85,42,255,140,90,47,255,134,86,44,255,135,87,50,255,122,80,43,255,92,55,21,255,85,52,21,255,64,37,6,253,80,55,31,255,104,85,65,255,222,218,217,148,255,255,255,1,255,255,255,0,255,255,255,0,255,255,255,0,255,255,255,0,255,255,255,0,255,255,255,0,255,255,255,0,255,255,255,0,255,255,255,0,255,255,255,0,255,255,255,0,255,255,255,0,255,255,255,0,255,255,255,0,255,255,255,0,255,255,255,0,255,255,255,0,255,255,255,0,255,255,255,0,255,255,255,0,255,255,255,0,255,255,255,0,255,255,255,0,255,255,255,0,255,255,255,0,255,255,255,0,255,255,255,0,255,255,255,0,255,255,255,0,255,255,255,0,255,255,255,0,255,255,255,0,255,255,255,0,255,255,255,0,255,255,255,0,255,255,255,0,255,255,255,0,255,255,255,0,255,255,255,0,255,255,255,0,255,255,255,0,255,255,255,0,255,255,255,0,255,255,255,0,255,255,255,0,255,255,255,0,255,255,255,0,255,255,255,0,255,255,255,0,255,255,255,0,255,255,255,0,255,255,255,0,255,255,255,0,255,255,255,0,255,255,255,0,255,255,255,0,255,255,255,0,255,255,255,0,255,255,255,0,255,255,255,0,255,255,255,0,255,255,255,0,255,255,255,0,255,255,255,0,255,255,255,0,255,255,255,85,250,250,250,200,84,82,79,249,27,18,9,253,75,58,38,253,149,117,89,255,119,81,50,253,109,74,33,255,104,79,35,253,113,100,53,251,74,81,31,255,75,86,46,249,216,218,212,154,255,255,255,3,255,255,255,0,255,255,255,0,255,255,255,0,255,255,255,0,255,255,255,0,255,255,255,0,
255,255,255,0,255,255,255,0,255,255,255,0,255,255,255,0,255,255,255,0,255,255,255,0,255,255,255,0,255,255,255,0,255,255,255,0,255,255,255,0,255,255,255,0,255,255,255,0,255,255,255,0,255,255,255,0,255,255,255,0,255,255,255,0,255,255,255,0,255,255,255,0,255,255,255,0,255,255,255,0,255,255,255,0,255,255,255,0,255,255,255,0,255,255,255,0,255,255,255,0,255,255,255,0,255,255,255,0,255,255,255,0,255,255,255,0,255,255,255,0,255,255,255,0,255,255,255,0,255,255,255,0,255,255,255,0,255,255,255,0,255,255,255,0,255,255,255,0,255,255,255,0,255,255,255,0,255,255,255,0,255,255,255,0,255,255,255,0,255,255,255,0,255,255,255,0,255,255,255,0,255,255,255,0,255,255,255,0,255,255,255,0,255,255,255,0,255,255,255,0,255,255,255,0,255,255,255,0,255,255,255,0,255,255,255,0,255,255,255,0,255,255,255,0,255,255,255,0,255,255,255,0,255,255,255,0,255,255,255,0,255,255,255,0,255,255,255,0,255,255,255,0,244,239,236,157,165,135,109,255,146,108,73,255,118,78,39,255,90,58,17,255,97,63,26,255,116,78,41,255,115,73,34,255,135,89,48,255,131,83,42,255,145,95,52,255,139,89,47,255,134,86,42,255,137,90,47,255,140,87,47,255,144,90,48,255,143,88,47,255,140,90,47,255,132,87,44,255,126,83,39,255,114,71,28,255,122,79,36,255,136,90,47,255,134,86,42,255,141,91,48,255,142,89,47,255,139,86,47,255,140,87,48,255,143,90,48,255,139,87,44,255,133,85,41,255,131,84,40,255,133,85,43,255,138,87,47,255,140,89,52,255,141,90,52,255,139,87,48,255,132,81,41,255,133,84,46,255,127,84,43,255,108,65,29,255,103,68,33,255,76,49,19,255,81,58,31,255,94,73,52,255,106,89,73,247,255,255,255,23,255,255,255,0,255,255,255,0,255,255,255,0,255,255,255,0,255,255,255,0,255,255,255,0,255,255,255,0,255,255,255,0,255,255,255,0,255,255,255,0,255,255,255,0,255,255,255,0,255,255,255,0,255,255,255,0,255,255,255,0,255,255,255,0,255,255,255,0,255,255,255,0,255,255,255,0,255,255,255,0,255,255,255,0,255,255,255,0,255,255,255,0,255,255,255,0,255,255,255,0,255,255,255,0,255,255,255,0,255,255,255,0,255,255,255,0,255,255,255,0,255,255,255,0,255,255,255,0,255,255,255,0,255,255,255,0,255,255,255,0,255,255,255,0,255,255,255,0,255,255,255,0,255,255,255,0,255,255,255,0,255,255,255,0,255,255,255,0,255,255,255,0,255,255,255,0,255,255,255,0,255,255,255,0,255,255,255,0,255,255,255,0,255,255,255,0,255,255,255,0,255,255,255,0,255,255,255,0,255,255,255,0,255,255,255,0,255,255,255,0,255,255,255,0,255,255,255,0,255,255,255,0,255,255,255,0,255,255,255,0,255,255,255,0,255,255,255,0,255,255,255,0,255,255,255,57,88,91,87,255,112,115,111,251,114,115,110,255,55,48,37,255,46,31,12,255,71,44,19,255,110,74,40,255,129,83,39,255,170,131,77,253,120,102,53,253,62,69,15,255,128,149,121,217,251,252,251,68,255,255,255,11,255,255,255,0,255,255,255,0,255,255,255,0,255,255,255,0,255,255,255,0,255,255,255,0,255,255,255,0,
255,255,255,0,255,255,255,0,255,255,255,0,255,255,255,0,255,255,255,0,255,255,255,0,255,255,255,0,255,255,255,0,255,255,255,0,255,255,255,0,255,255,255,0,255,255,255,0,255,255,255,0,255,255,255,0,255,255,255,0,255,255,255,0,255,255,255,0,255,255,255,0,255,255,255,0,255,255,255,0,255,255,255,0,255,255,255,0,255,255,255,0,255,255,255,0,255,255,255,0,255,255,255,0,255,255,255,0,255,255,255,0,255,255,255,0,255,255,255,0,255,255,255,0,255,255,255,0,255,255,255,0,255,255,255,0,255,255,255,0,255,255,255,0,255,255,255,0,255,255,255,0,255,255,255,0,255,255,255,0,255,255,255,0,255,255,255,0,255,255,255,0,255,255,255,0,255,255,255,0,255,255,255,0,255,255,255,0,255,255,255,0,255,255,255,0,255,255,255,0,255,255,255,0,255,255,255,0,255,255,255,0,255,255,255,0,255,255,255,0,255,255,255,0,255,255,255,0,255,255,255,0,255,255,255,0,255,255,255,0,255,255,255,0,255,255,255,1,250,244,240,188,144,111,85,249,129,84,49,255,154,105,67,255,137,89,48,255,116,76,34,255,119,80,38,255,138,94,53,255,138,92,52,255,140,92,50,255,137,86,45,255,142,92,49,255,137,87,43,255,130,85,40,255,130,85,40,255,139,87,44,255,143,88,47,255,144,90,48,255,138,87,44,255,135,89,47,255,123,82,38,255,114,73,29,255,122,79,36,255,141,98,53,255,140,95,50,255,144,93,50,255,143,90,48,255,144,91,52,255,143,90,50,255,144,92,49,255,137,87,43,255,130,83,39,255,128,82,37,255,129,83,41,255,133,85,43,255,136,87,48,255,138,87,48,255,137,86,45,255,138,87,44,255,127,79,36,255,129,83,41,255,120,76,36,255,108,71,33,255,85,61,27,253,79,53,23,255,85,60,31,255,101,83,60,247,217,213,209,163,255,255,255,0,255,255,255,0,255,255,255,0,255,255,255,0,255,255,255,0,255,255,255,0,255,255,255,0,255,255,255,0,255,255,255,0,255,255,255,0,255,255,255,0,255,255,255,0,255,255,255,0,255,255,255,0,255,255,255,0,255,255,255,0,255,255,255,0,255,255,255,0,255,255,255,0,255,255,255,0,255,255,255,0,255,255,255,0,255,255,255,0,255,255,255,0,255,255,255,0,255,255,255,0,255,255,255,0,255,255,255,0,255,255,255,0,255,255,255,0,255,255,255,0,255,255,255,0,255,255,255,0,255,255,255,0,255,255,255,0,255,255,255,0,255,255,255,0,255,255,255,0,255,255,255,0,255,255,255,0,255,255,255,0,255,255,255,0,255,255,255,0,255,255,255,0,255,255,255,0,255,255,255,0,255,255,255,0,255,255,255,0,255,255,255,0,255,255,255,0,255,255,255,0,255,255,255,0,255,255,255,0,255,255,255,0,255,255,255,0,255,255,255,0,255,255,255,0,255,255,255,0,255,255,255,0,255,255,255,0,255,255,255,0,255,255,255,0,254,254,254,70,129,127,121,255,15,12,3,255,15,12,0,255,28,21,18,249,58,40,21,255,108,83,62,249,67,37,6,255,72,34,0,255,148,101,55,255,219,182,133,253,139,115,65,255,80,83,36,251,218,225,218,143,255,255,255,14,255,255,255,1,255,255,255,0,255,255,255,0,255,255,255,0,255,255,255,0,255,255,255,0,255,255,255,0,255,255,255,0,
255,255,255,0,255,255,255,0,255,255,255,0,255,255,255,0,255,255,255,0,255,255,255,0,255,255,255,0,255,255,255,0,255,255,255,0,255,255,255,0,255,255,255,0,255,255,255,0,255,255,255,0,255,255,255,0,255,255,255,0,255,255,255,0,255,255,255,0,255,255,255,0,255,255,255,0,255,255,255,0,255,255,255,0,255,255,255,0,255,255,255,0,255,255,255,0,255,255,255,0,255,255,255,0,255,255,255,0,255,255,255,0,255,255,255,0,255,255,255,0,255,255,255,0,255,255,255,0,255,255,255,0,255,255,255,0,255,255,255,0,255,255,255,0,255,255,255,0,255,255,255,0,255,255,255,0,255,255,255,0,255,255,255,0,255,255,255,0,255,255,255,0,255,255,255,0,255,255,255,0,255,255,255,0,255,255,255,0,255,255,255,0,255,255,255,0,255,255,255,0,255,255,255,0,255,255,255,0,255,255,255,0,255,255,255,0,255,255,255,0,255,255,255,0,255,255,255,0,255,255,255,0,255,255,255,0,255,255,255,0,255,255,255,8,210,201,192,207,219,185,160,255,140,89,52,255,152,97,50,251,164,105,62,255,144,90,47,255,128,79,33,255,133,85,39,255,141,93,49,255,143,95,53,255,137,90,47,255,134,84,41,255,137,87,43,255,129,83,39,255,122,82,36,255,122,82,36,255,135,87,46,255,139,86,47,255,144,93,50,255,133,85,41,255,124,84,39,255,119,81,36,255,115,75,31,255,117,78,34,255,129,89,42,255,131,87,42,255,132,87,42,255,135,85,42,255,136,83,41,255,139,84,42,255,142,87,48,255,137,84,44,255,129,81,39,255,126,81,38,255,128,82,37,255,131,85,43,255,138,87,48,255,139,86,48,255,143,90,48,255,144,94,48,255,131,84,38,255,131,86,39,255,128,84,40,255,120,82,37,255,104,72,29,255,95,67,26,255,99,73,35,251,98,71,38,255,116,98,78,251,254,254,254,56,255,255,255,0,255,255,255,0,255,255,255,0,255,255,255,0,255,255,255,0,255,255,255,0,255,255,255,0,255,255,255,0,255,255,255,0,255,255,255,0,255,255,255,0,255,255,255,0,255,255,255,0,255,255,255,0,255,255,255,0,255,255,255,0,255,255,255,0,255,255,255,0,255,255,255,0,255,255,255,0,255,255,255,0,255,255,255,0,255,255,255,0,255,255,255,0,255,255,255,0,255,255,255,0,255,255,255,0,255,255,255,0,255,255,255,0,255,255,255,0,255,255,255,0,255,255,255,0,255,255,255,0,255,255,255,0,255,255,255,0,255,255,255,0,255,255,255,0,255,255,255,0,255,255,255,0,255,255,255,0,255,255,255,0,255,255,255,0,255,255,255,0,255,255,255,0,255,255,255,0,255,255,255,0,255,255,255,0,255,255,255,0,255,255,255,0,255,255,255,0,255,255,255,0,255,255,255,0,255,255,255,0,255,255,255,0,255,255,255,0,255,255,255,0,255,255,255,0,255,255,255,0,255,255,255,0,255,255,255,0,253,253,253,85,100,99,95,251,60,52,40,255,32,21,6,253,38,21,0,255,45,19,0,255,93,60,32,255,110,74,42,255,97,65,31,253,94,61,23,253,134,92,53,255,153,109,70,253,127,96,54,251,117,95,63,255,254,254,254,48,255,255,255,0,255,255,255,0,255,255,255,0,255,255,255,0,255,255,255,0,255,255,255,0,255,255,255,0,255,255,255,0,255,255,255,0,
255,255,255,0,255,255,255,0,255,255,255,0,255,255,255,0,255,255,255,0,255,255,255,0,255,255,255,0,255,255,255,0,255,255,255,0,255,255,255,0,255,255,255,0,255,255,255,0,255,255,255,0,255,255,255,0,255,255,255,0,255,255,255,0,255,255,255,0,255,255,255,0,255,255,255,0,255,255,255,0,255,255,255,0,255,255,255,0,255,255,255,0,255,255,255,0,255,255,255,0,255,255,255,0,255,255,255,0,255,255,255,0,255,255,255,0,255,255,255,0,255,255,255,0,255,255,255,0,255,255,255,0,255,255,255,0,255,255,255,0,255,255,255,0,255,255,255,0,255,255,255,0,255,255,255,0,255,255,255,0,255,255,255,0,255,255,255,0,255,255,255,0,255,255,255,0,255,255,255,0,255,255,255,0,255,255,255,0,255,255,255,0,255,255,255,0,255,255,255,0,255,255,255,0,255,255,255,0,255,255,255,0,255,255,255,0,255,255,255,0,255,255,255,0,255,255,255,0,255,255,255,0,255,255,255,0,255,255,255,1,243,231,223,207,117,82,55,255,149,103,68,249,188,125,82,253,178,112,68,255,155,94,50,255,149,93,49,255,141,87,40,255,143,89,45,255,132,80,36,255,137,85,40,255,142,90,45,255,133,83,38,255,130,83,39,255,125,82,36,255,118,80,36,255,116,76,32,255,131,85,43,255,135,87,46,255,143,95,53,255,129,83,41,255,114,73,29,255,116,76,34,255,118,78,37,255,113,74,31,255,113,74,31,255,116,75,29,255,125,82,36,255,135,87,43,255,139,89,47,255,140,87,48,255,143,88,49,255,137,84,44,255,130,82,41,255,128,82,39,255,127,84,41,255,132,87,44,255,141,91,50,255,144,91,52,255,148,93,49,255,150,96,50,255,138,87,37,255,134,87,38,255,129,87,39,255,126,84,39,255,118,81,38,255,119,90,44,251,111,74,31,255,113,81,41,255,112,85,59,253,158,139,122,241,254,254,253,60,255,255,255,0,255,255,255,0,255,255,255,0,255,255,255,0,255,255,255,0,255,255,255,0,255,255,255,0,255,255,255,0,255,255,255,0,255,255,255,0,255,255,255,0,255,255,255,0,255,255,255,0,255,255,255,0,255,255,255,0,255,255,255,0,255,255,255,0,255,255,255,0,255,255,255,0,255,255,255,0,255,255,255,0,255,255,255,0,255,255,255,0,255,255,255,0,255,255,255,0,255,255,255,0,255,255,255,0,255,255,255,0,255,255,255,0,255,255,255,0,255,255,255,0,255,255,255,0,255,255,255,0,255,255,255,0,255,255,255,0,255,255,255,0,255,255,255,0,255,255,255,0,255,255,255,0,255,255,255,0,255,255,255,0,255,255,255,0,255,255,255,0,255,255,255,0,255,255,255,0,255,255,255,0,255,255,255,0,255,255,255,0,255,255,255,0,255,255,255,0,255,255,255,0,255,255,255,0,255,255,255,0,255,255,255,0,255,255,255,0,255,255,255,0,255,255,255,0,255,255,255,0,255,255,255,8,177,171,166,249,6,0,0,255,47,34,17,255,93,74,54,253,111,84,53,255,123,87,53,255,126,81,50,253,126,80,47,253,124,83,43,255,125,93,50,251,91,52,17,255,62,23,0,255,105,67,36,255,120,98,77,251,255,255,255,7,255,255,255,0,255,255,255,0,255,255,255,0,255,255,255,0,255,255,255,0,255,255,255,0,255,255,255,0,255,255,255,0,255,255,255,0,
255,255,255,0,255,255,255,0,255,255,255,0,255,255,255,0,255,255,255,0,255,255,255,0,255,255,255,0,255,255,255,0,255,255,255,0,255,255,255,0,255,255,255,0,255,255,255,0,255,255,255,0,255,255,255,0,255,255,255,0,255,255,255,0,255,255,255,0,255,255,255,0,255,255,255,0,255,255,255,0,255,255,255,0,255,255,255,0,255,255,255,0,255,255,255,0,255,255,255,0,255,255,255,0,255,255,255,0,255,255,255,0,255,255,255,0,255,255,255,0,255,255,255,0,255,255,255,0,255,255,255,0,255,255,255,0,255,255,255,0,255,255,255,0,255,255,255,0,255,255,255,0,255,255,255,0,255,255,255,0,255,255,255,0,255,255,255,0,255,255,255,0,255,255,255,0,255,255,255,0,255,255,255,0,255,255,255,0,255,255,255,0,255,255,255,0,255,255,255,0,255,255,255,0,255,255,255,0,255,255,255,0,255,255,255,0,255,255,255,0,255,255,255,0,255,255,255,0,255,255,255,0,255,255,255,4,242,227,213,235,218,186,158,255,144,93,61,253,149,89,49,255,172,111,69,255,165,103,65,253,148,93,53,255,145,92,52,255,142,87,48,255,149,92,52,255,149,89,47,255,151,92,47,255,156,100,52,255,139,87,40,255,132,87,40,255,124,84,39,255,119,80,40,255,112,73,33,255,120,77,37,255,128,82,39,255,144,96,55,255,135,87,47,255,118,72,34,255,118,74,36,255,116,75,36,255,112,73,31,255,112,73,31,255,119,81,36,255,121,79,31,255,130,85,38,255,136,87,47,255,142,92,52,255,139,87,44,255,137,85,42,255,134,84,41,255,129,83,39,255,122,79,36,255,131,85,43,255,128,80,38,255,146,91,49,255,165,104,60,255,164,104,55,255,151,95,42,255,145,94,42,255,131,84,38,255,126,83,39,255,124,83,46,253,122,81,44,253,120,79,36,255,124,91,44,251,118,84,42,255,109,77,46,255,111,83,60,255,251,249,248,105,255,255,255,0,255,255,255,0,255,255,255,0,255,255,255,0,255,255,255,0,255,255,255,0,255,255,255,0,255,255,255,0,255,255,255,0,255,255,255,0,255,255,255,0,255,255,255,0,255,255,255,0,255,255,255,0,255,255,255,0,255,255,255,0,255,255,255,0,255,255,255,0,255,255,255,0,255,255,255,0,255,255,255,0,255,255,255,0,255,255,255,0,255,255,255,0,255,255,255,0,255,255,255,0,255,255,255,0,255,255,255,0,255,255,255,0,255,255,255,0,255,255,255,0,255,255,255,0,255,255,255,0,255,255,255,0,255,255,255,0,255,255,255,0,255,255,255,0,255,255,255,0,255,255,255,0,255,255,255,0,255,255,255,0,255,255,255,0,255,255,255,0,255,255,255,0,255,255,255,0,255,255,255,0,255,255,255,0,255,255,255,0,255,255,255,0,255,255,255,0,255,255,255,0,255,255,255,0,255,255,255,0,255,255,255,0,255,255,255,0,255,255,255,0,254,254,254,70,234,228,225,255,158,151,141,249,32,15,6,253,53,34,12,255,86,60,32,255,100,68,35,253,122,79,36,255,144,90,47,255,162,103,65,253,142,92,52,255,122,83,48,249,96,62,26,255,68,40,9,255,81,64,44,253,183,176,171,192,255,255,255,0,255,255,255,0,255,255,255,0,255,255,255,0,255,255,255,0,255,255,255,0,255,255,255,0,255,255,255,0,255,255,255,0,255,255,255,0,
255,255,255,0,255,255,255,0,255,255,255,0,255,255,255,0,255,255,255,0,255,255,255,0,255,255,255,0,255,255,255,0,255,255,255,0,255,255,255,0,255,255,255,0,255,255,255,0,255,255,255,0,255,255,255,0,255,255,255,0,255,255,255,0,255,255,255,0,255,255,255,0,255,255,255,0,255,255,255,0,255,255,255,0,255,255,255,0,255,255,255,0,255,255,255,0,255,255,255,0,255,255,255,0,255,255,255,0,255,255,255,0,255,255,255,0,255,255,255,0,255,255,255,0,255,255,255,0,255,255,255,0,255,255,255,0,255,255,255,0,255,255,255,0,255,255,255,0,255,255,255,0,255,255,255,0,255,255,255,0,255,255,255,0,255,255,255,0,255,255,255,0,255,255,255,0,255,255,255,0,255,255,255,0,255,255,255,0,255,255,255,0,255,255,255,0,255,255,255,0,255,255,255,0,255,255,255,0,255,255,255,0,255,255,255,0,255,255,255,0,255,255,255,0,255,255,255,0,255,255,255,0,207,198,194,209,119,88,65,253,141,97,60,255,186,132,93,251,174,110,68,255,159,97,62,253,144,89,52,255,138,85,47,255,138,85,47,255,139,86,47,255,156,99,58,255,185,124,81,255,175,112,67,255,165,105,55,255,147,91,41,255,131,84,38,255,117,76,32,255,116,75,36,255,116,74,37,255,112,69,29,255,119,76,32,255,138,92,52,255,130,84,44,255,121,74,38,255,113,68,33,255,114,72,33,255,115,74,36,255,117,77,36,255,120,79,36,255,129,82,36,255,133,84,36,255,133,85,41,255,138,87,47,255,137,85,42,255,136,83,41,255,130,83,39,255,132,87,42,255,131,85,43,255,133,87,46,255,134,84,41,255,153,96,52,255,180,117,69,255,188,123,76,255,171,113,63,255,162,108,60,255,140,92,47,255,132,87,44,255,126,81,38,255,131,83,45,253,130,85,40,255,137,96,49,251,126,83,37,255,143,101,68,245,130,89,56,255,182,150,126,249,248,244,243,131,255,255,255,0,255,255,255,0,255,255,255,0,255,255,255,0,255,255,255,0,255,255,255,0,255,255,255,0,255,255,255,0,255,255,255,0,255,255,255,0,255,255,255,0,255,255,255,0,255,255,255,0,255,255,255,0,255,255,255,0,255,255,255,0,255,255,255,0,255,255,255,0,255,255,255,0,255,255,255,0,255,255,255,0,255,255,255,0,255,255,255,0,255,255,255,0,255,255,255,0,255,255,255,0,255,255,255,0,255,255,255,0,255,255,255,0,255,255,255,0,255,255,255,0,255,255,255,0,255,255,255,0,255,255,255,0,255,255,255,0,255,255,255,0,255,255,255,0,255,255,255,0,255,255,255,0,255,255,255,0,255,255,255,0,255,255,255,0,255,255,255,0,255,255,255,0,255,255,255,0,255,255,255,0,255,255,255,0,255,255,255,0,255,255,255,0,255,255,255,0,255,255,255,0,255,255,255,0,255,255,255,0,255,255,255,2,239,231,226,222,45,36,29,255,6,0,0,255,53,31,12,255,113,87,63,255,92,67,39,249,80,50,19,255,112,80,40,255,129,87,41,255,190,134,89,255,206,145,102,255,169,114,73,255,111,67,28,255,122,96,65,249,94,73,48,255,33,21,12,251,255,255,255,32,255,255,255,0,255,255,255,0,255,255,255,0,255,255,255,0,255,255,255,0,255,255,255,0,255,255,255,0,255,255,255,0,255,255,255,0,255,255,255,0,
255,255,255,0,255,255,255,0,255,255,255,0,255,255,255,0,255,255,255,0,255,255,255,0,255,255,255,0,255,255,255,0,255,255,255,0,255,255,255,0,255,255,255,0,255,255,255,0,255,255,255,0,255,255,255,0,255,255,255,0,255,255,255,0,255,255,255,0,255,255,255,0,255,255,255,0,255,255,255,0,255,255,255,0,255,255,255,0,255,255,255,0,255,255,255,0,255,255,255,0,255,255,255,0,255,255,255,0,255,255,255,0,255,255,255,0,255,255,255,0,255,255,255,0,255,255,255,0,255,255,255,0,255,255,255,0,255,255,255,0,255,255,255,0,255,255,255,0,255,255,255,0,255,255,255,0,255,255,255,0,255,255,255,0,255,255,255,0,255,255,255,0,255,255,255,0,255,255,255,0,255,255,255,0,255,255,255,0,255,255,255,0,255,255,255,0,255,255,255,0,255,255,255,0,255,255,255,0,255,255,255,0,255,255,255,0,255,255,255,0,255,255,255,0,255,255,255,0,255,255,255,5,199,178,167,255,130,93,60,255,144,92,47,255,181,115,70,253,164,99,58,253,148,96,55,251,146,93,55,255,141,85,48,255,140,84,45,255,136,84,39,255,146,91,46,255,165,106,62,255,167,104,58,255,179,115,63,255,162,102,49,255,135,86,40,255,125,80,37,255,128,81,43,255,130,83,47,255,116,69,31,255,119,76,32,255,134,91,48,255,123,82,40,255,108,65,29,255,112,73,36,255,122,82,42,255,113,74,32,255,117,76,32,255,124,79,34,255,154,100,52,255,152,96,48,255,147,92,48,255,144,89,50,255,140,87,48,255,135,85,44,255,121,75,32,255,125,80,37,255,126,81,38,255,133,85,41,255,142,88,41,255,161,100,53,255,181,119,68,255,183,120,73,255,151,92,49,255,147,95,53,255,139,89,44,255,137,90,44,255,137,87,41,255,133,81,40,253,128,79,33,255,139,95,51,249,130,82,41,255,140,92,50,255,145,99,62,249,132,85,50,255,126,87,65,253,246,243,241,121,255,255,255,0,255,255,255,0,255,255,255,0,255,255,255,0,255,255,255,0,255,255,255,0,255,255,255,0,255,255,255,0,255,255,255,0,255,255,255,0,255,255,255,0,255,255,255,0,255,255,255,0,255,255,255,0,255,255,255,0,255,255,255,0,255,255,255,0,255,255,255,0,255,255,255,0,255,255,255,0,255,255,255,0,255,255,255,0,255,255,255,0,255,255,255,0,255,255,255,0,255,255,255,0,255,255,255,0,255,255,255,0,255,255,255,0,255,255,255,0,255,255,255,0,255,255,255,0,255,255,255,0,255,255,255,0,255,255,255,0,255,255,255,0,255,255,255,0,255,255,255,0,255,255,255,0,255,255,255,0,255,255,255,0,255,255,255,0,255,255,255,0,255,255,255,0,255,255,255,0,255,255,255,0,255,255,255,0,255,255,255,0,255,255,255,0,255,255,255,0,255,255,255,12,247,246,246,104,184,169,159,230,180,158,147,249,75,58,41,255,63,41,28,245,87,54,27,253,123,87,54,251,97,62,31,255,79,47,12,255,109,80,46,253,100,65,21,255,155,103,62,253,177,124,83,251,154,111,70,247,117,72,36,255,98,71,41,251,63,47,26,255,176,173,169,193,255,255,255,1,255,255,255,0,255,255,255,0,255,255,255,0,255,255,255,0,255,255,255,0,255,255,255,0,255,255,255,0,255,255,255,0,255,255,255,0,255,255,255,0,
255,255,255,0,255,255,255,0,255,255,255,0,255,255,255,0,255,255,255,0,255,255,255,0,255,255,255,0,255,255,255,0,255,255,255,0,255,255,255,0,255,255,255,0,255,255,255,0,255,255,255,0,255,255,255,0,255,255,255,0,255,255,255,0,255,255,255,0,255,255,255,0,255,255,255,0,255,255,255,0,255,255,255,0,255,255,255,0,255,255,255,0,255,255,255,0,255,255,255,0,255,255,255,0,255,255,255,0,255,255,255,0,255,255,255,0,255,255,255,0,255,255,255,0,255,255,255,0,255,255,255,0,255,255,255,0,255,255,255,0,255,255,255,0,255,255,255,0,255,255,255,0,255,255,255,0,255,255,255,0,255,255,255,0,255,255,255,0,255,255,255,0,255,255,255,0,255,255,255,0,255,255,255,0,255,255,255,0,255,255,255,0,255,255,255,0,255,255,255,0,255,255,255,0,255,255,255,0,255,255,255,0,255,255,255,0,255,255,255,0,255,255,255,0,255,255,255,0,255,255,255,9,203,185,171,245,126,82,46,255,145,87,39,255,178,115,68,255,159,98,54,251,135,82,42,255,150,104,71,249,152,103,72,255,159,110,79,255,155,109,69,255,156,108,65,255,150,96,52,255,165,105,58,255,201,137,86,255,178,115,65,255,135,81,36,255,133,83,40,255,138,87,47,255,135,87,47,255,116,69,31,255,114,73,31,255,123,84,41,255,108,72,31,255,87,49,12,255,99,62,23,255,118,81,40,255,109,69,25,255,108,68,21,255,137,87,41,255,193,135,86,255,193,130,83,255,171,112,69,255,156,99,58,255,145,92,52,255,134,84,43,255,119,74,31,255,119,76,32,255,123,78,33,255,138,87,42,255,169,108,65,255,186,121,74,255,193,128,80,255,175,114,65,255,141,84,41,255,144,92,49,255,141,92,47,255,144,99,52,255,152,106,67,255,163,117,78,253,162,119,78,253,153,109,68,255,147,99,60,251,134,84,43,255,146,91,49,255,150,103,71,245,128,83,50,255,183,159,141,232,255,255,255,9,255,255,255,0,255,255,255,0,255,255,255,0,255,255,255,0,255,255,255,0,255,255,255,0,255,255,255,0,255,255,255,0,255,255,255,0,255,255,255,0,255,255,255,0,255,255,255,0,255,255,255,0,255,255,255,0,255,255,255,0,255,255,255,0,255,255,255,0,255,255,255,0,255,255,255,0,255,255,255,0,255,255,255,0,255,255,255,0,255,255,255,0,255,255,255,0,255,255,255,0,255,255,255,0,255,255,255,0,255,255,255,0,255,255,255,0,255,255,255,0,255,255,255,0,255,255,255,0,255,255,255,0,255,255,255,0,255,255,255,0,255,255,255,0,255,255,255,0,255,255,255,0,255,255,255,0,255,255,255,0,255,255,255,0,255,255,255,0,255,255,255,0,255,255,255,0,255,255,255,0,255,255,255,0,255,255,255,0,255,255,255,3,252,252,252,117,126,123,116,243,25,12,6,253,41,19,0,255,69,41,17,255,98,71,42,255,125,91,60,255,128,79,42,255,117,65,26,255,122,80,41,255,125,98,61,249,87,58,19,255,71,38,0,255,114,68,25,255,134,81,45,253,143,96,60,255,137,99,66,253,57,32,9,253,27,18,18,249,255,255,255,12,255,255,255,0,255,255,255,0,255,255,255,0,255,255,255,0,255,255,255,0,255,255,255,0,255,255,255,0,255,255,255,0,255,255,255,0,255,255,255,0,255,255,255,0,
255,255,255,0,255,255,255,0,255,255,255,0,255,255,255,0,255,255,255,0,255,255,255,0,255,255,255,0,255,255,255,0,255,255,255,0,255,255,255,0,255,255,255,0,255,255,255,0,255,255,255,0,255,255,255,0,255,255,255,0,255,255,255,0,255,255,255,0,255,255,255,0,255,255,255,0,255,255,255,0,255,255,255,0,255,255,255,0,255,255,255,0,255,255,255,0,255,255,255,0,255,255,255,0,255,255,255,0,255,255,255,0,255,255,255,0,255,255,255,0,255,255,255,0,255,255,255,0,255,255,255,0,255,255,255,0,255,255,255,0,255,255,255,0,255,255,255,0,255,255,255,0,255,255,255,0,255,255,255,0,255,255,255,0,255,255,255,0,255,255,255,0,255,255,255,0,255,255,255,0,255,255,255,0,255,255,255,0,255,255,255,0,255,255,255,0,255,255,255,0,255,255,255,0,255,255,255,0,255,255,255,0,255,255,255,0,255,255,255,0,255,255,255,0,255,255,255,0,255,255,255,33,201,183,170,253,141,90,61,253,159,96,50,255,157,98,53,255,159,102,62,251,147,97,56,255,117,75,40,255,87,55,31,255,79,47,26,255,76,42,19,255,94,58,26,255,136,90,48,255,147,93,47,255,165,107,60,255,163,102,56,255,163,102,56,255,157,98,53,255,150,96,50,255,142,92,49,255,120,76,36,255,113,75,36,255,103,68,31,255,96,62,26,255,92,55,21,255,99,62,26,255,118,81,38,255,118,80,36,255,125,82,36,255,132,83,36,255,176,115,69,255,172,108,63,255,171,110,67,255,155,98,58,255,138,85,45,255,129,81,41,255,120,76,36,255,115,72,29,255,119,74,29,255,142,88,44,255,170,104,62,255,178,107,65,255,186,121,73,255,167,110,58,255,142,88,41,255,137,85,40,255,135,87,39,255,113,72,31,255,98,63,39,251,77,49,29,255,79,58,34,253,91,58,28,255,130,89,49,255,147,99,62,249,144,88,56,255,146,92,62,255,138,96,68,249,151,121,97,255,252,252,251,87,255,255,255,0,255,255,255,0,255,255,255,0,255,255,255,0,255,255,255,0,255,255,255,0,255,255,255,0,255,255,255,0,255,255,255,0,255,255,255,0,255,255,255,0,255,255,255,0,255,255,255,0,255,255,255,0,255,255,255,0,255,255,255,0,255,255,255,0,255,255,255,0,255,255,255,0,255,255,255,0,255,255,255,0,255,255,255,0,255,255,255,0,255,255,255,0,255,255,255,0,255,255,255,0,255,255,255,0,255,255,255,0,255,255,255,0,255,255,255,0,255,255,255,0,255,255,255,0,255,255,255,0,255,255,255,0,255,255,255,0,255,255,255,0,255,255,255,0,255,255,255,0,255,255,255,0,255,255,255,0,255,255,255,0,255,255,255,0,255,255,255,0,255,255,255,0,255,255,255,0,253,253,253,65,164,164,161,220,120,116,112,255,113,107,102,255,71,60,50,255,40,23,6,253,77,52,26,255,74,47,15,253,108,72,38,255,137,94,59,247,151,89,54,253,171,110,68,255,143,98,58,249,123,84,43,255,96,66,35,253,84,50,15,255,107,68,36,251,116,74,42,255,86,55,26,255,66,53,29,253,83,70,64,253,255,255,255,38,255,255,255,2,255,255,255,0,255,255,255,0,255,255,255,0,255,255,255,0,255,255,255,0,255,255,255,0,255,255,255,0,255,255,255,0,255,255,255,0,255,255,255,0,255,255,255,0,
255,255,255,0,255,255,255,0,255,255,255,0,255,255,255,0,255,255,255,0,255,255,255,0,255,255,255,0,255,255,255,0,255,255,255,0,255,255,255,0,255,255,255,0,255,255,255,0,255,255,255,0,255,255,255,0,255,255,255,0,255,255,255,0,255,255,255,0,255,255,255,0,255,255,255,0,255,255,255,0,255,255,255,0,255,255,255,0,255,255,255,0,255,255,255,0,255,255,255,0,255,255,255,0,255,255,255,0,255,255,255,0,255,255,255,0,255,255,255,0,255,255,255,0,255,255,255,0,255,255,255,0,255,255,255,0,255,255,255,0,255,255,255,0,255,255,255,0,255,255,255,0,255,255,255,0,255,255,255,0,255,255,255,0,255,255,255,0,255,255,255,0,255,255,255,0,255,255,255,0,255,255,255,0,255,255,255,0,255,255,255,0,255,255,255,0,255,255,255,0,255,255,255,0,255,255,255,0,255,255,255,0,255,255,255,0,255,255,255,0,255,255,255,0,255,255,255,0,188,176,171,245,136,109,91,255,169,118,83,255,163,99,61,253,160,104,65,253,134,84,41,255,161,110,77,251,91,47,21,251,26,3,0,255,12,0,0,255,21,3,0,255,50,23,3,255,142,106,73,255,142,99,58,255,136,83,41,255,153,95,50,255,192,128,84,255,185,122,74,255,160,102,53,255,149,97,50,255,115,72,29,255,104,67,28,255,90,56,21,255,88,56,23,255,93,60,25,255,103,69,32,255,111,74,31,255,115,75,31,255,127,84,39,255,132,82,37,255,156,97,52,255,155,94,50,255,169,112,69,255,154,99,58,255,134,84,43,255,129,81,41,255,124,80,39,255,121,77,36,255,126,81,36,255,143,91,47,255,179,115,74,255,181,112,72,255,167,106,58,255,159,103,53,255,143,91,44,255,133,87,43,255,140,101,60,255,107,75,44,255,40,18,6,253,17,0,0,255,15,0,0,255,59,39,23,247,137,98,58,255,144,93,50,255,143,87,61,253,140,91,60,251,112,68,36,255,118,90,62,255,181,176,171,213,255,255,255,1,255,255,255,0,255,255,255,0,255,255,255,0,255,255,255,0,255,255,255,0,255,255,255,0,255,255,255,0,255,255,255,0,255,255,255,0,255,255,255,0,255,255,255,0,255,255,255,0,255,255,255,0,255,255,255,0,255,255,255,0,255,255,255,0,255,255,255,0,255,255,255,0,255,255,255,0,255,255,255,0,255,255,255,0,255,255,255,0,255,255,255,0,255,255,255,0,255,255,255,0,255,255,255,0,255,255,255,0,255,255,255,0,255,255,255,0,255,255,255,0,255,255,255,0,255,255,255,0,255,255,255,0,255,255,255,0,255,255,255,0,255,255,255,0,255,255,255,0,255,255,255,0,255,255,255,0,255,255,255,0,255,255,255,0,255,255,255,0,255,255,255,0,255,255,255,109,65,64,59,253,26,23,17,255,39,32,28,247,32,18,6,253,48,31,12,255,109,84,62,255,99,74,43,251,94,63,26,255,119,82,48,253,121,73,33,255,182,120,79,255,215,164,124,243,157,105,62,251,117,75,34,255,111,83,46,251,88,56,26,255,107,74,47,255,118,90,65,255,37,18,6,253,12,6,6,253,203,201,199,173,255,255,255,6,255,255,255,0,255,255,255,0,255,255,255,0,255,255,255,0,255,255,255,0,255,255,255,0,255,255,255,0,255,255,255,0,255,255,255,0,255,255,255,0,255,255,255,0,255,255,255,0,
255,255,255,0,255,255,255,0,255,255,255,0,255,255,255,0,255,255,255,0,255,255,255,0,255,255,255,0,255,255,255,0,255,255,255,0,255,255,255,0,255,255,255,0,255,255,255,0,255,255,255,0,255,255,255,0,255,255,255,0,255,255,255,0,255,255,255,0,255,255,255,0,255,255,255,0,255,255,255,0,255,255,255,0,255,255,255,0,255,255,255,0,255,255,255,0,255,255,255,0,255,255,255,0,255,255,255,0,255,255,255,0,255,255,255,0,255,255,255,0,255,255,255,0,255,255,255,0,255,255,255,0,255,255,255,0,255,255,255,0,255,255,255,0,255,255,255,0,255,255,255,0,255,255,255,0,255,255,255,0,255,255,255,0,255,255,255,0,255,255,255,0,255,255,255,0,255,255,255,0,255,255,255,0,255,255,255,0,255,255,255,0,255,255,255,0,255,255,255,0,255,255,255,0,255,255,255,0,255,255,255,0,255,255,255,0,255,255,255,0,255,255,255,0,255,255,255,19,124,99,83,255,113,74,46,255,167,119,84,251,155,101,55,255,144,97,53,255,149,106,68,247,177,126,89,255,87,45,17,255,19,0,0,255,3,0,0,255,3,0,0,255,9,0,0,255,84,60,42,255,90,55,28,255,121,79,40,255,147,95,50,255,173,115,68,255,177,117,68,255,171,113,63,255,153,99,50,255,124,76,36,255,117,75,36,255,101,65,29,255,97,65,31,255,86,55,19,255,102,68,31,255,112,74,32,255,123,82,38,255,129,86,43,255,135,87,43,255,144,92,47,255,142,88,44,255,157,104,62,255,147,97,55,255,130,82,41,255,125,80,37,255,119,76,32,255,118,75,31,255,128,82,37,255,134,86,42,255,156,103,62,255,158,104,60,255,150,96,52,255,152,100,53,255,134,87,38,255,119,80,38,255,79,53,25,255,49,31,17,255,12,0,0,255,21,18,18,249,3,0,0,255,33,15,0,255,132,93,53,255,147,95,54,253,140,92,50,255,131,87,47,255,108,72,31,255,109,82,49,255,119,105,93,251,252,252,252,82,255,255,255,0,255,255,255,0,255,255,255,0,255,255,255,0,255,255,255,0,255,255,255,0,255,255,255,0,255,255,255,0,255,255,255,0,255,255,255,0,255,255,255,0,255,255,255,0,255,255,255,0,255,255,255,0,255,255,255,0,255,255,255,0,255,255,255,0,255,255,255,0,255,255,255,0,255,255,255,0,255,255,255,0,255,255,255,0,255,255,255,0,255,255,255,0,255,255,255,0,255,255,255,0,255,255,255,0,255,255,255,0,255,255,255,0,255,255,255,0,255,255,255,0,255,255,255,0,255,255,255,0,255,255,255,0,255,255,255,0,255,255,255,0,255,255,255,0,255,255,255,0,255,255,255,0,255,255,255,0,255,255,255,0,255,255,255,0,253,253,253,68,142,143,138,251,23,21,19,255,0,0,0,255,15,6,0,255,34,19,0,255,65,39,12,255,109,84,54,251,80,61,25,253,83,56,19,255,109,74,36,255,130,90,49,251,165,116,77,249,178,126,82,255,142,96,52,255,123,89,45,251,102,67,32,255,99,74,45,251,55,36,12,255,63,54,39,247,58,48,40,255,112,108,105,243,253,253,253,62,255,255,255,1,255,255,255,0,255,255,255,0,255,255,255,0,255,255,255,0,255,255,255,0,255,255,255,0,255,255,255,0,255,255,255,0,255,255,255,0,255,255,255,0,255,255,255,0,255,255,255,0,
255,255,255,0,255,255,255,0,255,255,255,0,255,255,255,0,255,255,255,0,255,255,255,0,255,255,255,0,255,255,255,0,255,255,255,0,255,255,255,0,255,255,255,0,255,255,255,0,255,255,255,0,255,255,255,0,255,255,255,0,255,255,255,0,255,255,255,0,255,255,255,0,255,255,255,0,255,255,255,0,255,255,255,0,255,255,255,0,255,255,255,0,255,255,255,0,255,255,255,0,255,255,255,0,255,255,255,0,255,255,255,0,255,255,255,0,255,255,255,0,255,255,255,0,255,255,255,0,255,255,255,0,255,255,255,0,255,255,255,0,255,255,255,0,255,255,255,0,255,255,255,0,255,255,255,0,255,255,255,0,255,255,255,0,255,255,255,0,255,255,255,0,255,255,255,0,255,255,255,0,255,255,255,0,255,255,255,0,255,255,255,0,255,255,255,0,255,255,255,0,255,255,255,0,255,255,255,0,255,255,255,0,255,255,255,0,255,255,255,0,255,255,255,0,232,224,217,243,157,126,104,255,135,92,61,253,153,103,58,255,150,97,54,253,129,81,37,255,148,98,64,253,206,151,113,255,116,77,46,251,19,0,0,255,0,0,0,255,0,0,0,255,6,0,0,255,9,0,0,255,36,12,0,255,125,93,62,255,138,97,55,255,139,87,42,255,162,103,56,255,176,117,73,255,170,114,71,255,135,85,42,255,134,90,50,255,111,74,36,255,105,72,36,255,85,53,17,255,99,67,29,255,114,76,36,255,123,82,38,255,121,77,36,255,132,87,42,255,144,93,50,255,133,83,40,255,136,87,44,255,138,91,47,255,128,82,39,255,124,80,37,255,117,73,31,255,119,76,32,255,131,86,41,255,130,85,40,255,132,87,42,255,137,89,48,255,139,87,48,255,135,89,48,255,119,80,40,255,109,80,48,255,12,0,0,255,6,0,0,255,15,12,12,251,3,0,6,255,12,9,9,253,29,12,0,255,132,92,58,255,145,95,49,255,139,94,49,255,137,98,58,249,120,91,45,251,103,74,38,255,109,92,68,251,131,112,99,253,244,243,243,115,255,255,255,0,255,255,255,0,255,255,255,0,255,255,255,0,255,255,255,0,255,255,255,0,255,255,255,0,255,255,255,0,255,255,255,0,255,255,255,0,255,255,255,0,255,255,255,0,255,255,255,0,255,255,255,0,255,255,255,0,255,255,255,0,255,255,255,0,255,255,255,0,255,255,255,0,255,255,255,0,255,255,255,0,255,255,255,0,255,255,255,0,255,255,255,0,255,255,255,0,255,255,255,0,255,255,255,0,255,255,255,0,255,255,255,0,255,255,255,0,255,255,255,0,255,255,255,0,255,255,255,0,255,255,255,0,255,255,255,0,255,255,255,0,255,255,255,0,255,255,255,0,255,255,255,0,255,255,255,0,255,255,255,19,54,55,48,253,25,25,18,253,0,0,0,255,27,18,18,249,53,37,19,255,96,73,48,255,91,64,32,253,88,55,19,255,79,53,12,255,68,42,3,255,103,68,31,255,116,74,37,255,126,80,45,253,125,80,37,255,123,82,45,253,116,78,41,255,90,60,29,255,90,68,43,255,9,0,0,255,3,0,0,255,114,110,109,251,210,210,210,190,255,255,255,24,255,255,255,0,255,255,255,0,255,255,255,0,255,255,255,0,255,255,255,0,255,255,255,0,255,255,255,0,255,255,255,0,255,255,255,0,255,255,255,0,255,255,255,0,255,255,255,0,255,255,255,0,
255,255,255,0,255,255,255,0,255,255,255,0,255,255,255,0,255,255,255,0,255,255,255,0,255,255,255,0,255,255,255,0,255,255,255,0,255,255,255,0,255,255,255,0,255,255,255,0,255,255,255,0,255,255,255,0,255,255,255,0,255,255,255,0,255,255,255,0,255,255,255,0,255,255,255,0,255,255,255,0,255,255,255,0,255,255,255,0,255,255,255,0,255,255,255,0,255,255,255,0,255,255,255,0,255,255,255,0,255,255,255,0,255,255,255,0,255,255,255,0,255,255,255,0,255,255,255,0,255,255,255,0,255,255,255,0,255,255,255,0,255,255,255,0,255,255,255,0,255,255,255,0,255,255,255,0,255,255,255,0,255,255,255,0,255,255,255,0,255,255,255,0,255,255,255,0,255,255,255,0,255,255,255,0,255,255,255,0,255,255,255,0,255,255,255,0,255,255,255,0,255,255,255,0,255,255,255,0,255,255,255,0,255,255,255,0,255,255,255,0,225,221,220,224,128,112,99,255,115,87,60,255,118,81,42,255,159,109,62,255,144,91,42,255,137,85,42,255,145,93,50,255,210,153,111,255,112,67,33,255,19,3,0,255,12,9,9,255,40,38,37,255,21,17,15,255,6,0,0,255,25,12,3,255,74,53,36,255,95,65,34,255,128,84,42,255,157,105,60,255,163,105,69,255,159,101,65,255,139,86,47,255,135,87,43,255,125,81,40,255,112,74,34,255,88,55,17,255,92,62,23,255,106,71,29,255,112,74,32,255,126,84,39,255,121,79,31,255,138,90,49,255,134,86,44,255,137,90,47,255,135,89,44,255,128,84,42,255,122,81,37,255,115,72,29,255,125,82,36,255,130,84,42,255,126,81,38,255,142,96,53,255,139,93,53,255,131,85,47,255,122,81,48,255,90,62,36,255,63,48,31,255,37,34,26,255,17,21,19,255,3,6,3,255,0,3,0,255,3,0,0,255,36,19,9,255,136,98,68,255,137,89,48,255,137,90,47,255,132,89,43,255,123,84,37,255,104,69,32,253,96,62,31,255,76,51,31,253,41,31,18,251,249,248,248,113,255,255,255,0,255,255,255,0,255,255,255,0,255,255,255,0,255,255,255,0,255,255,255,0,255,255,255,0,255,255,255,0,255,255,255,0,255,255,255,0,255,255,255,0,255,255,255,0,255,255,255,0,255,255,255,0,255,255,255,0,255,255,255,0,255,255,255,0,255,255,255,0,255,255,255,0,255,255,255,0,255,255,255,0,255,255,255,0,255,255,255,0,255,255,255,0,255,255,255,0,255,255,255,0,255,255,255,0,255,255,255,0,255,255,255,0,255,255,255,0,255,255,255,0,255,255,255,0,255,255,255,0,255,255,255,0,255,255,255,0,255,255,255,0,255,255,255,6,255,255,255,30,226,226,225,162,169,169,164,245,29,27,24,251,3,0,0,255,6,0,0,255,32,15,0,255,69,47,23,255,100,68,39,255,98,60,26,255,104,67,28,255,100,65,23,255,88,55,12,255,105,66,38,253,113,73,40,255,113,74,37,255,116,82,40,251,115,74,37,255,105,74,40,255,66,52,25,253,55,44,26,255,45,36,26,255,39,35,33,251,134,128,128,245,254,254,254,45,255,255,255,0,255,255,255,0,255,255,255,0,255,255,255,0,255,255,255,0,255,255,255,0,255,255,255,0,255,255,255,0,255,255,255,0,255,255,255,0,255,255,255,0,255,255,255,0,255,255,255,0,255,255,255,0,
255,255,255,0,255,255,255,0,255,255,255,0,255,255,255,0,255,255,255,0,255,255,255,0,255,255,255,0,255,255,255,0,255,255,255,0,255,255,255,0,255,255,255,0,255,255,255,0,255,255,255,0,255,255,255,0,255,255,255,0,255,255,255,0,255,255,255,0,255,255,255,0,255,255,255,0,255,255,255,0,255,255,255,0,255,255,255,0,255,255,255,0,255,255,255,0,255,255,255,0,255,255,255,0,255,255,255,0,255,255,255,0,255,255,255,0,255,255,255,0,255,255,255,0,255,255,255,0,255,255,255,0,255,255,255,0,255,255,255,0,255,255,255,0,255,255,255,0,255,255,255,0,255,255,255,0,255,255,255,0,255,255,255,0,255,255,255,0,255,255,255,0,255,255,255,0,255,255,255,0,255,255,255,0,255,255,255,0,255,255,255,0,255,255,255,0,255,255,255,0,255,255,255,0,255,255,255,0,255,255,255,0,255,255,255,0,254,254,254,84,34,21,9,255,47,27,6,253,42,17,0,255,92,56,17,255,158,108,60,255,153,97,49,255,134,79,37,255,150,95,55,255,212,151,106,255,106,55,17,255,19,0,0,255,68,60,56,255,175,168,166,255,111,107,106,255,0,0,0,255,6,3,0,255,6,0,0,255,41,21,0,255,118,83,48,255,138,94,55,255,131,80,43,255,140,87,52,255,135,82,42,255,139,87,44,255,151,103,65,255,117,75,36,255,78,45,6,255,79,47,12,255,88,55,17,255,94,58,17,255,115,75,28,255,121,77,33,255,142,94,52,255,137,89,48,255,136,87,47,255,136,90,48,255,129,87,47,255,123,84,41,255,114,73,29,255,117,73,31,255,130,84,42,255,136,90,48,255,143,97,55,255,132,87,49,255,134,94,62,255,97,63,40,255,12,0,0,255,6,0,0,255,169,168,164,255,121,123,122,255,9,12,9,255,3,3,0,255,12,0,0,255,31,6,0,255,137,94,62,255,144,93,50,255,135,85,42,255,143,97,53,255,118,77,37,253,106,68,25,255,93,55,21,255,78,47,19,255,73,58,39,249,170,161,155,251,246,245,244,124,255,255,255,3,255,255,255,0,255,255,255,0,255,255,255,0,255,255,255,0,255,255,255,0,255,255,255,0,255,255,255,0,255,255,255,0,255,255,255,0,255,255,255,0,255,255,255,0,255,255,255,0,255,255,255,0,255,255,255,0,255,255,255,0,255,255,255,0,255,255,255,0,255,255,255,0,255,255,255,0,255,255,255,0,255,255,255,0,255,255,255,0,255,255,255,0,255,255,255,0,255,255,255,0,255,255,255,0,255,255,255,0,255,255,255,0,255,255,255,0,255,255,255,0,255,255,255,0,255,255,255,0,255,255,255,0,255,255,255,35,143,139,139,215,21,18,18,249,18,12,12,251,3,0,0,255,12,6,6,253,6,0,0,255,65,52,36,255,85,63,40,255,111,77,52,255,127,87,55,255,119,75,36,255,128,84,42,255,122,83,38,255,119,82,39,255,92,55,21,255,88,55,28,249,77,43,9,255,99,68,35,251,90,58,25,255,85,64,38,253,33,18,12,251,3,0,0,255,171,163,159,249,196,188,187,237,245,245,245,97,255,255,255,0,255,255,255,0,255,255,255,0,255,255,255,0,255,255,255,0,255,255,255,0,255,255,255,0,255,255,255,0,255,255,255,0,255,255,255,0,255,255,255,0,255,255,255,0,255,255,255,0,255,255,255,0,255,255,255,0,
255,255,255,0,255,255,255,0,255,255,255,0,255,255,255,0,255,255,255,0,255,255,255,0,255,255,255,0,255,255,255,0,255,255,255,0,255,255,255,0,255,255,255,0,255,255,255,0,255,255,255,0,255,255,255,0,255,255,255,0,255,255,255,0,255,255,255,0,255,255,255,0,255,255,255,0,255,255,255,0,255,255,255,0,255,255,255,0,255,255,255,0,255,255,255,0,255,255,255,0,255,255,255,0,255,255,255,0,255,255,255,0,255,255,255,0,255,255,255,0,255,255,255,0,255,255,255,0,255,255,255,0,255,255,255,0,255,255,255,0,255,255,255,0,255,255,255,0,255,255,255,0,255,255,255,0,255,255,255,0,255,255,255,0,255,255,255,0,255,255,255,0,255,255,255,0,255,255,255,0,255,255,255,0,255,255,255,0,255,255,255,0,255,255,255,0,255,255,255,0,255,255,255,0,255,255,255,0,255,255,255,0,255,255,255,41,169,159,147,255,46,31,9,255,56,37,6,255,52,26,0,255,104,68,36,255,163,111,67,255,151,93,45,255,133,78,38,255,153,95,58,255,197,130,89,255,135,75,36,255,62,23,0,255,76,53,40,255,95,84,83,255,65,60,63,255,3,0,0,255,6,0,0,255,34,28,25,255,47,33,23,255,74,47,28,255,96,62,31,255,125,86,44,255,138,93,48,255,138,86,43,255,135,79,43,255,146,94,62,255,121,77,44,255,90,55,25,255,84,55,21,255,93,60,26,255,101,63,28,255,124,83,41,255,130,84,42,255,140,92,50,255,135,85,44,255,144,93,52,255,133,85,43,255,117,77,38,255,112,74,34,255,120,84,40,255,112,73,31,255,127,84,44,255,125,82,38,255,132,87,40,255,121,80,38,255,97,63,40,255,69,47,33,255,23,15,6,255,34,31,23,255,96,89,87,255,75,68,65,255,17,9,6,255,12,0,0,255,55,28,9,255,86,47,19,255,146,95,58,255,152,95,50,255,143,91,44,255,132,82,37,255,128,82,39,255,112,77,37,251,91,60,26,255,88,70,46,245,47,32,12,255,38,31,12,255,42,35,18,253,184,181,169,249,254,254,254,77,255,255,255,1,255,255,255,0,255,255,255,0,255,255,255,0,255,255,255,0,255,255,255,0,255,255,255,0,255,255,255,0,255,255,255,0,255,255,255,0,255,255,255,0,255,255,255,0,255,255,255,0,255,255,255,0,255,255,255,0,255,255,255,0,255,255,255,0,255,255,255,0,255,255,255,0,255,255,255,0,255,255,255,0,255,255,255,0,255,255,255,0,255,255,255,0,255,255,255,0,255,255,255,0,255,255,255,0,255,255,255,0,255,255,255,0,255,255,255,0,255,255,255,0,255,255,255,0,218,220,218,176,85,85,85,253,6,6,6,253,26,21,9,255,34,25,6,253,32,17,0,255,31,12,0,255,67,47,23,255,82,53,28,255,104,65,34,255,124,78,40,255,137,87,43,255,151,104,55,255,119,79,31,255,115,81,36,255,96,59,31,251,79,48,19,255,96,68,36,251,93,68,35,251,72,52,23,255,62,46,28,255,63,50,47,255,55,44,45,249,166,160,160,239,234,234,233,133,255,255,255,4,255,255,255,0,255,255,255,0,255,255,255,0,255,255,255,0,255,255,255,0,255,255,255,0,255,255,255,0,255,255,255,0,255,255,255,0,255,255,255,0,255,255,255,0,255,255,255,0,255,255,255,0,255,255,255,0,255,255,255,0,
255,255,255,0,255,255,255,0,255,255,255,0,255,255,255,0,255,255,255,0,255,255,255,0,255,255,255,0,255,255,255,0,255,255,255,0,255,255,255,0,255,255,255,0,255,255,255,0,255,255,255,0,255,255,255,0,255,255,255,0,255,255,255,0,255,255,255,0,255,255,255,0,255,255,255,0,255,255,255,0,255,255,255,0,255,255,255,0,255,255,255,0,255,255,255,0,255,255,255,0,255,255,255,0,255,255,255,0,255,255,255,0,255,255,255,0,255,255,255,0,255,255,255,0,255,255,255,0,255,255,255,0,255,255,255,0,255,255,255,0,255,255,255,0,255,255,255,0,255,255,255,0,255,255,255,0,255,255,255,0,255,255,255,0,255,255,255,0,255,255,255,0,255,255,255,0,255,255,255,0,255,255,255,0,255,255,255,0,255,255,255,0,255,255,255,0,255,255,255,0,255,255,255,0,255,255,255,0,254,254,253,102,25,15,6,253,47,34,15,255,66,54,27,253,58,38,9,255,48,26,0,255,107,71,37,255,179,122,77,255,164,101,53,255,136,83,41,255,149,94,55,255,171,107,65,255,177,115,74,255,214,165,131,255,98,62,38,255,17,0,0,255,6,0,0,255,6,0,0,255,29,26,28,255,177,172,173,255,89,81,76,255,15,0,0,255,51,26,3,255,126,95,58,255,129,87,44,255,138,87,47,255,146,90,53,255,140,89,53,255,126,81,47,255,89,55,19,255,84,52,19,255,93,60,26,255,105,67,33,255,138,94,55,255,137,89,48,255,139,87,48,255,137,86,45,255,146,93,53,255,119,69,31,255,90,50,9,255,89,50,12,255,111,74,33,255,112,73,31,255,134,96,53,255,123,82,40,255,148,107,63,255,88,52,17,255,26,0,0,255,32,19,12,255,155,154,150,255,118,118,116,255,9,3,0,255,9,0,0,255,15,0,0,255,44,17,0,255,164,123,93,255,196,145,108,255,170,114,71,255,170,111,67,255,139,87,42,255,132,82,39,255,123,83,39,251,108,68,31,255,83,53,21,255,69,53,25,253,47,32,9,255,51,40,24,251,34,26,6,255,70,64,54,247,28,23,23,255,195,193,195,199,255,255,255,3,255,255,255,0,255,255,255,0,255,255,255,0,255,255,255,0,255,255,255,0,255,255,255,0,255,255,255,0,255,255,255,0,255,255,255,0,255,255,255,0,255,255,255,0,255,255,255,0,255,255,255,0,255,255,255,0,255,255,255,0,255,255,255,0,255,255,255,0,255,255,255,0,255,255,255,0,255,255,255,0,255,255,255,0,255,255,255,0,255,255,255,0,255,255,255,0,255,255,255,0,255,255,255,0,255,255,255,0,255,255,255,0,255,255,255,0,255,255,255,0,98,99,95,245,6,0,0,255,3,0,0,255,50,37,21,253,83,63,40,255,90,65,37,251,94,68,37,251,65,40,12,255,78,47,17,255,111,71,37,255,145,99,60,255,181,130,83,255,206,158,108,255,139,97,47,255,129,93,48,255,100,68,36,255,87,64,35,253,104,82,55,253,100,82,53,255,23,9,0,255,32,25,23,247,159,152,153,239,238,232,237,224,223,221,221,154,255,255,255,7,255,255,255,0,255,255,255,0,255,255,255,0,255,255,255,0,255,255,255,0,255,255,255,0,255,255,255,0,255,255,255,0,255,255,255,0,255,255,255,0,255,255,255,0,255,255,255,0,255,255,255,0,255,255,255,0,255,255,255,0,255,255,255,0,
255,255,255,0,255,255,255,0,255,255,255,0,255,255,255,0,255,255,255,0,255,255,255,0,255,255,255,0,255,255,255,0,255,255,255,0,255,255,255,0,255,255,255,0,255,255,255,0,255,255,255,0,255,255,255,0,255,255,255,0,255,255,255,0,255,255,255,0,255,255,255,0,255,255,255,0,255,255,255,0,255,255,255,0,255,255,255,0,255,255,255,0,255,255,255,0,255,255,255,0,255,255,255,0,255,255,255,0,255,255,255,0,255,255,255,0,255,255,255,0,255,255,255,0,255,255,255,0,255,255,255,0,255,255,255,0,255,255,255,0,255,255,255,0,255,255,255,0,255,255,255,0,255,255,255,0,255,255,255,0,255,255,255,0,255,255,255,0,255,255,255,0,255,255,255,0,255,255,255,0,255,255,255,0,255,255,255,0,255,255,255,0,255,255,255,0,255,255,255,0,255,255,255,0,244,242,239,170,137,126,109,253,41,33,12,251,60,43,19,255,58,40,12,255,71,58,28,249,38,21,0,255,109,78,38,255,185,125,76,255,170,103,52,255,142,90,43,255,143,96,49,255,146,91,46,255,160,103,58,255,189,132,92,255,130,81,47,255,71,36,9,255,58,36,19,255,9,0,0,255,25,23,23,255,90,87,86,255,49,46,40,255,6,0,0,255,32,17,6,255,87,62,36,255,106,69,36,255,143,94,60,255,144,91,53,255,144,93,52,255,128,82,39,255,107,72,31,255,93,60,23,255,90,55,19,255,106,65,31,255,143,96,60,255,140,90,49,255,138,87,44,255,138,87,44,255,146,95,55,255,128,80,40,255,104,65,25,255,103,65,26,255,122,82,42,255,113,74,32,255,127,89,47,255,111,74,36,255,106,72,42,255,74,47,28,255,9,0,0,255,9,6,3,255,85,84,84,255,68,68,65,255,9,6,0,255,19,9,0,255,67,36,15,255,115,69,41,255,160,107,68,255,194,135,91,255,162,103,58,255,160,103,60,255,140,90,47,255,131,85,43,255,122,79,38,255,126,94,60,245,91,61,31,253,74,48,21,255,68,53,29,247,55,38,21,249,46,34,12,255,44,32,17,255,40,34,31,253,142,137,141,251,233,229,231,217,255,255,255,1,255,255,255,0,255,255,255,0,255,255,255,0,255,255,255,0,255,255,255,0,255,255,255,0,255,255,255,0,255,255,255,0,255,255,255,0,255,255,255,0,255,255,255,0,255,255,255,0,255,255,255,0,255,255,255,0,255,255,255,0,255,255,255,0,255,255,255,0,255,255,255,0,255,255,255,0,255,255,255,0,255,255,255,0,255,255,255,0,255,255,255,0,255,255,255,0,255,255,255,0,255,255,255,0,255,255,255,1,255,255,255,7,254,253,252,145,121,111,99,253,36,21,12,251,44,25,6,255,73,53,25,253,110,83,50,251,112,81,45,251,110,76,39,255,95,67,31,255,91,62,26,255,97,65,23,255,110,71,29,255,148,104,55,255,178,131,83,255,122,80,32,255,125,86,44,255,100,67,32,255,94,65,39,251,74,53,28,255,63,48,31,255,85,73,64,247,131,126,121,235,205,202,202,206,246,245,246,130,255,255,255,25,255,255,255,0,255,255,255,0,255,255,255,0,255,255,255,0,255,255,255,0,255,255,255,0,255,255,255,0,255,255,255,0,255,255,255,0,255,255,255,0,255,255,255,0,255,255,255,0,255,255,255,0,255,255,255,0,255,255,255,0,255,255,255,0,255,255,255,0,
255,255,255,0,255,255,255,0,255,255,255,0,255,255,255,0,255,255,255,0,255,255,255,0,255,255,255,0,255,255,255,0,255,255,255,0,255,255,255,0,255,255,255,0,255,255,255,0,255,255,255,0,255,255,255,0,255,255,255,0,255,255,255,0,255,255,255,0,255,255,255,0,255,255,255,0,255,255,255,0,255,255,255,0,255,255,255,0,255,255,255,0,255,255,255,0,255,255,255,0,255,255,255,0,255,255,255,0,255,255,255,0,255,255,255,0,255,255,255,0,255,255,255,0,255,255,255,0,255,255,255,0,255,255,255,0,255,255,255,0,255,255,255,0,255,255,255,0,255,255,255,0,255,255,255,0,255,255,255,0,255,255,255,0,255,255,255,0,255,255,255,0,255,255,255,0,255,255,255,0,255,255,255,0,255,255,255,0,255,255,255,0,255,255,255,0,255,255,255,1,224,222,212,218,75,65,47,253,55,39,15,255,73,53,28,255,66,53,25,253,65,44,15,255,60,39,9,255,43,26,0,255,108,78,36,255,206,148,99,255,181,114,63,255,141,85,37,255,141,92,44,255,138,86,39,255,149,95,50,255,152,93,50,255,187,129,90,255,193,144,108,255,117,81,52,255,15,0,0,255,9,0,0,255,12,0,0,255,12,0,0,255,12,0,0,255,17,0,0,255,42,19,0,255,76,42,17,255,146,99,67,255,138,85,47,255,143,90,48,255,131,86,41,255,119,80,38,255,102,68,26,255,89,53,17,255,103,62,26,255,140,94,55,255,141,91,50,255,138,91,47,255,138,91,47,255,144,96,55,255,133,87,46,255,119,76,38,255,119,80,40,255,128,87,46,255,121,80,38,255,132,91,50,255,108,73,36,255,68,42,17,255,23,3,0,255,9,0,0,255,9,0,0,255,12,3,0,255,12,0,0,255,9,0,0,255,29,3,0,255,159,113,83,255,192,137,97,255,164,105,60,255,169,108,62,255,142,83,38,255,139,84,40,255,135,85,44,255,138,92,52,255,124,83,43,255,105,66,37,253,94,62,31,255,69,43,17,255,46,26,3,255,48,31,12,255,47,32,12,255,49,39,27,251,73,65,57,251,91,86,83,255,87,79,80,253,185,181,181,206,255,255,255,3,255,255,255,0,255,255,255,0,255,255,255,0,255,255,255,0,255,255,255,0,255,255,255,0,255,255,255,0,255,255,255,0,255,255,255,0,255,255,255,0,255,255,255,0,255,255,255,0,255,255,255,0,255,255,255,0,255,255,255,0,255,255,255,0,255,255,255,0,255,255,255,0,255,255,255,0,255,255,255,0,255,255,255,0,255,255,255,0,255,255,255,20,152,151,147,237,85,84,77,255,91,86,83,251,89,81,75,255,128,114,98,255,114,94,73,253,80,55,36,255,75,47,21,255,107,71,39,255,127,87,56,249,117,71,31,255,129,89,53,247,115,78,38,255,109,75,36,255,87,53,12,255,75,40,0,255,118,75,29,255,147,102,58,255,123,82,40,255,123,86,50,255,101,70,46,253,91,69,47,255,38,25,9,255,46,39,33,243,224,222,222,151,252,252,252,73,255,255,255,31,255,255,255,5,255,255,255,0,255,255,255,0,255,255,255,0,255,255,255,0,255,255,255,0,255,255,255,0,255,255,255,0,255,255,255,0,255,255,255,0,255,255,255,0,255,255,255,0,255,255,255,0,255,255,255,0,255,255,255,0,255,255,255,0,255,255,255,0,255,255,255,0,255,255,255,0,
255,255,255,0,255,255,255,0,255,255,255,0,255,255,255,0,255,255,255,0,255,255,255,0,255,255,255,0,255,255,255,0,255,255,255,0,255,255,255,0,255,255,255,0,255,255,255,0,255,255,255,0,255,255,255,0,255,255,255,0,255,255,255,0,255,255,255,0,255,255,255,0,255,255,255,0,255,255,255,0,255,255,255,0,255,255,255,0,255,255,255,0,255,255,255,0,255,255,255,0,255,255,255,0,255,255,255,0,255,255,255,0,255,255,255,0,255,255,255,0,255,255,255,0,255,255,255,0,255,255,255,0,255,255,255,0,255,255,255,0,255,255,255,0,255,255,255,0,255,255,255,0,255,255,255,0,255,255,255,0,255,255,255,0,255,255,255,0,255,255,255,0,255,255,255,0,255,255,255,0,255,255,255,0,255,255,255,0,255,255,255,0,255,255,255,10,189,185,172,243,101,89,65,255,62,38,18,249,62,36,3,255,80,55,26,255,84,64,35,249,84,58,32,255,65,39,12,255,45,21,0,255,97,65,31,255,178,124,81,255,170,104,58,255,168,105,58,255,157,96,50,255,137,80,37,255,143,88,47,255,147,92,50,255,169,112,69,255,191,132,87,255,164,109,71,255,84,39,9,255,78,38,12,255,76,33,9,255,75,32,9,255,79,36,12,255,69,34,12,255,40,17,0,255,63,37,12,255,143,99,63,255,140,85,43,255,147,95,53,255,129,81,39,255,122,81,37,255,112,74,32,255,106,68,28,255,110,71,31,255,131,85,43,255,135,87,46,255,135,89,47,255,135,89,47,255,138,92,50,255,131,87,44,255,121,77,37,255,122,79,38,255,132,87,44,255,126,81,38,255,136,93,50,255,109,74,39,255,43,25,3,255,34,19,3,255,71,42,21,255,77,42,17,255,71,33,3,255,78,40,12,255,78,40,12,255,89,47,12,255,183,127,82,255,193,130,83,255,162,102,60,255,159,102,62,255,142,87,47,255,137,85,42,255,139,89,47,255,138,92,50,255,113,74,37,255,103,74,40,251,81,58,26,255,74,54,31,251,49,33,9,255,56,39,21,249,44,31,9,255,43,36,15,255,54,49,36,255,65,59,50,253,34,26,19,255,72,62,58,255,254,254,254,67,255,255,255,0,255,255,255,0,255,255,255,0,255,255,255,0,255,255,255,0,255,255,255,0,255,255,255,0,255,255,255,0,255,255,255,0,255,255,255,0,255,255,255,0,255,255,255,0,255,255,255,0,255,255,255,0,255,255,255,0,255,255,255,0,255,255,255,0,255,255,255,0,255,255,255,0,255,255,255,0,255,255,255,0,255,255,255,0,228,227,226,195,85,76,61,247,39,28,9,255,37,25,6,255,40,23,3,255,91,65,39,251,108,85,54,251,81,52,25,255,87,55,23,255,119,79,47,253,130,83,39,255,149,90,43,255,160,102,55,255,138,87,44,255,122,80,41,255,93,58,21,255,79,42,9,255,107,65,26,255,119,76,38,255,106,68,32,255,102,71,40,255,56,37,15,255,46,36,19,255,146,142,141,213,255,255,255,16,255,255,255,1,255,255,255,0,255,255,255,0,255,255,255,0,255,255,255,0,255,255,255,0,255,255,255,0,255,255,255,0,255,255,255,0,255,255,255,0,255,255,255,0,255,255,255,0,255,255,255,0,255,255,255,0,255,255,255,0,255,255,255,0,255,255,255,0,255,255,255,0,255,255,255,0,255,255,255,0,255,255,255,0,255,255,255,0,
255,255,255,0,255,255,255,0,255,255,255,0,255,255,255,0,255,255,255,0,255,255,255,0,255,255,255,0,255,255,255,0,255,255,255,0,255,255,255,0,255,255,255,0,255,255,255,0,255,255,255,0,255,255,255,0,255,255,255,0,255,255,255,0,255,255,255,0,255,255,255,0,255,255,255,0,255,255,255,0,255,255,255,0,255,255,255,0,255,255,255,0,255,255,255,0,255,255,255,0,255,255,255,0,255,255,255,0,255,255,255,0,255,255,255,0,255,255,255,0,255,255,255,0,255,255,255,0,255,255,255,0,255,255,255,0,255,255,255,0,255,255,255,0,255,255,255,0,255,255,255,0,255,255,255,0,255,255,255,0,255,255,255,0,255,255,255,0,255,255,255,0,255,255,255,0,255,255,255,0,255,255,255,0,255,255,255,0,255,255,255,0,200,198,191,222,97,82,62,255,84,68,39,249,104,74,43,255,100,71,37,251,91,62,28,255,88,60,28,255,95,67,39,255,75,55,27,253,47,25,0,255,88,58,25,255,122,76,36,255,145,88,43,255,203,140,93,255,173,110,62,255,137,80,37,255,143,88,47,255,139,87,44,255,146,89,47,255,160,99,52,255,172,111,68,255,190,135,96,255,182,129,94,255,182,125,94,255,168,111,80,255,187,133,99,255,124,82,49,255,34,6,0,255,62,31,6,255,150,103,67,255,132,80,37,255,145,93,50,255,134,84,43,255,115,72,29,255,116,76,32,255,117,77,36,255,117,77,36,255,119,74,31,255,125,80,37,255,129,83,41,255,126,83,39,255,128,84,42,255,128,84,42,255,125,81,40,255,128,84,44,255,126,81,36,255,125,80,36,255,139,94,52,255,111,73,37,255,39,17,0,255,62,37,17,255,153,113,81,255,175,124,87,255,184,134,94,255,188,135,96,255,186,133,96,255,180,126,85,255,167,104,56,255,155,93,44,255,145,86,44,255,141,86,47,255,142,89,49,255,140,90,49,255,143,95,52,255,134,90,50,255,99,60,26,255,88,58,26,255,74,55,25,255,63,49,21,255,44,31,3,255,53,38,15,253,43,31,6,255,51,42,18,253,40,36,12,255,42,36,24,249,42,33,19,255,67,58,47,255,183,175,173,228,255,255,255,3,255,255,255,0,255,255,255,0,255,255,255,0,255,255,255,0,255,255,255,0,255,255,255,0,255,255,255,0,255,255,255,0,255,255,255,0,255,255,255,0,255,255,255,0,255,255,255,0,255,255,255,0,255,255,255,0,255,255,255,0,255,255,255,0,255,255,255,0,255,255,255,0,255,255,255,0,255,255,255,0,254,254,254,94,137,122,115,249,62,47,29,255,101,80,58,255,92,65,40,255,92,65,39,253,93,63,26,255,87,56,17,255,76,43,9,255,82,53,18,253,112,73,33,255,140,92,47,255,194,140,93,247,208,145,98,255,144,92,46,255,126,82,41,255,102,67,32,255,88,56,26,255,103,68,38,255,99,67,36,255,84,56,28,255,86,63,43,255,29,18,12,251,53,51,44,239,255,255,255,15,255,255,255,0,255,255,255,0,255,255,255,0,255,255,255,0,255,255,255,0,255,255,255,0,255,255,255,0,255,255,255,0,255,255,255,0,255,255,255,0,255,255,255,0,255,255,255,0,255,255,255,0,255,255,255,0,255,255,255,0,255,255,255,0,255,255,255,0,255,255,255,0,255,255,255,0,255,255,255,0,255,255,255,0,255,255,255,0,255,255,255,0,
255,255,255,0,255,255,255,0,255,255,255,0,255,255,255,0,255,255,255,0,255,255,255,0,255,255,255,0,255,255,255,0,255,255,255,0,255,255,255,0,255,255,255,0,255,255,255,0,255,255,255,0,255,255,255,0,255,255,255,0,255,255,255,0,255,255,255,0,255,255,255,0,255,255,255,0,255,255,255,0,255,255,255,0,255,255,255,0,255,255,255,0,255,255,255,0,255,255,255,0,255,255,255,0,255,255,255,0,255,255,255,0,255,255,255,0,255,255,255,0,255,255,255,0,255,255,255,0,255,255,255,0,255,255,255,0,255,255,255,0,255,255,255,0,255,255,255,0,255,255,255,0,255,255,255,0,255,255,255,0,255,255,255,0,255,255,255,0,255,255,255,0,255,255,255,0,255,255,255,0,255,255,255,0,255,255,255,0,255,255,255,58,142,126,118,247,63,42,19,255,65,36,6,255,106,73,40,255,98,65,28,255,95,65,26,255,90,62,25,255,89,65,31,255,73,53,21,255,48,28,0,255,71,47,12,255,99,67,29,255,125,81,40,255,183,127,82,255,159,101,53,255,140,89,41,255,137,87,41,255,138,86,41,255,148,93,49,255,156,97,52,255,166,107,62,255,176,119,76,255,172,114,74,255,170,114,71,255,167,110,69,255,177,124,83,255,135,89,48,255,68,28,0,255,89,47,17,255,144,96,58,255,142,92,49,255,137,87,43,255,134,84,41,255,128,82,37,255,117,73,31,255,116,76,34,255,111,72,31,255,114,73,31,255,118,75,31,255,128,84,42,255,126,83,39,255,127,84,41,255,126,84,43,255,125,81,40,255,129,86,46,255,131,86,41,255,132,87,42,255,136,90,48,255,124,79,43,255,62,25,0,255,97,58,29,255,161,111,71,255,180,123,79,255,173,116,74,255,177,117,77,255,187,123,83,255,180,116,75,255,160,101,60,255,156,96,55,255,148,91,50,255,140,85,43,255,139,87,44,255,137,89,48,255,131,87,47,255,118,81,42,255,94,62,29,255,82,58,26,255,65,48,21,255,52,40,17,255,42,29,6,255,39,26,3,255,47,36,12,255,40,28,3,255,46,34,12,255,43,32,9,253,40,29,9,255,40,31,12,253,31,23,6,255,223,221,217,175,255,255,255,0,255,255,255,0,255,255,255,0,255,255,255,0,255,255,255,0,255,255,255,0,255,255,255,0,255,255,255,0,255,255,255,0,255,255,255,0,255,255,255,0,255,255,255,0,255,255,255,0,255,255,255,0,255,255,255,0,255,255,255,0,255,255,255,0,255,255,255,0,255,255,255,0,250,248,248,140,79,67,58,255,39,21,6,253,73,56,32,253,94,66,44,253,95,60,28,255,100,65,26,255,102,69,26,255,99,67,25,255,88,52,15,255,90,55,19,255,109,74,36,255,117,77,40,253,173,119,75,253,191,137,91,255,141,94,46,255,119,81,36,255,102,76,37,251,81,58,26,255,85,65,40,251,58,43,25,255,50,37,21,255,81,71,67,249,113,107,107,224,255,255,255,20,255,255,255,0,255,255,255,0,255,255,255,0,255,255,255,0,255,255,255,0,255,255,255,0,255,255,255,0,255,255,255,0,255,255,255,0,255,255,255,0,255,255,255,0,255,255,255,0,255,255,255,0,255,255,255,0,255,255,255,0,255,255,255,0,255,255,255,0,255,255,255,0,255,255,255,0,255,255,255,0,255,255,255,0,255,255,255,0,255,255,255,0,255,255,255,0,
255,255,255,0,255,255,255,0,255,255,255,0,255,255,255,0,255,255,255,0,255,255,255,0,255,255,255,0,255,255,255,0,255,255,255,0,255,255,255,0,255,255,255,0,255,255,255,0,255,255,255,0,255,255,255,0,255,255,255,0,255,255,255,0,255,255,255,0,255,255,255,0,255,255,255,0,255,255,255,0,255,255,255,0,255,255,255,0,255,255,255,0,255,255,255,0,255,255,255,0,255,255,255,0,255,255,255,0,255,255,255,0,255,255,255,0,255,255,255,0,255,255,255,0,255,255,255,0,255,255,255,0,255,255,255,0,255,255,255,0,255,255,255,0,255,255,255,0,255,255,255,0,255,255,255,0,255,255,255,0,255,255,255,0,255,255,255,0,255,255,255,0,255,255,255,0,255,255,255,0,255,255,255,0,255,255,255,0,255,255,254,69,162,144,128,255,96,65,43,255,92,55,26,255,120,82,47,255,118,81,40,255,113,75,36,255,103,69,31,255,96,68,31,255,74,52,15,255,60,37,3,255,53,31,0,255,55,31,0,255,81,47,9,255,131,83,42,255,127,72,28,255,143,91,44,255,138,86,39,255,144,92,46,255,136,84,39,255,125,73,28,255,124,72,29,255,130,78,33,255,132,77,33,255,136,82,36,255,134,80,33,255,134,85,39,255,136,87,44,255,153,109,71,255,140,96,58,255,138,90,49,255,139,89,47,255,136,83,41,255,146,96,53,255,147,99,55,255,132,87,44,255,122,81,39,255,116,76,34,255,115,75,33,255,116,75,33,255,128,84,42,255,127,84,39,255,126,84,41,255,126,84,43,255,125,81,42,255,131,85,46,255,136,90,47,255,136,87,44,255,138,90,49,255,140,91,52,255,133,87,55,255,145,96,62,255,164,110,67,255,155,96,49,255,142,82,40,255,138,79,39,255,140,76,36,255,136,75,33,255,140,84,45,255,137,84,44,255,140,85,43,255,137,85,42,255,141,91,48,255,133,87,46,255,119,76,38,255,103,65,29,255,98,67,33,255,76,52,21,255,46,29,3,255,33,21,0,255,47,36,12,255,46,37,12,255,39,26,3,255,42,29,6,255,47,32,12,255,46,34,12,255,53,42,18,253,46,37,12,253,56,47,25,255,63,55,39,255,253,253,253,64,255,255,255,0,255,255,255,0,255,255,255,0,255,255,255,0,255,255,255,0,255,255,255,0,255,255,255,0,255,255,255,0,255,255,255,0,255,255,255,0,255,255,255,0,255,255,255,0,255,255,255,5,255,255,255,30,254,254,254,64,255,255,255,53,250,250,249,133,233,227,220,249,65,52,43,255,78,59,44,251,113,89,69,255,80,59,32,253,74,42,12,255,107,69,29,255,127,93,46,251,123,84,39,255,122,83,38,255,126,87,47,255,118,78,41,255,87,53,15,255,72,36,0,255,114,71,31,255,125,80,37,255,126,83,37,255,115,78,40,253,98,70,43,253,62,47,21,255,33,24,12,251,3,0,0,255,12,6,6,253,129,125,125,204,255,255,255,3,255,255,255,0,255,255,255,0,255,255,255,0,255,255,255,0,255,255,255,0,255,255,255,0,255,255,255,0,255,255,255,0,255,255,255,0,255,255,255,0,255,255,255,0,255,255,255,0,255,255,255,0,255,255,255,0,255,255,255,0,255,255,255,0,255,255,255,0,255,255,255,0,255,255,255,0,255,255,255,0,255,255,255,0,255,255,255,0,255,255,255,0,255,255,255,0,255,255,255,0,
255,255,255,0,255,255,255,0,255,255,255,0,255,255,255,0,255,255,255,0,255,255,255,0,255,255,255,0,255,255,255,0,255,255,255,0,255,255,255,0,255,255,255,0,255,255,255,0,255,255,255,0,255,255,255,0,255,255,255,0,255,255,255,0,255,255,255,0,255,255,255,0,255,255,255,0,255,255,255,0,255,255,255,0,255,255,255,0,255,255,255,0,255,255,255,0,255,255,255,0,255,255,255,0,255,255,255,0,255,255,255,0,255,255,255,0,255,255,255,0,255,255,255,0,255,255,255,0,255,255,255,0,255,255,255,0,255,255,255,0,255,255,255,0,255,255,255,0,255,255,255,0,255,255,255,0,255,255,255,0,255,255,255,0,255,255,255,0,255,255,255,0,255,255,255,0,255,255,255,0,255,255,255,0,255,255,255,0,252,240,231,232,148,121,101,255,109,72,47,255,106,62,33,255,128,81,43,255,126,81,38,255,125,80,36,255,117,73,31,255,110,69,33,255,89,53,19,255,78,48,12,255,62,37,3,255,53,37,3,255,74,52,17,255,116,81,47,255,131,85,46,255,143,91,47,255,142,88,39,255,142,90,41,255,134,87,38,255,131,87,42,255,127,86,42,255,122,81,39,255,128,84,42,255,137,92,47,255,136,89,42,255,137,90,44,255,132,87,40,255,139,94,49,255,131,85,43,255,138,90,49,255,141,91,50,255,142,87,48,255,142,87,48,255,144,92,49,255,129,81,39,255,118,74,33,255,117,75,34,255,117,77,36,255,116,76,34,255,127,86,42,255,124,84,37,255,126,84,41,255,126,84,43,255,126,80,40,255,133,84,46,255,145,94,53,255,141,91,50,255,138,87,47,255,144,93,52,255,135,85,44,255,144,91,52,255,161,104,63,255,159,102,62,255,139,86,47,255,139,86,47,255,138,86,43,255,138,87,44,255,135,87,43,255,133,85,41,255,134,86,42,255,135,87,43,255,135,89,47,255,128,84,42,255,122,79,38,255,112,73,36,255,104,65,32,255,81,49,19,255,62,39,15,255,50,31,9,255,44,31,6,255,47,36,12,255,40,31,6,255,44,31,9,255,62,53,32,247,45,32,12,255,42,29,6,255,42,29,6,255,53,38,15,255,58,46,25,253,26,15,0,255,255,255,255,12,255,255,255,0,255,255,255,0,255,255,255,0,255,255,255,0,255,255,255,0,255,255,255,0,255,255,255,0,255,255,255,21,255,255,255,73,208,207,209,204,175,177,181,253,53,55,58,255,18,21,18,249,6,3,0,255,35,28,18,249,31,17,0,255,28,6,0,255,39,18,12,251,73,47,25,255,104,81,56,251,76,51,21,253,84,52,15,255,114,84,39,251,113,72,26,255,140,90,47,255,146,94,52,255,135,85,42,255,107,63,23,255,93,58,21,255,76,44,9,255,106,71,31,255,123,87,52,253,107,66,29,253,106,69,36,255,84,60,38,255,58,44,32,253,17,12,9,255,33,33,33,243,225,225,225,130,255,255,255,1,255,255,255,0,255,255,255,0,255,255,255,0,255,255,255,0,255,255,255,0,255,255,255,0,255,255,255,0,255,255,255,0,255,255,255,0,255,255,255,0,255,255,255,0,255,255,255,0,255,255,255,0,255,255,255,0,255,255,255,0,255,255,255,0,255,255,255,0,255,255,255,0,255,255,255,0,255,255,255,0,255,255,255,0,255,255,255,0,255,255,255,0,255,255,255,0,255,255,255,0,255,255,255,0,
255,255,255,0,255,255,255,0,255,255,255,0,255,255,255,0,255,255,255,0,255,255,255,0,255,255,255,0,255,255,255,0,255,255,255,0,255,255,255,0,255,255,255,0,255,255,255,0,255,255,255,0,255,255,255,0,255,255,255,0,255,255,255,0,255,255,255,0,255,255,255,0,255,255,255,0,255,255,255,0,255,255,255,0,255,255,255,0,255,255,255,0,255,255,255,0,255,255,255,0,255,255,255,0,255,255,255,0,255,255,255,0,255,255,255,0,255,255,255,0,255,255,255,0,255,255,255,0,255,255,255,0,255,255,255,0,255,255,255,0,255,255,255,0,255,255,255,0,255,255,255,0,255,255,255,0,255,255,255,0,255,255,255,0,255,255,255,0,255,255,255,0,255,255,255,0,255,255,255,0,255,255,255,0,255,255,255,63,88,66,49,253,100,66,42,253,128,84,53,255,135,86,52,255,149,99,58,255,149,97,52,255,146,94,49,255,141,91,48,255,142,94,55,255,124,82,46,255,123,87,52,255,84,55,21,255,47,26,0,255,55,36,3,255,77,44,12,255,112,72,37,255,162,117,75,255,154,104,60,255,127,80,31,255,129,84,36,255,132,92,48,255,124,84,43,255,111,74,33,255,119,80,38,255,128,87,43,255,124,81,36,255,126,84,36,255,130,85,38,255,115,73,26,255,124,81,36,255,142,94,52,255,134,84,43,255,144,89,50,255,143,88,49,255,145,93,50,255,134,86,44,255,119,75,34,255,117,75,34,255,119,76,36,255,117,75,34,255,129,86,43,255,126,83,37,255,126,84,41,255,126,84,41,255,126,80,40,255,133,84,46,255,134,83,46,255,140,87,48,255,139,87,48,255,138,87,44,255,145,93,48,255,140,85,43,255,141,86,47,255,142,88,52,255,136,87,47,255,139,94,52,255,132,87,44,255,125,82,38,255,129,86,43,255,124,81,36,255,119,76,31,255,118,75,31,255,113,69,26,255,122,79,38,255,135,92,52,255,141,99,60,255,107,71,37,255,88,58,29,255,95,68,46,255,74,55,31,255,46,31,9,255,42,29,6,255,42,32,9,255,39,28,9,255,43,29,12,255,45,32,15,255,53,38,24,249,53,38,17,255,82,70,47,245,49,33,9,255,38,21,0,255,204,197,189,207,255,255,255,0,255,255,255,0,255,255,255,0,255,255,255,0,255,255,255,0,255,255,255,0,255,255,255,32,28,25,21,255,17,9,6,255,12,6,3,255,15,12,12,251,6,3,0,255,9,6,6,253,21,12,12,251,74,58,37,255,98,76,47,251,88,58,31,255,97,65,36,255,77,43,17,255,77,44,15,255,90,60,29,255,101,73,36,247,122,93,47,251,121,77,33,255,196,141,98,255,208,149,105,255,156,104,58,255,121,75,32,255,113,76,42,255,92,60,26,255,89,55,17,255,91,62,25,253,98,65,32,255,84,53,29,255,44,29,18,251,9,0,0,255,68,67,68,230,253,253,253,54,255,255,255,0,255,255,255,0,255,255,255,0,255,255,255,0,255,255,255,0,255,255,255,0,255,255,255,0,255,255,255,0,255,255,255,0,255,255,255,0,255,255,255,0,255,255,255,0,255,255,255,0,255,255,255,0,255,255,255,0,255,255,255,0,255,255,255,0,255,255,255,0,255,255,255,0,255,255,255,0,255,255,255,0,255,255,255,0,255,255,255,0,255,255,255,0,255,255,255,0,255,255,255,0,255,255,255,0,255,255,255,0,
255,255,255,0,255,255,255,0,255,255,255,0,255,255,255,0,255,255,255,0,255,255,255,0,255,255,255,0,255,255,255,0,255,255,255,0,255,255,255,0,255,255,255,0,255,255,255,0,255,255,255,0,255,255,255,0,255,255,255,0,255,255,255,0,255,255,255,0,255,255,255,0,255,255,255,0,255,255,255,0,255,255,255,0,255,255,255,0,255,255,255,0,255,255,255,0,255,255,255,0,255,255,255,0,255,255,255,0,255,255,255,0,255,255,255,0,255,255,255,0,255,255,255,0,255,255,255,0,255,255,255,0,255,255,255,0,255,255,255,0,255,255,255,0,255,255,255,0,255,255,255,0,255,255,255,0,255,255,255,0,255,255,255,0,255,255,255,0,255,255,255,0,255,255,255,0,255,255,255,0,255,255,255,19,215,206,195,255,114,83,52,255,125,82,38,255,136,87,44,255,150,98,53,255,163,107,62,255,164,105,60,255,160,101,60,255,153,96,55,255,146,93,53,255,131,83,44,255,131,90,50,255,101,65,26,255,72,47,9,255,76,52,19,255,83,48,19,255,102,65,36,255,114,81,47,255,115,81,39,255,120,79,33,255,126,84,36,255,126,83,39,255,120,76,36,255,113,71,32,255,116,75,33,255,124,84,39,255,122,82,36,255,129,86,43,255,125,81,40,255,105,67,21,255,107,65,21,255,140,92,50,255,140,87,47,255,137,85,42,255,140,87,47,255,144,93,50,255,130,82,41,255,113,69,29,255,114,73,31,255,121,80,38,255,119,75,34,255,135,89,47,255,130,85,40,255,125,82,36,255,128,84,42,255,130,84,42,255,133,84,46,255,139,87,50,255,142,92,53,255,139,87,48,255,139,89,47,255,134,84,43,255,135,85,44,255,133,85,43,255,135,89,47,255,131,86,39,255,131,87,40,255,121,77,36,255,124,83,41,255,122,81,37,255,122,81,37,255,117,76,32,255,120,79,36,255,112,69,29,255,114,73,31,255,132,91,52,255,121,84,46,255,81,52,17,255,67,43,12,255,68,48,25,255,62,44,23,255,46,34,9,255,40,31,6,255,40,29,9,255,45,34,17,255,44,31,15,255,53,39,27,251,44,31,15,255,52,37,15,253,55,37,12,255,63,43,15,255,64,43,18,253,71,55,37,255,216,212,212,188,255,255,255,34,255,255,255,0,255,255,255,0,255,255,255,0,255,255,255,0,255,254,254,78,56,47,34,253,31,17,0,255,34,19,0,255,39,21,3,255,37,17,3,255,34,12,0,255,58,33,18,249,100,73,43,255,99,65,31,255,114,83,45,251,107,69,38,253,102,67,32,255,96,65,31,249,89,64,32,253,98,71,37,251,112,80,40,255,122,81,42,253,166,110,65,253,172,116,68,255,138,87,40,255,121,80,42,253,103,68,38,253,80,45,12,255,100,62,29,255,92,58,28,255,69,42,21,255,67,45,33,249,17,6,0,255,201,201,201,157,255,255,255,3,255,255,255,0,255,255,255,0,255,255,255,0,255,255,255,0,255,255,255,0,255,255,255,0,255,255,255,0,255,255,255,0,255,255,255,0,255,255,255,0,255,255,255,0,255,255,255,0,255,255,255,0,255,255,255,0,255,255,255,0,255,255,255,0,255,255,255,0,255,255,255,0,255,255,255,0,255,255,255,0,255,255,255,0,255,255,255,0,255,255,255,0,255,255,255,0,255,255,255,0,255,255,255,0,255,255,255,0,255,255,255,0,255,255,255,0,
255,255,255,0,255,255,255,0,255,255,255,0,255,255,255,0,255,255,255,0,255,255,255,0,255,255,255,0,255,255,255,0,255,255,255,0,255,255,255,0,255,255,255,0,255,255,255,0,255,255,255,0,255,255,255,0,255,255,255,0,255,255,255,0,255,255,255,0,255,255,255,0,255,255,255,0,255,255,255,0,255,255,255,0,255,255,255,0,255,255,255,0,255,255,255,0,255,255,255,0,255,255,255,0,255,255,255,0,255,255,255,0,255,255,255,0,255,255,255,0,255,255,255,0,255,255,255,0,255,255,255,0,255,255,255,0,255,255,255,0,255,255,255,0,255,255,255,0,255,255,255,0,255,255,255,0,255,255,255,0,255,255,255,0,255,255,255,0,255,255,255,0,255,255,255,0,255,255,255,2,134,128,123,245,119,100,84,251,135,92,58,253,146,95,47,255,154,100,52,255,166,108,60,255,178,117,72,255,178,114,69,255,167,103,60,255,162,100,60,255,154,97,56,255,144,91,52,255,136,87,48,255,122,80,41,255,110,76,39,255,102,72,36,255,91,58,25,255,84,52,21,255,49,21,0,255,85,58,23,255,120,86,41,255,123,82,38,255,121,79,40,255,121,77,39,255,126,84,47,255,120,77,39,255,120,82,39,255,119,80,38,255,120,81,41,255,109,69,29,255,94,56,19,255,111,72,32,255,144,98,56,255,141,91,48,255,141,92,47,255,139,89,44,255,147,97,55,255,133,85,43,255,115,72,31,255,114,71,31,255,120,76,36,255,125,81,40,255,142,94,52,255,136,87,44,255,126,81,36,255,129,83,39,255,126,81,38,255,135,89,48,255,143,94,58,255,144,96,58,255,140,92,50,255,140,90,47,255,142,92,52,255,135,87,46,255,120,76,34,255,115,74,31,255,122,82,36,255,124,84,37,255,117,76,31,255,112,74,29,255,120,82,39,255,118,78,37,255,118,78,37,255,117,77,36,255,112,69,29,255,117,75,36,255,127,87,50,255,111,77,42,255,52,31,0,255,38,21,0,255,44,26,3,255,39,25,0,255,45,33,6,255,41,31,6,255,41,31,9,255,45,32,12,255,51,37,21,251,43,26,12,255,45,32,15,255,49,34,15,255,58,38,15,255,73,55,28,249,76,53,26,255,65,48,26,255,45,37,31,255,39,37,38,253,76,76,78,247,94,91,94,239,120,114,113,233,87,76,71,251,144,127,116,245,90,71,47,255,84,65,35,253,82,58,23,255,88,58,29,255,91,60,36,255,85,56,34,255,90,64,38,253,122,95,60,245,116,76,36,255,117,71,31,255,119,73,33,255,117,75,34,255,128,96,61,249,84,52,19,255,72,42,9,255,119,89,56,247,118,78,39,255,137,88,46,253,137,87,39,255,126,83,37,255,120,82,39,255,89,61,23,253,73,41,9,255,102,67,39,255,110,81,60,255,32,15,3,255,36,28,28,245,243,243,243,92,255,255,255,0,255,255,255,0,255,255,255,0,255,255,255,0,255,255,255,0,255,255,255,0,255,255,255,0,255,255,255,0,255,255,255,0,255,255,255,0,255,255,255,0,255,255,255,0,255,255,255,0,255,255,255,0,255,255,255,0,255,255,255,0,255,255,255,0,255,255,255,0,255,255,255,0,255,255,255,0,255,255,255,0,255,255,255,0,255,255,255,0,255,255,255,0,255,255,255,0,255,255,255,0,255,255,255,0,255,255,255,0,255,255,255,0,255,255,255,0,255,255,255,0,
255,255,255,0,255,255,255,0,255,255,255,0,255,255,255,0,255,255,255,0,255,255,255,0,255,255,255,0,255,255,255,0,255,255,255,0,255,255,255,0,255,255,255,0,255,255,255,0,255,255,255,0,255,255,255,0,255,255,255,0,255,255,255,0,255,255,255,0,255,255,255,0,255,255,255,0,255,255,255,0,255,255,255,0,255,255,255,0,255,255,255,0,255,255,255,0,255,255,255,0,255,255,255,0,255,255,255,0,255,255,255,0,255,255,255,0,255,255,255,0,255,255,255,0,255,255,255,0,255,255,255,0,255,255,255,0,255,255,255,0,255,255,255,0,255,255,255,0,255,255,255,0,255,255,255,0,255,255,255,0,255,255,255,0,255,255,255,0,255,255,255,0,255,255,255,0,255,255,255,21,65,42,23,255,127,89,58,255,152,105,65,249,165,105,58,255,175,112,68,255,185,119,74,255,192,124,81,255,187,116,74,255,177,109,65,255,170,104,62,255,156,96,56,255,152,94,56,255,150,97,58,255,136,87,48,255,120,77,41,255,110,74,38,255,90,62,23,255,74,52,15,255,41,19,0,255,68,43,12,255,101,72,36,255,103,69,32,255,106,68,34,255,105,67,33,255,113,73,38,255,106,68,32,255,107,72,33,255,106,71,31,255,109,74,36,255,96,60,23,255,83,47,12,255,99,60,26,255,132,91,52,255,133,87,46,255,137,90,47,255,138,87,42,255,143,90,48,255,132,81,41,255,125,79,39,255,118,74,33,255,118,74,33,255,125,81,40,255,140,95,52,255,134,86,42,255,132,82,37,255,129,81,37,255,128,82,39,255,128,84,44,255,121,79,40,255,126,82,43,255,140,95,52,255,136,87,44,255,143,95,52,255,136,90,47,255,115,75,33,255,107,69,29,255,110,71,31,255,108,68,26,255,119,81,34,255,110,72,25,255,106,68,28,255,106,68,31,255,117,77,38,255,115,73,34,255,117,75,36,255,113,74,37,255,104,65,32,255,94,62,31,255,53,32,3,255,41,25,0,255,48,32,6,255,44,31,3,255,41,32,3,255,47,40,9,255,48,39,12,255,43,31,6,255,43,28,6,255,44,29,9,255,59,44,31,249,52,39,21,253,47,31,9,255,69,50,27,249,83,64,38,253,74,55,31,255,25,15,6,253,18,15,12,251,15,9,9,253,6,0,0,255,34,21,9,255,49,33,12,251,95,67,37,255,101,71,34,255,110,76,37,255,114,78,38,255,106,68,31,255,120,84,54,249,110,78,51,249,95,63,31,255,116,82,40,255,132,92,44,251,159,102,60,255,158,99,57,251,137,85,42,255,122,83,40,251,105,71,36,249,71,41,6,255,110,75,48,253,109,73,44,253,117,76,44,253,111,72,34,255,108,71,33,255,105,72,39,253,91,63,21,255,80,55,21,255,65,47,25,255,78,68,58,249,25,23,23,247,248,248,248,80,255,255,255,1,255,255,255,0,255,255,255,0,255,255,255,0,255,255,255,0,255,255,255,0,255,255,255,0,255,255,255,0,255,255,255,0,255,255,255,0,255,255,255,0,255,255,255,0,255,255,255,0,255,255,255,0,255,255,255,0,255,255,255,0,255,255,255,0,255,255,255,0,255,255,255,0,255,255,255,0,255,255,255,0,255,255,255,0,255,255,255,0,255,255,255,0,255,255,255,0,255,255,255,0,255,255,255,0,255,255,255,0,255,255,255,0,255,255,255,0,255,255,255,0,255,255,255,0,
255,255,255,0,255,255,255,0,255,255,255,0,255,255,255,0,255,255,255,0,255,255,255,0,255,255,255,0,255,255,255,0,255,255,255,0,255,255,255,0,255,255,255,0,255,255,255,0,255,255,255,0,255,255,255,0,255,255,255,0,255,255,255,0,255,255,255,0,255,255,255,0,255,255,255,0,255,255,255,0,255,255,255,0,255,255,255,0,255,255,255,0,255,255,255,0,255,255,255,0,255,255,255,0,255,255,255,0,255,255,255,0,255,255,255,0,255,255,255,0,255,255,255,0,255,255,255,0,255,255,255,0,255,255,255,0,255,255,255,0,255,255,255,0,255,255,255,0,255,255,255,0,255,255,255,0,255,255,255,0,255,255,255,0,255,255,255,0,255,255,255,0,255,255,255,0,255,255,255,20,120,88,64,253,160,109,68,255,175,116,77,251,188,118,73,255,193,121,77,255,197,124,80,255,202,127,84,255,192,120,75,255,185,114,72,255,173,107,65,255,154,92,50,255,148,91,50,255,154,98,60,255,139,87,50,255,117,71,33,255,106,68,31,255,86,58,15,255,76,52,15,255,50,31,0,255,65,46,17,255,80,55,23,255,89,62,31,255,94,65,33,255,93,62,31,255,90,55,25,255,93,60,26,255,100,68,37,255,96,67,36,255,88,58,21,255,90,58,23,255,81,49,19,255,89,55,21,255,120,83,44,255,122,81,39,255,123,78,33,255,134,85,39,255,138,86,43,255,142,89,47,255,143,95,55,255,133,87,47,255,117,73,32,255,117,73,31,255,132,87,42,255,127,79,36,255,133,83,38,255,131,81,36,255,132,87,42,255,120,76,34,255,87,45,6,255,98,55,17,255,142,96,53,255,134,86,42,255,138,87,44,255,133,87,46,255,120,81,41,255,110,74,36,255,83,47,12,255,82,48,12,255,126,94,52,255,123,91,48,255,90,56,19,255,97,63,29,255,117,82,46,255,119,81,46,255,123,86,52,255,114,77,47,255,81,47,15,255,77,50,21,255,60,39,12,255,52,32,9,255,60,41,15,255,56,40,12,255,52,41,9,255,52,40,9,255,52,40,12,255,54,40,15,255,47,33,6,255,53,39,21,251,44,31,12,255,42,29,9,255,67,50,28,249,43,25,0,255,75,55,29,255,74,55,31,255,54,41,23,255,38,31,17,255,9,3,0,255,17,6,0,255,78,65,44,249,87,63,32,255,107,77,39,251,117,77,36,255,125,87,40,255,126,92,48,249,120,79,36,255,106,67,26,255,91,61,23,253,97,62,29,251,119,82,39,255,125,80,36,255,193,132,89,255,200,136,94,255,163,106,65,253,118,75,31,255,100,68,31,255,90,62,26,255,89,62,29,253,89,55,21,255,93,60,26,255,95,60,28,255,91,61,31,253,88,61,27,253,100,78,39,255,91,75,44,255,36,31,18,249,44,39,39,241,252,252,252,55,255,255,255,0,255,255,255,0,255,255,255,0,255,255,255,0,255,255,255,0,255,255,255,0,255,255,255,0,255,255,255,0,255,255,255,0,255,255,255,0,255,255,255,0,255,255,255,0,255,255,255,0,255,255,255,0,255,255,255,0,255,255,255,0,255,255,255,0,255,255,255,0,255,255,255,0,255,255,255,0,255,255,255,0,255,255,255,0,255,255,255,0,255,255,255,0,255,255,255,0,255,255,255,0,255,255,255,0,255,255,255,0,255,255,255,0,255,255,255,0,255,255,255,0,255,255,255,0,255,255,255,0,
255,255,255,0,255,255,255,0,255,255,255,0,255,255,255,0,255,255,255,0,255,255,255,0,255,255,255,0,255,255,255,0,255,255,255,0,255,255,255,0,255,255,255,0,255,255,255,0,255,255,255,0,255,255,255,0,255,255,255,0,255,255,255,0,255,255,255,0,255,255,255,0,255,255,255,0,255,255,255,0,255,255,255,0,255,255,255,0,255,255,255,0,255,255,255,0,255,255,255,0,255,255,255,0,255,255,255,0,255,255,255,0,255,255,255,0,255,255,255,0,255,255,255,0,255,255,255,0,255,255,255,0,255,255,255,0,255,255,255,0,255,255,255,0,255,255,255,0,255,255,255,0,255,255,255,0,255,255,255,0,255,255,255,0,255,255,255,0,255,255,255,0,255,255,255,0,255,255,255,19,116,78,46,255,163,107,60,255,183,113,66,253,201,126,78,255,210,131,80,255,211,131,80,255,203,123,80,255,200,125,82,255,192,121,76,255,169,106,60,255,151,94,50,255,149,94,53,255,154,102,62,255,135,85,44,255,116,69,31,255,106,67,26,255,103,68,31,255,82,52,19,255,60,37,9,255,67,48,21,255,68,49,23,255,63,42,17,255,76,53,26,255,81,56,25,255,82,55,19,255,86,58,29,255,68,43,23,255,69,47,26,255,81,55,26,255,84,56,26,255,77,50,21,255,88,58,26,255,105,72,36,255,115,78,36,255,131,86,41,255,135,86,40,255,140,90,45,255,138,87,44,255,137,89,50,255,139,93,55,255,121,77,36,255,118,75,29,255,130,83,39,255,130,80,36,255,134,85,39,255,140,90,45,255,137,90,44,255,115,68,26,255,103,58,19,255,115,71,33,255,133,87,43,255,139,89,47,255,146,90,53,255,141,90,55,255,122,82,44,255,104,73,36,255,74,47,17,255,74,50,23,255,86,65,39,255,84,60,34,255,79,55,21,255,92,65,31,255,96,67,33,255,100,71,38,255,101,71,42,255,90,60,33,255,72,44,15,255,75,47,19,255,68,42,15,255,65,39,15,255,60,39,12,255,56,37,9,255,62,44,12,255,60,41,12,255,63,44,15,255,60,42,15,255,47,33,6,255,48,34,9,255,52,37,12,255,50,36,15,255,42,26,6,255,39,21,0,255,65,48,26,255,69,53,29,255,58,41,19,255,47,34,17,255,15,6,0,255,9,0,0,255,74,55,31,255,89,60,28,255,116,78,43,255,124,83,41,255,125,87,38,255,124,86,37,255,122,83,38,255,110,71,31,255,101,65,29,255,89,53,17,255,117,77,38,255,123,77,36,255,183,127,82,255,185,127,82,253,147,99,55,255,110,71,29,255,99,68,32,255,89,57,31,251,95,63,31,255,85,53,19,255,85,53,19,255,89,62,29,253,91,58,25,255,87,58,26,255,85,71,44,249,69,62,41,255,30,28,28,245,248,248,248,77,255,255,255,0,255,255,255,0,255,255,255,0,255,255,255,0,255,255,255,0,255,255,255,0,255,255,255,0,255,255,255,0,255,255,255,0,255,255,255,0,255,255,255,0,255,255,255,0,255,255,255,0,255,255,255,0,255,255,255,0,255,255,255,0,255,255,255,0,255,255,255,0,255,255,255,0,255,255,255,0,255,255,255,0,255,255,255,0,255,255,255,0,255,255,255,0,255,255,255,0,255,255,255,0,255,255,255,0,255,255,255,0,255,255,255,0,255,255,255,0,255,255,255,0,255,255,255,0,255,255,255,0,255,255,255,0,
255,255,255,0,255,255,255,0,255,255,255,0,255,255,255,0,255,255,255,0,255,255,255,0,255,255,255,0,255,255,255,0,255,255,255,0,255,255,255,0,255,255,255,0,255,255,255,0,255,255,255,0,255,255,255,0,255,255,255,0,255,255,255,0,255,255,255,0,255,255,255,0,255,255,255,0,255,255,255,0,255,255,255,0,255,255,255,0,255,255,255,0,255,255,255,0,255,255,255,0,255,255,255,0,255,255,255,0,255,255,255,0,255,255,255,0,255,255,255,0,255,255,255,0,255,255,255,0,255,255,255,0,255,255,255,0,255,255,255,0,255,255,255,0,255,255,255,0,255,255,255,0,255,255,255,0,255,255,255,0,255,255,255,0,255,255,255,0,255,255,255,0,255,255,255,0,255,255,255,24,120,76,48,253,166,109,63,251,182,113,65,255,207,133,79,253,234,152,95,255,224,139,86,255,205,124,76,255,202,125,81,255,201,131,86,255,176,113,68,255,147,93,47,255,142,90,45,255,145,93,50,255,131,80,39,255,117,71,31,255,121,79,40,255,120,81,43,255,107,74,39,255,89,65,33,255,72,52,23,255,41,21,0,255,40,25,0,255,43,25,0,255,53,32,3,255,87,65,33,255,62,38,12,255,12,0,0,255,21,6,0,255,76,56,36,255,77,56,29,255,71,45,17,255,79,52,19,255,91,60,23,255,101,65,23,255,125,80,37,255,133,83,38,255,142,93,47,255,139,89,47,255,134,85,48,255,133,84,47,255,129,83,39,255,128,81,34,255,127,77,34,255,133,83,40,255,142,93,47,255,137,87,41,255,140,87,44,255,145,95,52,255,146,100,60,255,139,93,53,255,140,92,50,255,137,86,45,255,146,93,55,255,133,82,47,255,120,81,43,255,106,74,41,255,73,52,26,255,65,52,32,255,9,0,0,255,15,0,0,255,65,44,15,255,73,50,15,255,68,46,12,255,65,40,9,255,47,21,0,255,47,21,0,255,80,55,23,255,74,47,17,255,84,53,29,255,81,50,26,255,73,47,19,255,68,44,15,255,77,52,23,255,74,48,19,255,74,48,21,255,68,46,19,255,52,37,6,255,50,37,6,255,53,38,12,255,53,38,15,255,42,26,3,255,48,33,9,255,50,37,12,255,60,42,17,255,77,58,32,255,62,44,25,255,17,3,0,255,12,0,0,255,74,52,25,255,93,62,26,255,127,87,48,255,129,86,43,255,121,79,29,255,126,84,33,255,124,80,37,255,115,74,36,255,94,58,19,255,87,52,15,255,115,77,40,255,117,75,34,255,134,86,41,251,125,75,32,255,124,84,39,255,116,84,50,249,91,60,26,255,79,49,17,255,86,59,23,253,88,58,21,255,92,60,29,255,91,62,32,255,119,91,65,247,86,62,37,255,28,17,0,255,23,23,23,247,230,230,230,119,255,255,255,0,255,255,255,0,255,255,255,0,255,255,255,0,255,255,255,0,255,255,255,0,255,255,255,0,255,255,255,0,255,255,255,0,255,255,255,0,255,255,255,0,255,255,255,0,255,255,255,0,255,255,255,0,255,255,255,0,255,255,255,0,255,255,255,0,255,255,255,0,255,255,255,0,255,255,255,0,255,255,255,0,255,255,255,0,255,255,255,0,255,255,255,0,255,255,255,0,255,255,255,0,255,255,255,0,255,255,255,0,255,255,255,0,255,255,255,0,255,255,255,0,255,255,255,0,255,255,255,0,255,255,255,0,255,255,255,0,
255,255,255,0,255,255,255,0,255,255,255,0,255,255,255,0,255,255,255,0,255,255,255,0,255,255,255,0,255,255,255,0,255,255,255,0,255,255,255,0,255,255,255,0,255,255,255,0,255,255,255,0,255,255,255,0,255,255,255,0,255,255,255,0,255,255,255,0,255,255,255,0,255,255,255,0,255,255,255,0,255,255,255,0,255,255,255,0,255,255,255,0,255,255,255,0,255,255,255,0,255,255,255,0,255,255,255,0,255,255,255,0,255,255,255,0,255,255,255,0,255,255,255,0,255,255,255,0,255,255,255,0,255,255,255,0,255,255,255,0,255,255,255,0,255,255,255,0,255,255,255,0,255,255,255,0,255,255,255,0,255,255,255,0,255,255,255,0,255,255,255,0,255,255,255,0,255,255,255,36,127,87,59,247,172,108,63,255,191,119,73,255,214,133,83,255,231,147,91,255,223,138,83,255,209,126,76,255,209,130,83,255,199,129,82,255,178,114,69,255,147,93,47,255,144,94,48,255,138,87,44,255,127,79,37,255,118,73,31,255,121,77,37,255,115,73,34,255,111,74,36,255,105,74,36,255,74,49,15,255,55,37,9,255,48,31,9,255,45,28,3,255,58,38,15,255,80,58,36,255,49,29,9,255,21,6,0,255,29,17,0,255,50,37,17,255,62,47,25,255,78,58,28,255,83,55,23,255,92,60,25,255,104,67,28,255,132,87,44,255,134,84,41,255,140,87,44,255,140,87,47,255,139,86,48,255,135,85,47,255,139,89,47,255,138,87,42,255,133,83,38,255,141,91,48,255,134,84,43,255,145,92,52,255,146,91,46,255,138,86,39,255,140,92,50,255,135,87,47,255,141,92,53,255,144,96,55,255,138,91,47,255,128,82,39,255,124,82,46,255,92,60,31,255,58,42,21,255,42,38,23,255,12,9,3,255,21,12,3,255,58,44,19,255,75,55,23,255,68,47,17,255,68,44,15,255,54,28,0,255,54,29,0,255,91,63,31,255,80,50,19,255,86,53,25,255,83,50,21,255,75,48,17,255,74,47,15,255,84,55,25,255,81,50,23,255,79,52,26,255,74,48,21,255,63,43,12,255,56,41,12,255,54,38,12,255,52,34,9,255,47,31,6,255,54,38,12,255,52,34,9,255,53,37,9,255,72,52,26,255,62,43,19,255,29,9,0,255,31,12,0,255,85,58,31,255,100,68,31,255,119,82,39,255,122,80,32,255,137,87,37,255,143,91,44,255,124,74,31,255,113,69,29,255,105,68,29,255,98,65,28,255,110,76,37,255,102,68,26,255,112,73,33,255,120,85,43,251,120,87,48,251,111,77,45,253,90,61,27,253,84,52,19,255,90,58,23,255,94,63,26,255,86,55,23,255,82,52,25,255,80,58,38,255,69,53,38,255,201,200,198,157,255,255,255,29,255,255,255,2,255,255,255,0,255,255,255,0,255,255,255,0,255,255,255,0,255,255,255,0,255,255,255,0,255,255,255,0,255,255,255,0,255,255,255,0,255,255,255,0,255,255,255,0,255,255,255,0,255,255,255,0,255,255,255,0,255,255,255,0,255,255,255,0,255,255,255,0,255,255,255,0,255,255,255,0,255,255,255,0,255,255,255,0,255,255,255,0,255,255,255,0,255,255,255,0,255,255,255,0,255,255,255,0,255,255,255,0,255,255,255,0,255,255,255,0,255,255,255,0,255,255,255,0,255,255,255,0,255,255,255,0,255,255,255,0,255,255,255,0,
255,255,255,0,255,255,255,0,255,255,255,0,255,255,255,0,255,255,255,0,255,255,255,0,255,255,255,0,255,255,255,0,255,255,255,0,255,255,255,0,255,255,255,0,255,255,255,0,255,255,255,0,255,255,255,0,255,255,255,0,255,255,255,0,255,255,255,0,255,255,255,0,255,255,255,0,255,255,255,0,255,255,255,0,255,255,255,0,255,255,255,0,255,255,255,0,255,255,255,0,255,255,255,0,255,255,255,0,255,255,255,0,255,255,255,0,255,255,255,0,255,255,255,0,255,255,255,0,255,255,255,0,255,255,255,0,255,255,255,0,255,255,255,0,255,255,255,0,255,255,255,0,255,255,255,0,255,255,255,0,255,255,255,0,255,255,255,0,255,255,255,0,255,255,255,0,255,255,255,34,113,68,36,255,186,122,81,249,203,129,81,255,219,145,95,249,230,145,90,255,228,144,87,255,219,134,83,255,216,135,87,255,192,120,74,255,171,108,60,255,136,83,34,255,134,85,39,255,142,94,50,255,136,87,47,255,128,82,39,255,128,84,42,255,115,72,31,255,117,75,36,255,124,90,48,255,95,65,26,255,74,52,23,255,63,44,17,255,49,31,6,255,41,21,0,255,48,28,9,255,54,37,17,255,75,58,39,255,47,34,15,255,9,0,0,255,28,17,0,255,65,47,19,255,73,48,15,255,88,53,21,255,105,65,31,255,144,96,58,255,142,89,47,255,137,83,41,255,142,87,47,255,145,92,55,255,147,91,52,255,146,91,47,255,148,94,47,255,149,97,50,255,149,100,55,255,139,87,48,255,137,84,44,255,139,84,40,255,146,91,47,255,145,97,56,255,138,90,52,255,136,87,48,255,130,82,41,255,132,89,41,255,124,84,39,255,133,93,58,255,100,68,44,255,9,0,0,255,9,6,0,255,65,63,60,255,65,58,48,255,47,33,6,255,54,34,3,255,62,42,12,255,68,44,15,255,80,55,26,255,84,56,26,255,93,63,31,255,91,60,26,255,93,60,29,255,92,60,31,255,91,62,31,255,91,62,31,255,95,63,33,255,93,60,32,255,95,62,37,255,91,63,36,255,80,56,26,255,71,50,19,255,60,42,12,255,52,34,6,255,52,33,9,255,52,36,9,255,58,41,15,255,52,34,6,255,53,36,9,255,60,42,15,255,55,37,12,255,65,43,17,255,98,73,44,255,104,75,41,255,95,62,19,255,101,62,15,255,206,154,108,255,199,145,100,255,149,99,56,255,126,80,40,255,117,76,40,255,113,76,40,255,93,62,21,255,78,47,9,255,94,63,25,255,110,75,44,249,77,43,9,255,76,42,9,255,99,63,35,251,95,60,28,255,108,83,50,251,94,66,42,253,109,85,59,251,90,66,52,253,59,46,36,243,211,210,210,143,255,255,255,10,255,255,255,0,255,255,255,0,255,255,255,0,255,255,255,0,255,255,255,0,255,255,255,0,255,255,255,0,255,255,255,0,255,255,255,0,255,255,255,0,255,255,255,0,255,255,255,0,255,255,255,0,255,255,255,0,255,255,255,0,255,255,255,0,255,255,255,0,255,255,255,0,255,255,255,0,255,255,255,0,255,255,255,0,255,255,255,0,255,255,255,0,255,255,255,0,255,255,255,0,255,255,255,0,255,255,255,0,255,255,255,0,255,255,255,0,255,255,255,0,255,255,255,0,255,255,255,0,255,255,255,0,255,255,255,0,255,255,255,0,255,255,255,0,255,255,255,0,
255,255,255,0,255,255,255,0,255,255,255,0,255,255,255,0,255,255,255,0,255,255,255,0,255,255,255,0,255,255,255,0,255,255,255,0,255,255,255,0,255,255,255,0,255,255,255,0,255,255,255,0,255,255,255,0,255,255,255,0,255,255,255,0,255,255,255,0,255,255,255,0,255,255,255,0,255,255,255,0,255,255,255,0,255,255,255,0,255,255,255,0,255,255,255,0,255,255,255,0,255,255,255,0,255,255,255,0,255,255,255,0,255,255,255,0,255,255,255,0,255,255,255,0,255,255,255,0,255,255,255,0,255,255,255,0,255,255,255,0,255,255,255,0,255,255,255,0,255,255,255,0,255,255,255,0,255,255,255,0,255,255,255,0,255,255,255,0,255,255,255,0,255,255,255,0,255,255,255,32,122,75,38,255,184,119,69,255,213,137,85,255,226,143,89,255,234,150,94,255,234,150,94,255,221,137,83,255,212,132,82,255,196,122,74,255,180,115,68,255,144,88,39,255,141,92,47,255,136,87,44,255,136,87,44,255,133,85,43,255,128,80,38,255,123,75,34,255,122,76,36,255,120,77,37,255,109,74,33,255,100,71,34,255,77,52,21,255,55,31,0,255,58,33,9,255,48,31,12,255,52,33,12,255,82,58,36,255,52,31,9,255,12,3,0,255,31,25,6,255,67,50,21,255,74,50,17,255,102,68,36,255,106,62,29,255,146,93,58,255,147,90,52,255,141,86,44,255,142,89,47,255,142,87,48,255,148,91,50,255,165,105,58,255,160,99,50,255,160,104,56,255,146,95,47,255,142,93,47,255,142,89,47,255,148,93,52,255,142,88,52,255,125,78,43,255,124,77,42,255,144,96,55,255,138,91,47,255,126,83,39,255,116,76,36,255,105,74,38,255,85,63,38,255,12,3,0,255,17,12,9,255,52,42,36,255,62,47,36,255,67,47,23,255,62,39,9,255,76,55,23,255,74,50,19,255,83,55,29,255,87,56,31,255,92,60,29,255,96,62,29,255,97,62,33,255,95,60,32,255,92,60,29,255,91,60,26,255,99,62,31,255,95,58,26,255,96,62,31,255,89,60,31,255,84,58,28,255,74,52,19,255,68,44,17,255,58,37,12,255,65,43,17,255,58,39,12,255,65,47,21,255,60,42,12,255,58,42,12,255,55,39,9,255,60,41,12,255,60,42,15,255,63,41,21,255,72,47,23,255,89,62,29,255,96,62,21,255,166,119,75,255,168,116,72,255,135,87,46,255,121,75,34,255,119,76,40,255,122,84,47,255,95,62,23,255,93,62,26,255,91,65,35,253,90,65,37,253,81,45,17,255,86,48,19,255,98,60,28,255,88,52,21,255,71,44,21,255,65,48,29,253,65,47,31,255,88,75,65,245,255,255,255,33,255,255,255,0,255,255,255,0,255,255,255,0,255,255,255,0,255,255,255,0,255,255,255,0,255,255,255,0,255,255,255,0,255,255,255,0,255,255,255,0,255,255,255,0,255,255,255,0,255,255,255,0,255,255,255,0,255,255,255,0,255,255,255,0,255,255,255,0,255,255,255,0,255,255,255,0,255,255,255,0,255,255,255,0,255,255,255,0,255,255,255,0,255,255,255,0,255,255,255,0,255,255,255,0,255,255,255,0,255,255,255,0,255,255,255,0,255,255,255,0,255,255,255,0,255,255,255,0,255,255,255,0,255,255,255,0,255,255,255,0,255,255,255,0,255,255,255,0,255,255,255,0,255,255,255,0,
255,255,255,0,255,255,255,0,255,255,255,0,255,255,255,0,255,255,255,0,255,255,255,0,255,255,255,0,255,255,255,0,255,255,255,0,255,255,255,0,255,255,255,0,255,255,255,0,255,255,255,0,255,255,255,0,255,255,255,0,255,255,255,0,255,255,255,0,255,255,255,0,255,255,255,0,255,255,255,0,255,255,255,0,255,255,255,0,255,255,255,0,255,255,255,0,255,255,255,0,255,255,255,0,255,255,255,0,255,255,255,0,255,255,255,0,255,255,255,0,255,255,255,0,255,255,255,0,255,255,255,0,255,255,255,0,255,255,255,0,255,255,255,0,255,255,255,0,255,255,255,0,255,255,255,0,255,255,255,0,255,255,255,0,255,255,255,0,255,255,255,0,255,255,255,0,255,255,255,20,115,68,31,255,179,119,76,247,216,136,90,255,236,157,106,253,250,168,114,255,245,162,106,255,228,144,87,255,220,137,84,255,195,119,72,255,188,118,73,255,160,102,55,255,150,98,52,255,138,87,42,255,134,84,41,255,137,86,45,255,138,87,47,255,140,90,49,255,133,83,42,255,117,71,29,255,111,72,31,255,114,78,40,255,97,65,31,255,80,50,19,255,62,36,9,255,37,17,0,255,58,37,19,255,95,71,48,255,71,48,28,255,37,26,9,255,42,34,12,255,62,46,15,255,80,55,21,255,120,87,52,255,121,77,44,255,144,90,55,255,144,86,50,255,142,89,49,255,144,93,50,255,137,85,42,255,152,95,52,255,189,126,79,255,176,114,63,255,166,108,58,255,155,101,52,255,138,87,42,255,141,91,48,255,147,95,55,255,128,79,42,255,94,52,17,255,109,67,31,255,143,95,53,255,130,83,39,255,122,81,39,255,107,72,33,255,81,52,17,255,68,47,23,255,62,52,44,255,60,52,48,255,50,37,23,255,60,41,21,255,69,47,19,255,80,55,23,255,86,60,26,255,89,62,31,255,89,58,32,255,90,56,31,255,99,65,36,255,98,65,32,255,93,58,31,255,91,58,31,255,90,58,26,255,91,58,25,255,94,58,23,255,93,55,21,255,94,58,23,255,88,56,23,255,77,52,19,255,74,50,17,255,79,53,25,255,75,52,26,255,68,44,17,255,71,49,21,255,62,43,15,255,67,48,17,255,77,60,28,255,73,55,23,255,63,44,15,255,49,33,9,255,15,0,0,255,21,0,0,255,85,60,31,255,99,65,31,255,110,65,25,255,122,74,32,255,128,82,41,255,132,87,47,255,127,83,46,255,126,87,49,255,99,63,23,255,92,60,25,255,91,62,31,255,88,62,37,253,100,68,44,255,109,76,58,253,107,73,50,253,105,74,50,255,50,29,23,247,23,9,6,253,193,190,189,162,255,255,255,0,255,255,255,0,255,255,255,0,255,255,255,0,255,255,255,0,255,255,255,0,255,255,255,0,255,255,255,0,255,255,255,0,255,255,255,0,255,255,255,0,255,255,255,0,255,255,255,0,255,255,255,0,255,255,255,0,255,255,255,0,255,255,255,0,255,255,255,0,255,255,255,0,255,255,255,0,255,255,255,0,255,255,255,0,255,255,255,0,255,255,255,0,255,255,255,0,255,255,255,0,255,255,255,0,255,255,255,0,255,255,255,0,255,255,255,0,255,255,255,0,255,255,255,0,255,255,255,0,255,255,255,0,255,255,255,0,255,255,255,0,255,255,255,0,255,255,255,0,255,255,255,0,255,255,255,0,255,255,255,0,
255,255,255,0,255,255,255,0,255,255,255,0,255,255,255,0,255,255,255,0,255,255,255,0,255,255,255,0,255,255,255,0,255,255,255,0,255,255,255,0,255,255,255,0,255,255,255,0,255,255,255,0,255,255,255,0,255,255,255,0,255,255,255,0,255,255,255,0,255,255,255,0,255,255,255,0,255,255,255,0,255,255,255,0,255,255,255,0,255,255,255,0,255,255,255,0,255,255,255,0,255,255,255,0,255,255,255,0,255,255,255,0,255,255,255,0,255,255,255,0,255,255,255,0,255,255,255,0,255,255,255,0,255,255,255,0,255,255,255,0,255,255,255,0,255,255,255,0,255,255,255,0,255,255,255,0,255,255,255,0,255,255,255,0,255,255,255,0,255,255,255,0,255,255,255,0,255,255,255,20,130,81,46,255,183,115,72,255,217,139,102,253,243,155,118,255,255,175,125,255,245,166,108,255,226,144,84,255,220,138,83,255,198,119,71,255,190,117,73,255,174,111,65,255,158,101,55,255,144,90,44,255,138,86,41,255,142,89,47,255,143,90,50,255,145,92,55,255,139,86,48,255,126,77,38,255,121,77,37,255,128,87,43,255,104,67,26,255,93,60,26,255,83,52,26,255,47,23,3,255,60,39,21,255,74,55,33,255,65,48,26,255,47,31,12,255,53,37,12,255,65,46,17,255,81,53,21,255,106,74,39,255,115,74,37,255,141,90,56,255,137,83,48,255,131,83,42,255,133,87,43,255,131,81,37,255,151,94,48,255,194,129,81,255,181,117,65,255,165,105,56,255,153,99,50,255,140,90,45,255,134,86,42,255,142,94,52,255,125,81,40,255,89,50,15,255,94,56,21,255,137,91,52,255,135,89,47,255,120,81,41,255,99,67,29,255,86,53,25,255,69,42,23,255,72,55,47,255,62,50,40,255,52,37,15,255,54,33,6,255,79,52,19,255,94,62,29,255,92,60,26,255,97,65,34,255,95,63,36,255,93,58,31,255,92,58,28,255,89,55,25,255,91,58,32,255,90,56,31,255,91,58,28,255,92,58,23,255,100,62,26,255,99,62,23,255,101,65,26,255,97,65,28,255,81,52,17,255,79,52,19,255,84,56,26,255,82,56,28,255,68,47,17,255,72,52,21,255,63,46,12,255,69,49,17,255,76,55,23,255,76,55,23,255,65,47,17,255,49,36,9,255,12,0,0,255,17,0,0,255,83,55,26,255,100,65,28,255,106,63,25,255,113,69,29,255,122,81,39,255,131,90,48,255,125,81,40,255,120,82,39,255,96,62,19,255,87,56,15,255,105,71,38,249,88,58,29,255,95,71,54,245,56,37,17,255,63,44,27,251,74,55,38,255,76,67,67,230,247,246,246,84,255,255,255,1,255,255,255,0,255,255,255,0,255,255,255,0,255,255,255,0,255,255,255,0,255,255,255,0,255,255,255,0,255,255,255,0,255,255,255,0,255,255,255,0,255,255,255,0,255,255,255,0,255,255,255,0,255,255,255,0,255,255,255,0,255,255,255,0,255,255,255,0,255,255,255,0,255,255,255,0,255,255,255,0,255,255,255,0,255,255,255,0,255,255,255,0,255,255,255,0,255,255,255,0,255,255,255,0,255,255,255,0,255,255,255,0,255,255,255,0,255,255,255,0,255,255,255,0,255,255,255,0,255,255,255,0,255,255,255,0,255,255,255,0,255,255,255,0,255,255,255,0,255,255,255,0,255,255,255,0,255,255,255,0,255,255,255,0,
255,255,255,0,255,255,255,0,255,255,255,0,255,255,255,0,255,255,255,0,255,255,255,0,255,255,255,0,255,255,255,0,255,255,255,0,255,255,255,0,255,255,255,0,255,255,255,0,255,255,255,0,255,255,255,0,255,255,255,0,255,255,255,0,255,255,255,0,255,255,255,0,255,255,255,0,255,255,255,0,255,255,255,0,255,255,255,0,255,255,255,0,255,255,255,0,255,255,255,0,255,255,255,0,255,255,255,0,255,255,255,0,255,255,255,0,255,255,255,0,255,255,255,0,255,255,255,0,255,255,255,0,255,255,255,0,255,255,255,0,255,255,255,0,255,255,255,0,255,255,255,0,255,255,255,0,255,255,255,0,255,255,255,0,255,255,255,0,255,255,255,0,255,255,255,0,255,255,255,19,164,113,80,255,217,146,107,255,226,147,114,253,243,159,123,253,255,175,126,255,245,164,107,255,227,143,84,255,221,139,83,255,202,123,74,255,186,114,69,255,177,111,67,255,161,100,55,255,156,97,52,255,147,90,47,255,143,88,47,255,142,89,49,255,139,83,47,255,138,85,47,255,141,90,52,255,135,89,48,255,126,81,36,255,117,76,32,255,113,74,39,255,99,65,36,255,73,42,17,255,65,41,17,255,36,17,0,255,41,25,0,255,37,19,0,255,52,32,9,255,73,52,25,255,73,47,17,255,67,36,0,255,94,53,15,255,144,92,58,255,138,85,49,255,117,73,31,255,117,74,28,255,127,78,32,255,147,91,46,255,186,121,73,255,183,116,65,255,168,105,58,255,154,98,50,255,140,90,45,255,133,85,41,255,145,97,56,255,129,86,46,255,92,55,19,255,99,62,26,255,140,94,55,255,133,84,46,255,125,86,48,255,104,71,36,255,85,52,26,255,73,47,25,255,63,46,31,255,60,47,31,255,36,21,0,255,51,31,0,255,90,62,26,255,97,63,29,255,91,58,25,255,95,60,28,255,88,53,23,255,91,56,26,255,78,47,12,255,81,49,19,255,90,60,33,255,90,60,33,255,93,62,31,255,96,62,26,255,113,75,37,255,113,74,34,255,116,80,39,255,114,78,38,255,93,60,23,255,85,53,19,255,82,52,21,255,74,47,17,255,69,47,15,255,63,43,12,255,69,52,19,255,65,47,12,255,71,45,15,255,71,45,15,255,62,40,12,255,52,34,9,255,44,33,12,255,49,37,17,255,89,65,39,255,99,67,36,255,125,91,60,255,128,92,58,255,123,86,48,255,123,84,41,255,122,81,39,255,119,82,41,255,99,68,31,255,91,62,28,255,109,77,47,255,99,76,50,251,32,15,0,255,18,6,6,253,32,21,9,253,218,218,217,137,255,255,255,14,255,255,255,0,255,255,255,0,255,255,255,0,255,255,255,0,255,255,255,0,255,255,255,0,255,255,255,0,255,255,255,0,255,255,255,0,255,255,255,0,255,255,255,0,255,255,255,0,255,255,255,0,255,255,255,0,255,255,255,0,255,255,255,0,255,255,255,0,255,255,255,0,255,255,255,0,255,255,255,0,255,255,255,0,255,255,255,0,255,255,255,0,255,255,255,0,255,255,255,0,255,255,255,0,255,255,255,0,255,255,255,0,255,255,255,0,255,255,255,0,255,255,255,0,255,255,255,0,255,255,255,0,255,255,255,0,255,255,255,0,255,255,255,0,255,255,255,0,255,255,255,0,255,255,255,0,255,255,255,0,255,255,255,0,255,255,255,0,255,255,255,0,
255,255,255,0,255,255,255,0,255,255,255,0,255,255,255,0,255,255,255,0,255,255,255,0,255,255,255,0,255,255,255,0,255,255,255,0,255,255,255,0,255,255,255,0,255,255,255,0,255,255,255,0,255,255,255,0,255,255,255,0,255,255,255,0,255,255,255,0,255,255,255,0,255,255,255,0,255,255,255,0,255,255,255,0,255,255,255,0,255,255,255,0,255,255,255,0,255,255,255,0,255,255,255,0,255,255,255,0,255,255,255,0,255,255,255,0,255,255,255,0,255,255,255,0,255,255,255,0,255,255,255,0,255,255,255,0,255,255,255,0,255,255,255,0,255,255,255,0,255,255,255,0,255,255,255,0,255,255,255,0,255,255,255,0,255,255,255,0,255,255,255,0,255,255,255,0,255,255,255,20,163,107,75,253,214,141,102,255,223,145,110,253,248,160,123,255,255,169,119,255,250,163,108,255,236,149,94,255,218,135,81,255,199,123,73,255,188,118,71,255,175,108,67,255,167,103,62,255,158,94,53,255,149,87,48,255,140,84,45,255,142,89,49,255,139,86,47,255,142,89,49,255,142,88,52,255,137,86,47,255,130,84,42,255,127,84,41,255,122,80,41,255,116,75,38,255,89,55,19,255,84,55,21,255,52,28,0,255,53,32,3,255,50,31,6,255,54,38,12,255,69,50,23,255,69,47,17,255,73,43,9,255,94,53,17,255,146,95,60,255,138,85,47,255,113,69,29,255,118,75,31,255,127,79,36,255,149,93,47,255,194,129,81,255,184,114,67,255,168,105,60,255,155,99,53,255,141,92,47,255,135,87,43,255,141,91,48,255,129,83,43,255,92,55,19,255,99,62,26,255,147,98,60,255,134,83,46,255,117,72,36,255,101,65,33,255,82,55,23,255,68,47,19,255,63,47,21,255,60,46,21,255,45,28,3,255,58,37,12,255,91,63,36,255,93,62,31,255,93,60,26,255,92,58,26,255,93,62,26,255,92,60,25,255,82,55,19,255,77,52,19,255,91,62,32,255,92,60,31,255,88,53,21,255,100,65,28,255,119,80,40,255,120,77,37,255,119,80,38,255,112,73,31,255,103,65,26,255,95,60,23,255,90,58,23,255,75,49,12,255,74,52,19,255,63,43,12,255,65,47,17,255,69,49,19,255,72,48,19,255,69,44,15,255,62,40,9,255,58,39,9,255,48,33,9,255,49,37,17,255,71,50,32,255,74,52,34,255,79,58,40,255,92,70,53,253,114,83,49,255,123,89,47,255,106,68,28,255,118,88,55,247,76,53,26,255,65,44,23,255,82,56,40,255,66,49,37,253,15,6,0,255,39,32,28,247,254,254,254,49,255,255,255,0,255,255,255,0,255,255,255,0,255,255,255,0,255,255,255,0,255,255,255,0,255,255,255,0,255,255,255,0,255,255,255,0,255,255,255,0,255,255,255,0,255,255,255,0,255,255,255,0,255,255,255,0,255,255,255,0,255,255,255,0,255,255,255,0,255,255,255,0,255,255,255,0,255,255,255,0,255,255,255,0,255,255,255,0,255,255,255,0,255,255,255,0,255,255,255,0,255,255,255,0,255,255,255,0,255,255,255,0,255,255,255,0,255,255,255,0,255,255,255,0,255,255,255,0,255,255,255,0,255,255,255,0,255,255,255,0,255,255,255,0,255,255,255,0,255,255,255,0,255,255,255,0,255,255,255,0,255,255,255,0,255,255,255,0,255,255,255,0,255,255,255,0,255,255,255,0,
255,255,255,0,255,255,255,0,255,255,255,0,255,255,255,0,255,255,255,0,255,255,255,0,255,255,255,0,255,255,255,0,255,255,255,0,255,255,255,0,255,255,255,0,255,255,255,0,255,255,255,0,255,255,255,0,255,255,255,0,255,255,255,0,255,255,255,0,255,255,255,0,255,255,255,0,255,255,255,0,255,255,255,0,255,255,255,0,255,255,255,0,255,255,255,0,255,255,255,0,255,255,255,0,255,255,255,0,255,255,255,0,255,255,255,0,255,255,255,0,255,255,255,0,255,255,255,0,255,255,255,0,255,255,255,0,255,255,255,0,255,255,255,0,255,255,255,0,255,255,255,0,255,255,255,0,255,255,255,0,255,255,255,0,255,255,255,0,255,255,255,0,255,255,255,0,255,255,255,20,145,93,60,255,190,117,74,255,222,144,104,253,226,139,98,255,237,148,98,255,236,149,94,255,229,142,87,255,216,134,80,255,196,122,72,255,188,118,71,255,176,110,65,255,168,101,62,255,156,89,49,255,149,87,48,255,139,84,42,255,138,86,43,255,143,90,48,255,143,90,48,255,140,87,50,255,138,85,47,255,138,90,49,255,131,83,42,255,126,80,40,255,126,82,41,255,113,75,36,255,107,74,36,255,88,60,23,255,86,60,26,255,81,58,26,255,68,47,19,255,62,43,17,255,77,56,29,255,118,90,55,255,120,81,43,255,144,93,55,255,137,86,45,255,114,73,31,255,123,82,40,255,122,76,34,255,146,91,47,255,192,127,80,255,183,115,69,255,169,106,60,255,155,99,53,255,141,91,48,255,135,87,43,255,141,91,48,255,129,83,43,255,89,53,19,255,99,62,29,255,144,98,58,255,135,85,47,255,101,56,23,255,83,47,17,255,86,60,32,255,76,55,28,255,34,17,0,255,45,29,0,255,72,52,26,255,83,60,36,255,96,65,39,255,98,63,34,255,95,60,28,255,91,58,23,255,91,58,21,255,94,63,25,255,87,62,23,255,89,62,26,255,91,62,31,255,95,63,33,255,91,58,23,255,96,58,21,255,115,74,37,255,121,79,40,255,116,75,33,255,117,77,36,255,118,78,39,255,110,72,34,255,97,65,28,255,82,55,19,255,62,41,6,255,54,34,3,255,68,49,21,255,68,47,19,255,72,48,21,255,65,42,12,255,68,44,15,255,55,37,6,255,48,33,9,255,39,26,6,255,17,3,0,255,9,0,0,255,3,0,0,255,27,15,12,251,65,44,15,255,104,76,47,253,87,58,23,255,96,71,42,255,31,15,12,251,15,6,6,253,21,6,6,253,23,9,6,253,215,215,214,139,255,255,255,11,255,255,255,0,255,255,255,0,255,255,255,0,255,255,255,0,255,255,255,0,255,255,255,0,255,255,255,0,255,255,255,0,255,255,255,0,255,255,255,0,255,255,255,0,255,255,255,0,255,255,255,0,255,255,255,0,255,255,255,0,255,255,255,0,255,255,255,0,255,255,255,0,255,255,255,0,255,255,255,0,255,255,255,0,255,255,255,0,255,255,255,0,255,255,255,0,255,255,255,0,255,255,255,0,255,255,255,0,255,255,255,0,255,255,255,0,255,255,255,0,255,255,255,0,255,255,255,0,255,255,255,0,255,255,255,0,255,255,255,0,255,255,255,0,255,255,255,0,255,255,255,0,255,255,255,0,255,255,255,0,255,255,255,0,255,255,255,0,255,255,255,0,255,255,255,0,255,255,255,0,255,255,255,0,
255,255,255,0,255,255,255,0,255,255,255,0,255,255,255,0,255,255,255,0,255,255,255,0,255,255,255,0,255,255,255,0,255,255,255,0,255,255,255,0,255,255,255,0,255,255,255,0,255,255,255,0,255,255,255,0,255,255,255,0,255,255,255,0,255,255,255,0,255,255,255,0,255,255,255,0,255,255,255,0,255,255,255,0,255,255,255,0,255,255,255,0,255,255,255,0,255,255,255,0,255,255,255,0,255,255,255,0,255,255,255,0,255,255,255,0,255,255,255,0,255,255,255,0,255,255,255,0,255,255,255,0,255,255,255,0,255,255,255,0,255,255,255,0,255,255,255,0,255,255,255,0,255,255,255,0,255,255,255,0,255,255,255,0,255,255,255,0,255,255,255,0,255,255,255,0,255,255,255,20,136,87,48,255,189,122,74,255,212,138,90,253,224,145,96,253,231,146,93,255,233,149,93,255,230,145,92,255,221,138,87,255,194,120,69,255,188,118,71,255,178,110,67,255,166,100,58,255,158,94,52,255,149,89,47,255,138,86,41,255,141,92,47,255,147,95,50,255,143,91,47,255,142,87,48,255,139,86,47,255,147,95,55,255,137,86,45,255,132,81,41,255,128,82,39,255,122,79,38,255,116,76,34,255,102,67,28,255,95,62,23,255,93,62,26,255,74,47,12,255,62,41,9,255,75,55,25,255,107,77,43,255,118,81,42,255,147,99,55,255,127,79,36,255,109,69,29,255,117,76,40,255,125,81,40,255,143,90,48,255,179,118,75,255,174,111,65,255,164,105,58,255,154,98,52,255,143,90,48,255,137,86,45,255,143,90,50,255,129,82,46,255,89,53,19,255,99,62,29,255,135,91,53,255,126,80,42,255,103,62,32,255,80,47,19,255,74,49,25,255,68,47,21,255,50,31,3,255,58,36,6,255,81,55,26,255,83,53,23,255,92,58,26,255,99,62,29,255,99,62,26,255,96,60,23,255,87,52,12,255,90,56,19,255,88,58,19,255,91,60,23,255,95,65,29,255,93,60,26,255,93,56,25,255,94,58,26,255,111,73,39,255,117,76,42,255,109,68,31,255,114,76,36,255,121,84,43,255,115,80,41,255,98,67,29,255,85,58,23,255,65,40,9,255,58,37,6,255,68,49,21,255,65,46,19,255,65,44,15,255,62,40,12,255,63,43,15,255,50,31,6,255,47,36,12,255,36,26,12,255,9,3,0,255,6,0,0,255,0,0,0,255,12,6,0,255,56,46,29,255,93,77,54,251,77,65,44,253,75,62,43,255,42,33,33,243,194,192,192,170,254,254,254,47,255,255,255,2,255,255,255,0,255,255,255,0,255,255,255,0,255,255,255,0,255,255,255,0,255,255,255,0,255,255,255,0,255,255,255,0,255,255,255,0,255,255,255,0,255,255,255,0,255,255,255,0,255,255,255,0,255,255,255,0,255,255,255,0,255,255,255,0,255,255,255,0,255,255,255,0,255,255,255,0,255,255,255,0,255,255,255,0,255,255,255,0,255,255,255,0,255,255,255,0,255,255,255,0,255,255,255,0,255,255,255,0,255,255,255,0,255,255,255,0,255,255,255,0,255,255,255,0,255,255,255,0,255,255,255,0,255,255,255,0,255,255,255,0,255,255,255,0,255,255,255,0,255,255,255,0,255,255,255,0,255,255,255,0,255,255,255,0,255,255,255,0,255,255,255,0,255,255,255,0,255,255,255,0,255,255,255,0,255,255,255,0,255,255,255,0,
255,255,255,0,255,255,255,0,255,255,255,0,255,255,255,0,255,255,255,0,255,255,255,0,255,255,255,0,255,255,255,0,255,255,255,0,255,255,255,0,255,255,255,0,255,255,255,0,255,255,255,0,255,255,255,0,255,255,255,0,255,255,255,0,255,255,255,0,255,255,255,0,255,255,255,0,255,255,255,0,255,255,255,0,255,255,255,0,255,255,255,0,255,255,255,0,255,255,255,0,255,255,255,0,255,255,255,0,255,255,255,0,255,255,255,0,255,255,255,0,255,255,255,0,255,255,255,0,255,255,255,0,255,255,255,0,255,255,255,0,255,255,255,0,255,255,255,0,255,255,255,0,255,255,255,0,255,255,255,0,255,255,255,0,255,255,255,0,255,255,255,0,255,255,255,0,255,255,255,20,114,68,26,255,176,110,64,253,185,109,58,255,213,130,80,255,234,152,97,255,238,152,99,255,232,147,94,255,222,140,87,255,200,124,74,255,195,126,75,255,190,122,76,255,175,109,65,255,157,96,50,255,144,85,40,255,135,81,37,255,144,92,47,255,151,97,52,255,146,91,47,255,141,86,44,255,141,86,47,255,141,86,47,255,140,87,48,255,140,87,48,255,135,85,44,255,143,95,53,255,135,92,49,255,127,89,47,255,120,84,40,255,120,83,42,255,98,65,28,255,74,52,21,255,60,39,9,255,60,28,0,255,87,47,6,255,152,107,62,255,132,87,42,255,92,52,12,255,94,56,19,255,127,83,46,255,135,85,44,255,155,98,55,255,156,97,52,255,153,97,49,255,144,90,44,255,143,90,48,255,138,85,45,255,141,91,50,255,129,83,43,255,88,52,17,255,95,62,26,255,124,84,47,255,111,72,34,255,100,62,34,255,80,49,23,255,49,23,0,255,48,25,3,255,87,62,36,255,90,62,32,255,88,56,26,255,89,55,19,255,89,53,17,255,104,67,28,255,111,76,37,255,113,77,38,255,96,62,21,255,94,58,21,255,91,58,21,255,95,62,23,255,91,58,23,255,93,60,25,255,97,62,31,255,92,58,28,255,94,58,26,255,92,55,21,255,86,50,12,255,92,55,15,255,114,76,36,255,110,74,36,255,95,62,23,255,84,55,21,255,81,53,21,255,72,48,19,255,71,49,21,255,65,44,15,255,68,47,19,255,71,49,21,255,65,46,17,255,56,37,12,255,47,36,12,255,41,32,15,255,43,36,23,255,41,37,29,255,9,9,9,253,0,0,0,255,15,12,12,251,9,6,6,253,28,23,23,247,234,234,233,112,255,255,255,14,255,255,255,1,255,255,255,0,255,255,255,0,255,255,255,0,255,255,255,0,255,255,255,0,255,255,255,0,255,255,255,0,255,255,255,0,255,255,255,0,255,255,255,0,255,255,255,0,255,255,255,0,255,255,255,0,255,255,255,0,255,255,255,0,255,255,255,0,255,255,255,0,255,255,255,0,255,255,255,0,255,255,255,0,255,255,255,0,255,255,255,0,255,255,255,0,255,255,255,0,255,255,255,0,255,255,255,0,255,255,255,0,255,255,255,0,255,255,255,0,255,255,255,0,255,255,255,0,255,255,255,0,255,255,255,0,255,255,255,0,255,255,255,0,255,255,255,0,255,255,255,0,255,255,255,0,255,255,255,0,255,255,255,0,255,255,255,0,255,255,255,0,255,255,255,0,255,255,255,0,255,255,255,0,255,255,255,0,255,255,255,0,255,255,255,0,255,255,255,0,255,255,255,0,
255,255,255,0,255,255,255,0,255,255,255,0,255,255,255,0,255,255,255,0,255,255,255,0,255,255,255,0,255,255,255,0,255,255,255,0,255,255,255,0,255,255,255,0,255,255,255,0,255,255,255,0,255,255,255,0,255,255,255,0,255,255,255,0,255,255,255,0,255,255,255,0,255,255,255,0,255,255,255,0,255,255,255,0,255,255,255,0,255,255,255,0,255,255,255,0,255,255,255,0,255,255,255,0,255,255,255,0,255,255,255,0,255,255,255,0,255,255,255,0,255,255,255,0,255,255,255,0,255,255,255,0,255,255,255,0,255,255,255,0,255,255,255,0,255,255,255,0,255,255,255,0,255,255,255,0,255,255,255,0,255,255,255,0,255,255,255,0,255,255,255,0,255,255,255,0,255,255,255,23,111,65,31,255,165,102,59,253,185,113,67,255,212,131,84,255,221,136,84,255,224,139,87,255,228,143,92,255,221,138,87,255,198,121,72,255,195,126,75,255,188,120,73,255,172,107,60,255,162,99,53,255,153,91,47,255,150,91,47,255,152,95,50,255,152,93,48,255,151,92,47,255,149,89,49,255,146,89,48,255,142,87,47,255,141,86,44,255,142,87,47,255,139,87,44,255,142,92,49,255,135,87,43,255,131,86,41,255,122,80,34,255,132,89,46,255,107,69,31,255,65,42,9,255,67,43,12,255,88,53,21,255,101,58,19,255,143,97,53,255,128,82,37,255,95,55,15,255,99,62,23,255,132,91,52,255,138,90,49,255,148,93,52,255,149,93,49,255,155,101,55,255,147,95,50,255,143,90,48,255,140,90,49,255,145,98,55,255,129,86,43,255,94,58,21,255,96,62,26,255,113,77,38,255,107,72,36,255,94,62,31,255,83,55,29,255,62,36,12,255,62,36,12,255,95,65,38,255,93,60,29,255,99,62,29,255,99,62,23,255,98,58,19,255,105,67,23,255,118,81,40,255,119,82,43,255,95,60,21,255,93,58,21,255,93,60,25,255,93,60,25,255,83,52,12,255,86,56,19,255,87,58,23,255,94,65,33,255,92,60,29,255,88,56,23,255,100,68,31,255,103,68,29,255,113,75,36,255,111,74,36,255,104,68,32,255,93,60,25,255,90,58,25,255,82,55,21,255,74,49,17,255,74,50,21,255,69,49,19,255,65,47,15,255,56,38,6,255,58,40,12,255,47,31,6,255,42,26,6,255,49,38,21,255,39,32,21,255,21,15,12,253,3,0,0,255,0,0,0,255,131,132,127,206,255,255,255,6,255,255,255,0,255,255,255,0,255,255,255,0,255,255,255,0,255,255,255,0,255,255,255,0,255,255,255,0,255,255,255,0,255,255,255,0,255,255,255,0,255,255,255,0,255,255,255,0,255,255,255,0,255,255,255,0,255,255,255,0,255,255,255,0,255,255,255,0,255,255,255,0,255,255,255,0,255,255,255,0,255,255,255,0,255,255,255,0,255,255,255,0,255,255,255,0,255,255,255,0,255,255,255,0,255,255,255,0,255,255,255,0,255,255,255,0,255,255,255,0,255,255,255,0,255,255,255,0,255,255,255,0,255,255,255,0,255,255,255,0,255,255,255,0,255,255,255,0,255,255,255,0,255,255,255,0,255,255,255,0,255,255,255,0,255,255,255,0,255,255,255,0,255,255,255,0,255,255,255,0,255,255,255,0,255,255,255,0,255,255,255,0,255,255,255,0,255,255,255,0,255,255,255,0,255,255,255,0,255,255,255,0,
255,255,255,0,255,255,255,0,255,255,255,0,255,255,255,0,255,255,255,0,255,255,255,0,255,255,255,0,255,255,255,0,255,255,255,0,255,255,255,0,255,255,255,0,255,255,255,0,255,255,255,0,255,255,255,0,255,255,255,0,255,255,255,0,255,255,255,0,255,255,255,0,255,255,255,0,255,255,255,0,255,255,255,0,255,255,255,0,255,255,255,0,255,255,255,0,255,255,255,0,255,255,255,0,255,255,255,0,255,255,255,0,255,255,255,0,255,255,255,0,255,255,255,0,255,255,255,0,255,255,255,0,255,255,255,0,255,255,255,0,255,255,255,0,255,255,255,0,255,255,255,0,255,255,255,0,255,255,255,0,255,255,255,0,255,255,255,0,255,255,255,0,255,255,255,0,255,255,255,30,116,74,39,255,169,110,63,255,186,116,71,255,201,131,81,253,213,130,80,255,218,133,82,255,223,138,87,255,215,134,84,255,195,119,68,255,194,123,72,255,188,121,71,255,176,111,62,255,175,109,65,255,174,110,68,255,171,110,67,255,164,105,60,255,154,93,48,255,152,93,48,255,156,96,56,255,149,92,52,255,144,90,48,255,142,87,47,255,141,86,44,255,142,87,47,255,143,90,48,255,139,89,47,255,137,90,47,255,134,86,42,255,147,99,58,255,117,75,38,255,65,39,9,255,77,52,23,255,137,96,63,255,135,87,50,255,140,92,48,255,126,81,36,255,111,72,32,255,116,80,39,255,124,83,41,255,131,85,43,255,142,92,52,255,140,87,47,255,149,97,52,255,147,95,50,255,143,90,48,255,140,87,47,255,140,92,47,255,126,83,39,255,90,52,15,255,88,52,17,255,94,58,21,255,94,58,21,255,91,62,31,255,90,62,34,255,87,62,36,255,89,60,36,255,91,58,28,255,93,56,23,255,113,73,38,255,115,73,34,255,114,73,31,255,115,74,31,255,118,78,39,255,110,74,36,255,91,58,21,255,90,56,21,255,93,62,26,255,94,63,26,255,98,67,29,255,90,62,25,255,84,55,21,255,88,58,25,255,86,56,21,255,93,62,26,255,108,73,34,255,112,74,34,255,113,74,34,255,112,73,33,255,116,78,41,255,110,72,37,255,90,55,19,255,88,56,23,255,87,58,23,255,87,62,29,255,72,48,17,255,62,41,9,255,58,40,9,255,58,40,12,255,53,36,9,255,52,34,9,255,50,37,15,255,40,31,17,255,3,0,0,255,24,18,18,249,65,65,62,233,255,255,255,3,255,255,255,0,255,255,255,0,255,255,255,0,255,255,255,0,255,255,255,0,255,255,255,0,255,255,255,0,255,255,255,0,255,255,255,0,255,255,255,0,255,255,255,0,255,255,255,0,255,255,255,0,255,255,255,0,255,255,255,0,255,255,255,0,255,255,255,0,255,255,255,0,255,255,255,0,255,255,255,0,255,255,255,0,255,255,255,0,255,255,255,0,255,255,255,0,255,255,255,0,255,255,255,0,255,255,255,0,255,255,255,0,255,255,255,0,255,255,255,0,255,255,255,0,255,255,255,0,255,255,255,0,255,255,255,0,255,255,255,0,255,255,255,0,255,255,255,0,255,255,255,0,255,255,255,0,255,255,255,0,255,255,255,0,255,255,255,0,255,255,255,0,255,255,255,0,255,255,255,0,255,255,255,0,255,255,255,0,255,255,255,0,255,255,255,0,255,255,255,0,255,255,255,0,255,255,255,0,255,255,255,0,255,255,255,0,
255,255,255,0,255,255,255,0,255,255,255,0,255,255,255,0,255,255,255,0,255,255,255,0,255,255,255,0,255,255,255,0,255,255,255,0,255,255,255,0,255,255,255,0,255,255,255,0,255,255,255,0,255,255,255,0,255,255,255,0,255,255,255,0,255,255,255,0,255,255,255,0,255,255,255,0,255,255,255,0,255,255,255,0,255,255,255,0,255,255,255,0,255,255,255,0,255,255,255,0,255,255,255,0,255,255,255,0,255,255,255,0,255,255,255,0,255,255,255,0,255,255,255,0,255,255,255,0,255,255,255,0,255,255,255,0,255,255,255,0,255,255,255,0,255,255,255,0,255,255,255,0,255,255,255,0,255,255,255,0,255,255,255,0,255,255,255,0,255,255,255,0,255,255,255,0,255,255,255,35,119,75,42,255,166,110,62,255,178,113,65,255,192,122,74,253,203,124,74,255,211,128,77,255,218,134,84,255,211,131,80,255,196,121,68,255,193,122,71,255,188,119,68,255,178,111,62,255,176,110,65,255,175,112,68,255,172,111,69,255,165,106,63,255,159,100,55,255,155,95,53,255,148,93,52,255,146,94,52,255,144,92,49,255,142,89,47,255,141,86,44,255,140,84,45,255,142,89,49,255,143,90,50,255,139,89,47,255,140,90,47,255,146,95,58,255,114,72,37,255,62,36,3,255,86,58,29,255,150,102,71,255,146,90,53,255,145,93,48,255,133,85,39,255,122,81,37,255,123,84,39,255,122,80,34,255,129,83,39,255,141,91,50,255,138,86,43,255,149,97,52,255,150,96,52,255,143,88,47,255,140,87,47,255,139,90,41,255,133,85,41,255,106,62,26,255,103,62,31,255,97,56,21,255,97,58,23,255,93,62,28,255,89,62,31,255,86,58,29,255,86,56,23,255,96,62,26,255,103,65,26,255,122,82,44,255,124,83,43,255,124,78,36,255,120,76,34,255,117,77,38,255,105,72,36,255,92,60,25,255,88,58,25,255,90,62,26,255,90,62,26,255,94,63,26,255,92,62,23,255,97,65,31,255,99,68,32,255,95,62,26,255,103,68,31,255,117,77,38,255,123,82,42,255,122,80,41,255,121,79,40,255,121,79,40,255,119,76,40,255,102,62,23,255,100,65,28,255,94,63,25,255,91,62,28,255,79,52,21,255,72,47,19,255,62,43,15,255,53,37,6,255,56,41,12,255,55,41,12,255,44,32,9,255,36,26,12,255,80,72,71,245,155,154,154,217,250,250,250,74,255,255,255,0,255,255,255,0,255,255,255,0,255,255,255,0,255,255,255,0,255,255,255,0,255,255,255,0,255,255,255,0,255,255,255,0,255,255,255,0,255,255,255,0,255,255,255,0,255,255,255,0,255,255,255,0,255,255,255,0,255,255,255,0,255,255,255,0,255,255,255,0,255,255,255,0,255,255,255,0,255,255,255,0,255,255,255,0,255,255,255,0,255,255,255,0,255,255,255,0,255,255,255,0,255,255,255,0,255,255,255,0,255,255,255,0,255,255,255,0,255,255,255,0,255,255,255,0,255,255,255,0,255,255,255,0,255,255,255,0,255,255,255,0,255,255,255,0,255,255,255,0,255,255,255,0,255,255,255,0,255,255,255,0,255,255,255,0,255,255,255,0,255,255,255,0,255,255,255,0,255,255,255,0,255,255,255,0,255,255,255,0,255,255,255,0,255,255,255,0,255,255,255,0,255,255,255,0,255,255,255,0,255,255,255,0,255,255,255,0,
255,255,255,0,255,255,255,0,255,255,255,0,255,255,255,0,255,255,255,0,255,255,255,0,255,255,255,0,255,255,255,0,255,255,255,0,255,255,255,0,255,255,255,0,255,255,255,0,255,255,255,0,255,255,255,0,255,255,255,0,255,255,255,0,255,255,255,0,255,255,255,0,255,255,255,0,255,255,255,0,255,255,255,0,255,255,255,0,255,255,255,0,255,255,255,0,255,255,255,0,255,255,255,0,255,255,255,0,255,255,255,0,255,255,255,0,255,255,255,0,255,255,255,0,255,255,255,0,255,255,255,0,255,255,255,0,255,255,255,0,255,255,255,0,255,255,255,0,255,255,255,0,255,255,255,0,255,255,255,0,255,255,255,0,255,255,255,0,255,255,255,0,255,255,255,0,255,255,255,38,116,75,45,253,162,103,64,253,169,106,60,255,188,118,71,255,197,123,75,255,206,128,79,255,215,134,86,255,211,130,82,255,200,124,74,255,195,121,71,255,186,116,67,255,176,109,60,255,168,102,58,255,156,95,52,255,153,94,52,255,157,98,55,255,163,104,60,255,155,98,55,255,143,88,47,255,139,87,44,255,141,91,48,255,141,91,48,255,140,87,48,255,138,85,45,255,137,84,44,255,143,90,50,255,137,86,45,255,137,86,45,255,148,97,60,255,115,71,37,255,65,36,3,255,83,53,21,255,145,96,62,255,137,79,41,255,142,88,44,255,139,89,44,255,126,84,39,255,123,82,38,255,138,93,48,255,145,95,52,255,146,93,53,255,140,87,48,255,146,91,49,255,140,85,43,255,142,87,47,255,142,90,45,255,143,91,44,255,142,92,49,255,130,83,47,255,134,90,55,255,119,76,40,255,111,73,37,255,94,62,29,255,87,56,28,255,69,42,12,255,78,48,12,255,108,73,34,255,118,78,37,255,123,82,40,255,126,82,41,255,119,74,31,255,118,75,31,255,117,77,38,255,108,73,36,255,97,65,32,255,90,60,29,255,86,60,26,255,86,56,21,255,85,55,15,255,95,62,21,255,109,75,38,255,107,74,37,255,111,76,37,255,114,76,38,255,116,75,36,255,119,75,34,255,138,94,53,255,138,94,55,255,120,76,38,255,115,73,34,255,116,75,38,255,111,74,36,255,96,62,23,255,85,55,15,255,86,55,26,255,89,60,36,255,68,47,19,255,48,32,3,255,56,41,12,255,58,43,15,255,37,25,0,255,29,21,3,255,230,224,222,224,239,237,237,180,255,255,255,29,255,255,255,0,255,255,255,0,255,255,255,0,255,255,255,0,255,255,255,0,255,255,255,0,255,255,255,0,255,255,255,0,255,255,255,0,255,255,255,0,255,255,255,0,255,255,255,0,255,255,255,0,255,255,255,0,255,255,255,0,255,255,255,0,255,255,255,0,255,255,255,0,255,255,255,0,255,255,255,0,255,255,255,0,255,255,255,0,255,255,255,0,255,255,255,0,255,255,255,0,255,255,255,0,255,255,255,0,255,255,255,0,255,255,255,0,255,255,255,0,255,255,255,0,255,255,255,0,255,255,255,0,255,255,255,0,255,255,255,0,255,255,255,0,255,255,255,0,255,255,255,0,255,255,255,0,255,255,255,0,255,255,255,0,255,255,255,0,255,255,255,0,255,255,255,0,255,255,255,0,255,255,255,0,255,255,255,0,255,255,255,0,255,255,255,0,255,255,255,0,255,255,255,0,255,255,255,0,255,255,255,0,255,255,255,0,255,255,255,0,
255,255,255,0,255,255,255,0,255,255,255,0,255,255,255,0,255,255,255,0,255,255,255,0,255,255,255,0,255,255,255,0,255,255,255,0,255,255,255,0,255,255,255,0,255,255,255,0,255,255,255,0,255,255,255,0,255,255,255,0,255,255,255,0,255,255,255,0,255,255,255,0,255,255,255,0,255,255,255,0,255,255,255,0,255,255,255,0,255,255,255,0,255,255,255,0,255,255,255,0,255,255,255,0,255,255,255,0,255,255,255,0,255,255,255,0,255,255,255,0,255,255,255,0,255,255,255,0,255,255,255,0,255,255,255,0,255,255,255,0,255,255,255,0,255,255,255,0,255,255,255,0,255,255,255,0,255,255,255,0,255,255,255,0,255,255,255,0,255,255,255,0,255,255,255,0,255,255,255,35,121,81,52,253,153,96,52,255,159,96,58,253,176,110,65,255,194,124,76,255,202,128,80,255,209,130,83,255,203,124,76,255,202,126,78,255,191,117,68,255,187,118,68,255,175,110,60,255,165,104,60,255,155,95,53,255,149,93,49,255,154,97,55,255,165,108,65,255,156,102,58,255,142,90,45,255,138,86,43,255,135,85,44,255,141,91,50,255,147,96,58,255,135,85,47,255,142,92,53,255,135,85,47,255,138,87,48,255,135,85,47,255,146,95,58,255,119,73,37,255,69,38,3,255,87,52,17,255,145,97,60,255,142,87,47,255,140,90,45,255,135,87,41,255,129,87,41,255,132,89,46,255,140,90,49,255,143,88,49,255,147,90,52,255,140,83,44,255,139,83,44,255,141,86,44,255,143,90,48,255,140,87,47,255,137,85,40,255,143,90,48,255,144,96,58,255,140,94,55,255,123,82,40,255,113,75,37,255,93,62,28,255,82,53,26,255,67,41,15,255,74,44,15,255,129,89,49,255,127,84,39,255,128,84,42,255,128,84,42,255,119,76,32,255,117,73,31,255,117,77,38,255,113,75,37,255,95,62,26,255,88,56,23,255,91,62,31,255,90,62,26,255,91,58,19,255,100,65,23,255,115,81,39,255,119,82,41,255,118,81,40,255,122,82,42,255,113,72,31,255,117,73,32,255,136,93,52,255,134,90,50,255,119,75,34,255,114,72,33,255,125,86,47,255,111,74,33,255,97,65,21,255,94,63,25,255,95,65,34,255,85,58,31,255,67,43,12,255,48,29,0,255,63,47,21,255,52,37,12,255,34,21,0,255,39,28,9,255,220,210,204,249,197,192,192,186,255,255,255,13,255,255,255,0,255,255,255,0,255,255,255,0,255,255,255,0,255,255,255,0,255,255,255,0,255,255,255,0,255,255,255,0,255,255,255,0,255,255,255,0,255,255,255,0,255,255,255,0,255,255,255,0,255,255,255,0,255,255,255,0,255,255,255,0,255,255,255,0,255,255,255,0,255,255,255,0,255,255,255,0,255,255,255,0,255,255,255,0,255,255,255,0,255,255,255,0,255,255,255,0,255,255,255,0,255,255,255,0,255,255,255,0,255,255,255,0,255,255,255,0,255,255,255,0,255,255,255,0,255,255,255,0,255,255,255,0,255,255,255,0,255,255,255,0,255,255,255,0,255,255,255,0,255,255,255,0,255,255,255,0,255,255,255,0,255,255,255,0,255,255,255,0,255,255,255,0,255,255,255,0,255,255,255,0,255,255,255,0,255,255,255,0,255,255,255,0,255,255,255,0,255,255,255,0,255,255,255,0,255,255,255,0,255,255,255,0,255,255,255,0,
255,255,255,0,255,255,255,0,255,255,255,0,255,255,255,0,255,255,255,0,255,255,255,0,255,255,255,0,255,255,255,0,255,255,255,0,255,255,255,0,255,255,255,0,255,255,255,0,255,255,255,0,255,255,255,0,255,255,255,0,255,255,255,0,255,255,255,0,255,255,255,0,255,255,255,0,255,255,255,0,255,255,255,0,255,255,255,0,255,255,255,0,255,255,255,0,255,255,255,0,255,255,255,0,255,255,255,0,255,255,255,0,255,255,255,0,255,255,255,0,255,255,255,0,255,255,255,0,255,255,255,0,255,255,255,0,255,255,255,0,255,255,255,0,255,255,255,0,255,255,255,0,255,255,255,0,255,255,255,0,255,255,255,0,255,255,255,0,255,255,255,0,255,255,255,0,255,255,255,34,125,85,55,253,147,90,47,255,145,83,46,253,160,98,55,255,174,111,63,255,182,115,67,255,191,117,71,255,189,112,68,255,190,116,69,255,180,108,62,255,180,112,63,255,165,105,56,255,153,96,52,255,150,96,52,255,150,96,52,255,151,97,53,255,151,97,53,255,148,93,49,255,138,86,41,255,138,86,43,255,138,87,47,255,137,86,47,255,140,89,52,255,144,93,55,255,135,85,47,255,137,86,47,255,140,91,52,255,138,87,48,255,144,90,55,255,126,80,44,255,91,58,23,255,101,65,29,255,141,92,53,255,139,84,42,255,139,89,44,255,136,87,44,255,130,84,42,255,126,81,38,255,127,77,36,255,131,78,38,255,143,88,49,255,142,87,48,255,143,88,49,255,140,87,48,255,143,90,48,255,142,89,47,255,137,85,42,255,139,87,44,255,139,87,48,255,132,87,44,255,118,74,33,255,102,62,21,255,93,60,25,255,83,53,23,255,68,42,15,255,81,52,21,255,131,90,48,255,149,101,58,255,135,89,47,255,133,87,46,255,119,76,32,255,115,74,32,255,117,77,38,255,113,75,37,255,92,55,19,255,87,52,17,255,91,60,26,255,96,62,26,255,115,78,38,255,115,75,33,255,116,76,34,255,112,73,31,255,112,69,29,255,115,74,32,255,115,72,31,255,119,75,34,255,116,69,28,255,121,75,32,255,115,72,29,255,116,75,33,255,112,73,31,255,111,74,33,255,111,76,36,255,113,81,41,255,101,69,36,255,84,56,23,255,65,42,9,255,50,32,3,255,60,42,17,255,53,38,15,255,44,31,6,255,50,37,19,255,21,12,6,253,122,121,118,224,255,255,255,11,255,255,255,0,255,255,255,0,255,255,255,0,255,255,255,0,255,255,255,0,255,255,255,0,255,255,255,0,255,255,255,0,255,255,255,0,255,255,255,0,255,255,255,0,255,255,255,0,255,255,255,0,255,255,255,0,255,255,255,0,255,255,255,0,255,255,255,0,255,255,255,0,255,255,255,0,255,255,255,0,255,255,255,0,255,255,255,0,255,255,255,0,255,255,255,0,255,255,255,0,255,255,255,0,255,255,255,0,255,255,255,0,255,255,255,0,255,255,255,0,255,255,255,0,255,255,255,0,255,255,255,0,255,255,255,0,255,255,255,0,255,255,255,0,255,255,255,0,255,255,255,0,255,255,255,0,255,255,255,0,255,255,255,0,255,255,255,0,255,255,255,0,255,255,255,0,255,255,255,0,255,255,255,0,255,255,255,0,255,255,255,0,255,255,255,0,255,255,255,0,255,255,255,0,255,255,255,0,255,255,255,0,255,255,255,0,255,255,255,0,
255,255,255,0,255,255,255,0,255,255,255,0,255,255,255,0,255,255,255,0,255,255,255,0,255,255,255,0,255,255,255,0,255,255,255,0,255,255,255,0,255,255,255,0,255,255,255,0,255,255,255,0,255,255,255,0,255,255,255,0,255,255,255,0,255,255,255,0,255,255,255,0,255,255,255,0,255,255,255,0,255,255,255,0,255,255,255,0,255,255,255,0,255,255,255,0,255,255,255,0,255,255,255,0,255,255,255,0,255,255,255,0,255,255,255,0,255,255,255,0,255,255,255,0,255,255,255,0,255,255,255,0,255,255,255,0,255,255,255,0,255,255,255,0,255,255,255,0,255,255,255,0,255,255,255,0,255,255,255,0,255,255,255,0,255,255,255,0,255,255,255,0,255,255,255,0,255,255,255,19,126,83,49,255,148,91,48,255,140,85,43,255,162,103,65,253,169,110,63,255,174,111,63,255,183,115,69,255,185,115,69,255,186,114,69,255,179,109,63,255,175,109,62,255,159,101,53,255,148,93,49,255,149,96,55,255,150,97,55,255,150,97,55,255,149,94,53,255,147,92,50,255,141,86,44,255,140,87,47,255,142,94,52,255,134,86,44,255,133,85,43,255,138,90,49,255,137,86,45,255,140,90,49,255,139,87,48,255,137,86,47,255,146,92,60,255,124,75,43,255,89,53,19,255,105,67,31,255,149,99,60,255,143,88,47,255,143,90,50,255,137,86,45,255,131,85,43,255,129,83,41,255,129,81,39,255,136,87,47,255,140,90,49,255,138,87,47,255,139,87,48,255,134,84,43,255,137,87,43,255,142,92,49,255,142,92,49,255,144,93,50,255,137,86,45,255,131,83,42,255,125,79,39,255,110,68,26,255,104,67,26,255,90,58,23,255,65,42,9,255,82,52,21,255,139,93,53,255,148,93,52,255,137,84,44,255,137,89,48,255,119,75,34,255,115,73,34,255,117,77,38,255,115,74,36,255,99,62,23,255,96,58,21,255,98,60,23,255,93,55,17,255,119,76,38,255,117,75,34,255,119,75,34,255,122,79,38,255,126,80,40,255,124,78,38,255,121,75,34,255,118,72,32,255,122,76,34,255,124,79,34,255,121,75,31,255,119,76,32,255,115,72,29,255,117,75,34,255,118,78,37,255,116,80,39,255,99,68,31,255,82,58,19,255,68,46,12,255,56,37,6,255,55,37,12,255,53,37,12,255,48,31,9,255,56,41,23,255,18,12,12,251,114,111,104,237,255,255,255,19,255,255,255,0,255,255,255,0,255,255,255,0,255,255,255,0,255,255,255,0,255,255,255,0,255,255,255,0,255,255,255,0,255,255,255,0,255,255,255,0,255,255,255,0,255,255,255,0,255,255,255,0,255,255,255,0,255,255,255,0,255,255,255,0,255,255,255,0,255,255,255,0,255,255,255,0,255,255,255,0,255,255,255,0,255,255,255,0,255,255,255,0,255,255,255,0,255,255,255,0,255,255,255,0,255,255,255,0,255,255,255,0,255,255,255,0,255,255,255,0,255,255,255,0,255,255,255,0,255,255,255,0,255,255,255,0,255,255,255,0,255,255,255,0,255,255,255,0,255,255,255,0,255,255,255,0,255,255,255,0,255,255,255,0,255,255,255,0,255,255,255,0,255,255,255,0,255,255,255,0,255,255,255,0,255,255,255,0,255,255,255,0,255,255,255,0,255,255,255,0,255,255,255,0,255,255,255,0,255,255,255,0,255,255,255,0,255,255,255,0,
255,255,255,0,255,255,255,0,255,255,255,0,255,255,255,0,255,255,255,0,255,255,255,0,255,255,255,0,255,255,255,0,255,255,255,0,255,255,255,0,255,255,255,0,255,255,255,0,255,255,255,0,255,255,255,0,255,255,255,0,255,255,255,0,255,255,255,0,255,255,255,0,255,255,255,0,255,255,255,0,255,255,255,0,255,255,255,0,255,255,255,0,255,255,255,0,255,255,255,0,255,255,255,0,255,255,255,0,255,255,255,0,255,255,255,0,255,255,255,0,255,255,255,0,255,255,255,0,255,255,255,0,255,255,255,0,255,255,255,0,255,255,255,0,255,255,255,0,255,255,255,0,255,255,255,0,255,255,255,0,255,255,255,0,255,255,255,0,255,255,255,0,255,255,255,0,255,255,255,34,123,78,53,253,147,90,49,255,140,83,49,253,148,93,52,255,152,96,48,255,155,94,47,255,166,101,55,255,170,102,58,255,177,109,65,255,172,106,62,255,168,107,60,255,151,94,48,255,143,90,48,255,139,89,47,255,140,87,47,255,142,89,47,255,146,91,49,255,143,88,47,255,137,83,41,255,137,85,42,255,134,84,43,255,138,90,49,255,137,86,45,255,141,91,50,255,138,87,47,255,138,87,47,255,138,87,47,255,142,92,53,255,153,101,68,255,129,82,49,255,84,45,12,255,97,60,21,255,145,94,53,255,140,84,45,255,140,89,52,255,135,87,47,255,129,83,41,255,130,84,42,255,128,82,39,255,126,81,38,255,130,84,42,255,126,81,38,255,134,86,44,255,134,86,44,255,135,87,43,255,138,91,47,255,133,85,41,255,131,84,40,255,116,68,26,255,128,80,38,255,143,95,55,255,138,92,52,255,118,78,37,255,98,65,26,255,62,37,3,255,75,47,12,255,147,98,60,255,140,83,40,255,147,92,50,255,138,87,47,255,121,75,34,255,115,73,34,255,117,77,38,255,115,74,36,255,111,72,32,255,123,84,43,255,138,97,58,255,135,93,55,255,129,86,46,255,129,83,43,255,123,77,37,255,130,82,43,255,136,87,48,255,138,87,48,255,142,92,53,255,140,92,50,255,141,93,49,255,135,89,44,255,129,83,39,255,131,86,41,255,139,94,52,255,136,93,50,255,126,82,41,255,110,71,31,255,92,60,19,255,85,58,21,255,74,52,19,255,62,40,12,255,58,39,15,255,62,42,21,255,58,39,15,255,62,47,26,255,23,12,0,255,73,65,55,255,253,253,253,62,255,255,255,1,255,255,255,0,255,255,255,0,255,255,255,0,255,255,255,0,255,255,255,0,255,255,255,0,255,255,255,0,255,255,255,0,255,255,255,0,255,255,255,0,255,255,255,0,255,255,255,0,255,255,255,0,255,255,255,0,255,255,255,0,255,255,255,0,255,255,255,0,255,255,255,0,255,255,255,0,255,255,255,0,255,255,255,0,255,255,255,0,255,255,255,0,255,255,255,0,255,255,255,0,255,255,255,0,255,255,255,0,255,255,255,0,255,255,255,0,255,255,255,0,255,255,255,0,255,255,255,0,255,255,255,0,255,255,255,0,255,255,255,0,255,255,255,0,255,255,255,0,255,255,255,0,255,255,255,0,255,255,255,0,255,255,255,0,255,255,255,0,255,255,255,0,255,255,255,0,255,255,255,0,255,255,255,0,255,255,255,0,255,255,255,0,255,255,255,0,255,255,255,0,255,255,255,0,255,255,255,0,255,255,255,0,255,255,255,0,
255,255,255,0,255,255,255,0,255,255,255,0,255,255,255,0,255,255,255,0,255,255,255,0,255,255,255,0,255,255,255,0,255,255,255,0,255,255,255,0,255,255,255,0,255,255,255,0,255,255,255,0,255,255,255,0,255,255,255,0,255,255,255,0,255,255,255,0,255,255,255,0,255,255,255,0,255,255,255,0,255,255,255,0,255,255,255,0,255,255,255,0,255,255,255,0,255,255,255,0,255,255,255,0,255,255,255,0,255,255,255,0,255,255,255,0,255,255,255,0,255,255,255,0,255,255,255,0,255,255,255,0,255,255,255,0,255,255,255,0,255,255,255,0,255,255,255,0,255,255,255,0,255,255,255,0,255,255,255,0,255,255,255,0,255,255,255,0,255,255,255,0,255,255,255,0,255,255,255,34,127,82,55,253,154,97,56,255,144,87,53,253,144,90,48,255,156,100,52,255,160,99,50,255,166,103,58,255,169,106,60,255,173,109,67,255,170,109,65,255,165,106,62,255,151,94,50,255,142,89,47,255,135,85,44,255,135,85,44,255,140,87,48,255,140,87,48,255,137,84,44,255,143,88,49,255,146,90,52,255,140,85,43,255,146,91,49,255,139,87,44,255,140,87,47,255,136,83,41,255,138,86,43,255,138,86,43,255,134,83,46,255,136,89,55,255,115,72,40,255,93,58,21,255,105,68,29,255,144,96,55,255,139,87,48,255,135,91,53,255,131,90,50,255,124,78,38,255,125,80,37,255,131,87,44,255,127,86,42,255,127,86,42,255,126,84,41,255,124,80,37,255,129,83,41,255,139,89,47,255,141,91,48,255,137,92,47,255,133,87,43,255,114,68,25,255,124,76,36,255,140,89,52,255,131,83,44,255,129,87,44,255,102,68,26,255,68,41,9,255,78,48,12,255,141,97,58,255,139,87,42,255,142,89,47,255,132,81,41,255,129,83,43,255,119,75,34,255,119,76,36,255,116,76,34,255,117,77,36,255,116,75,33,255,132,87,47,255,137,91,52,255,129,81,39,255,133,85,43,255,131,83,42,255,137,86,45,255,139,87,48,255,144,91,52,255,144,91,52,255,140,87,48,255,136,87,44,255,137,90,47,255,131,84,40,255,131,84,40,255,131,85,43,255,133,87,46,255,124,80,39,255,115,73,34,255,97,62,25,255,90,58,25,255,79,52,21,255,65,41,12,255,60,41,17,255,56,40,15,255,60,43,15,255,65,48,21,255,29,12,0,255,104,85,71,249,150,145,138,218,254,254,254,48,255,255,255,0,255,255,255,0,255,255,255,0,255,255,255,0,255,255,255,0,255,255,255,0,255,255,255,0,255,255,255,0,255,255,255,0,255,255,255,0,255,255,255,0,255,255,255,0,255,255,255,0,255,255,255,0,255,255,255,0,255,255,255,0,255,255,255,0,255,255,255,0,255,255,255,0,255,255,255,0,255,255,255,0,255,255,255,0,255,255,255,0,255,255,255,0,255,255,255,0,255,255,255,0,255,255,255,0,255,255,255,0,255,255,255,0,255,255,255,0,255,255,255,0,255,255,255,0,255,255,255,0,255,255,255,0,255,255,255,0,255,255,255,0,255,255,255,0,255,255,255,0,255,255,255,0,255,255,255,0,255,255,255,0,255,255,255,0,255,255,255,0,255,255,255,0,255,255,255,0,255,255,255,0,255,255,255,0,255,255,255,0,255,255,255,0,255,255,255,0,255,255,255,0,255,255,255,0,255,255,255,0,255,255,255,0,
255,255,255,0,255,255,255,0,255,255,255,0,255,255,255,0,255,255,255,0,255,255,255,0,255,255,255,0,255,255,255,0,255,255,255,0,255,255,255,0,255,255,255,0,255,255,255,0,255,255,255,0,255,255,255,0,255,255,255,0,255,255,255,0,255,255,255,0,255,255,255,0,255,255,255,0,255,255,255,0,255,255,255,0,255,255,255,0,255,255,255,0,255,255,255,0,255,255,255,0,255,255,255,0,255,255,255,0,255,255,255,0,255,255,255,0,255,255,255,0,255,255,255,0,255,255,255,0,255,255,255,0,255,255,255,0,255,255,255,0,255,255,255,0,255,255,255,0,255,255,255,0,255,255,255,0,255,255,255,0,255,255,255,0,255,255,255,0,255,255,255,0,255,255,255,0,255,255,255,19,119,75,42,255,149,93,49,255,139,84,42,255,149,90,53,253,159,101,53,255,161,100,52,255,164,101,53,255,167,104,58,255,165,104,60,255,160,102,58,255,156,100,56,255,148,93,52,255,143,90,50,255,138,87,47,255,138,87,47,255,140,90,49,255,143,90,50,255,140,87,48,255,144,91,52,255,142,89,49,255,150,97,58,255,149,96,56,255,144,93,52,255,145,94,53,255,146,95,55,255,151,100,60,255,154,104,63,255,128,82,41,255,105,62,26,255,92,55,19,255,92,60,21,255,107,72,33,255,150,104,65,255,134,85,47,255,92,49,12,255,105,65,28,255,130,84,44,255,131,83,42,255,128,84,42,255,123,82,38,255,116,75,31,255,117,76,32,255,115,74,31,255,124,78,36,255,139,89,47,255,141,91,48,255,137,92,47,255,133,87,43,255,112,67,23,255,121,75,32,255,141,90,52,255,142,92,53,255,139,94,52,255,122,82,42,255,93,63,31,255,93,62,31,255,140,94,55,255,143,91,47,255,139,87,44,255,138,87,44,255,142,94,52,255,132,86,47,255,120,77,37,255,117,78,34,255,126,84,41,255,129,86,43,255,142,96,53,255,136,87,47,255,135,85,44,255,139,87,48,255,137,86,45,255,139,87,48,255,140,87,48,255,142,89,49,255,143,88,49,255,140,87,48,255,137,87,43,255,137,90,47,255,143,95,52,255,131,85,43,255,119,74,31,255,118,74,33,255,121,77,37,255,119,80,40,255,105,67,31,255,90,55,25,255,81,52,23,255,75,52,26,255,53,36,9,255,49,33,6,255,53,37,6,255,60,43,12,255,53,36,9,255,69,52,33,255,45,33,19,255,88,82,73,247,255,255,255,0,255,255,255,0,255,255,255,0,255,255,255,0,255,255,255,0,255,255,255,0,255,255,255,0,255,255,255,0,255,255,255,0,255,255,255,0,255,255,255,0,255,255,255,0,255,255,255,0,255,255,255,0,255,255,255,0,255,255,255,0,255,255,255,0,255,255,255,0,255,255,255,0,255,255,255,0,255,255,255,0,255,255,255,0,255,255,255,0,255,255,255,0,255,255,255,0,255,255,255,0,255,255,255,0,255,255,255,0,255,255,255,0,255,255,255,0,255,255,255,0,255,255,255,0,255,255,255,0,255,255,255,0,255,255,255,0,255,255,255,0,255,255,255,0,255,255,255,0,255,255,255,0,255,255,255,0,255,255,255,0,255,255,255,0,255,255,255,0,255,255,255,0,255,255,255,0,255,255,255,0,255,255,255,0,255,255,255,0,255,255,255,0,255,255,255,0,255,255,255,0,255,255,255,0,255,255,255,0,255,255,255,0,
255,255,255,0,255,255,255,0,255,255,255,0,255,255,255,0,255,255,255,0,255,255,255,0,255,255,255,0,255,255,255,0,255,255,255,0,255,255,255,0,255,255,255,0,255,255,255,0,255,255,255,0,255,255,255,0,255,255,255,0,255,255,255,0,255,255,255,0,255,255,255,0,255,255,255,0,255,255,255,0,255,255,255,0,255,255,255,0,255,255,255,0,255,255,255,0,255,255,255,0,255,255,255,0,255,255,255,0,255,255,255,0,255,255,255,0,255,255,255,0,255,255,255,0,255,255,255,0,255,255,255,0,255,255,255,0,255,255,255,0,255,255,255,0,255,255,255,0,255,255,255,0,255,255,255,0,255,255,255,0,255,255,255,0,255,255,255,0,255,255,255,0,255,255,255,0,255,255,255,34,124,89,53,251,153,96,53,255,154,97,54,251,155,94,50,255,169,106,58,255,171,108,58,255,168,105,58,255,169,108,62,255,165,106,62,255,153,96,52,255,146,94,49,255,143,90,48,255,142,89,49,255,140,87,48,255,140,87,48,255,140,87,48,255,141,91,50,255,141,91,50,255,142,92,52,255,131,83,44,255,125,81,42,255,122,80,43,255,128,86,49,255,128,86,49,255,128,84,48,255,124,79,43,255,134,90,55,255,117,76,40,255,95,62,21,255,86,58,17,255,82,55,15,255,98,65,28,255,136,92,55,255,126,77,38,255,94,49,12,255,113,71,32,255,131,83,44,255,134,86,44,255,130,84,42,255,127,84,41,255,114,73,29,255,115,74,31,255,113,72,28,255,120,76,34,255,137,90,47,255,141,91,48,255,138,91,47,255,135,87,43,255,124,76,36,255,126,78,36,255,130,82,43,255,140,89,52,255,147,95,55,255,129,82,46,255,85,52,23,255,90,58,29,255,141,92,55,255,140,85,43,255,138,86,41,255,145,95,52,255,140,90,47,255,133,85,43,255,119,76,32,255,117,76,32,255,126,84,41,255,129,86,43,255,140,92,50,255,131,80,39,255,140,90,49,255,142,92,52,255,139,87,48,255,140,90,49,255,140,87,48,255,139,86,47,255,141,86,47,255,140,87,48,255,137,86,45,255,134,86,44,255,138,90,49,255,133,87,47,255,121,77,37,255,116,75,36,255,110,71,31,255,107,69,29,255,99,62,26,255,88,58,21,255,82,55,21,255,79,55,23,255,62,41,12,255,56,37,12,255,56,37,12,255,56,37,12,255,64,45,21,253,54,37,17,255,58,44,33,249,45,37,31,255,255,255,255,4,255,255,255,0,255,255,255,0,255,255,255,0,255,255,255,0,255,255,255,0,255,255,255,0,255,255,255,0,255,255,255,0,255,255,255,0,255,255,255,0,255,255,255,0,255,255,255,0,255,255,255,0,255,255,255,0,255,255,255,0,255,255,255,0,255,255,255,0,255,255,255,0,255,255,255,0,255,255,255,0,255,255,255,0,255,255,255,0,255,255,255,0,255,255,255,0,255,255,255,0,255,255,255,0,255,255,255,0,255,255,255,0,255,255,255,0,255,255,255,0,255,255,255,0,255,255,255,0,255,255,255,0,255,255,255,0,255,255,255,0,255,255,255,0,255,255,255,0,255,255,255,0,255,255,255,0,255,255,255,0,255,255,255,0,255,255,255,0,255,255,255,0,255,255,255,0,255,255,255,0,255,255,255,0,255,255,255,0,255,255,255,0,255,255,255,0,255,255,255,0,255,255,255,0,255,255,255,0,255,255,255,0,
255,255,255,0,255,255,255,0,255,255,255,0,255,255,255,0,255,255,255,0,255,255,255,0,255,255,255,0,255,255,255,0,255,255,255,0,255,255,255,0,255,255,255,0,255,255,255,0,255,255,255,0,255,255,255,0,255,255,255,0,255,255,255,0,255,255,255,0,255,255,255,0,255,255,255,0,255,255,255,0,255,255,255,0,255,255,255,0,255,255,255,0,255,255,255,0,255,255,255,0,255,255,255,0,255,255,255,0,255,255,255,0,255,255,255,0,255,255,255,0,255,255,255,0,255,255,255,0,255,255,255,0,255,255,255,0,255,255,255,0,255,255,255,0,255,255,255,0,255,255,255,0,255,255,255,0,255,255,255,0,255,255,255,0,255,255,255,0,255,255,255,0,255,255,255,0,255,255,255,35,121,85,49,251,155,99,53,255,161,98,59,253,173,108,63,255,183,116,68,255,183,116,68,255,179,114,68,255,178,114,69,255,171,112,68,255,153,96,52,255,143,91,47,255,139,89,44,255,142,89,47,255,142,89,49,255,142,89,49,255,140,87,48,255,138,87,47,255,141,91,50,255,140,90,49,255,123,77,37,255,94,52,15,255,92,52,17,255,97,58,23,255,92,53,17,255,103,65,29,255,93,55,21,255,100,62,29,255,96,58,23,255,89,56,15,255,88,58,17,255,87,60,21,255,90,56,19,255,98,55,19,255,115,68,31,255,133,89,50,255,135,91,53,255,136,90,50,255,138,90,49,255,128,82,39,255,124,80,37,255,119,77,34,255,117,75,34,255,112,73,31,255,117,76,32,255,137,90,47,255,141,91,48,255,140,90,49,255,135,87,46,255,137,91,52,255,137,91,52,255,117,71,31,255,119,69,31,255,159,108,69,255,122,78,42,255,46,15,0,255,58,28,0,255,154,108,73,255,145,93,50,255,147,99,55,255,137,90,47,255,146,95,55,255,136,87,47,255,121,80,38,255,110,71,29,255,117,77,36,255,123,82,40,255,142,96,55,255,141,93,52,255,141,91,50,255,142,92,52,255,138,87,47,255,140,87,48,255,140,87,48,255,137,84,44,255,137,84,44,255,140,87,48,255,144,91,52,255,138,87,47,255,123,75,36,255,118,72,32,255,117,75,34,255,115,74,36,255,100,62,23,255,95,60,23,255,92,58,23,255,96,68,31,255,95,68,33,255,80,55,23,255,75,55,26,255,67,48,21,255,60,42,15,255,56,37,12,255,49,33,9,255,65,54,32,247,39,26,15,255,61,53,45,249,255,255,255,5,255,255,255,0,255,255,255,0,255,255,255,0,255,255,255,0,255,255,255,0,255,255,255,0,255,255,255,0,255,255,255,0,255,255,255,0,255,255,255,0,255,255,255,0,255,255,255,0,255,255,255,0,255,255,255,0,255,255,255,0,255,255,255,0,255,255,255,0,255,255,255,0,255,255,255,0,255,255,255,0,255,255,255,0,255,255,255,0,255,255,255,0,255,255,255,0,255,255,255,0,255,255,255,0,255,255,255,0,255,255,255,0,255,255,255,0,255,255,255,0,255,255,255,0,255,255,255,0,255,255,255,0,255,255,255,0,255,255,255,0,255,255,255,0,255,255,255,0,255,255,255,0,255,255,255,0,255,255,255,0,255,255,255,0,255,255,255,0,255,255,255,0,255,255,255,0,255,255,255,0,255,255,255,0,255,255,255,0,255,255,255,0,255,255,255,0,255,255,255,0,255,255,255,0,255,255,255,0,255,255,255,0,
255,255,255,0,255,255,255,0,255,255,255,0,255,255,255,0,255,255,255,0,255,255,255,0,255,255,255,0,255,255,255,0,255,255,255,0,255,255,255,0,255,255,255,0,255,255,255,0,255,255,255,0,255,255,255,0,255,255,255,0,255,255,255,0,255,255,255,0,255,255,255,0,255,255,255,0,255,255,255,0,255,255,255,0,255,255,255,0,255,255,255,0,255,255,255,0,255,255,255,0,255,255,255,0,255,255,255,0,255,255,255,0,255,255,255,0,255,255,255,0,255,255,255,0,255,255,255,0,255,255,255,0,255,255,255,0,255,255,255,0,255,255,255,0,255,255,255,0,255,255,255,0,255,255,255,0,255,255,255,0,255,255,255,0,255,255,255,0,255,255,255,0,255,255,255,0,255,255,255,30,116,74,39,255,159,100,55,255,178,109,68,253,189,119,76,255,194,122,76,255,193,121,75,255,188,118,73,255,180,115,71,255,174,112,68,255,159,100,55,255,142,88,41,255,136,84,39,255,142,89,47,255,144,92,49,255,143,90,48,255,142,89,47,255,136,83,41,255,140,87,47,255,145,93,50,255,127,77,36,255,104,58,19,255,95,52,15,255,97,60,21,255,92,55,19,255,85,48,15,255,93,56,25,255,89,52,23,255,92,53,21,255,104,65,26,255,96,56,17,255,99,62,23,255,96,60,23,255,88,52,17,255,105,65,31,255,147,103,62,255,137,91,52,255,131,87,48,255,132,87,47,255,127,84,39,255,121,80,34,255,114,73,31,255,116,76,36,255,124,84,46,255,119,75,34,255,138,87,44,255,144,92,49,255,139,86,48,255,140,91,55,255,135,91,53,255,132,87,49,255,111,65,23,255,123,77,36,255,140,96,58,255,110,74,40,255,45,21,0,255,54,28,3,255,132,90,56,255,135,89,48,255,129,87,47,255,128,87,46,255,136,92,55,255,132,87,52,255,108,71,36,255,108,73,36,255,108,73,36,255,112,74,36,255,127,87,48,255,133,89,48,255,140,91,52,255,144,93,55,255,138,85,45,255,140,87,48,255,144,93,50,255,135,85,42,255,140,90,47,255,137,87,43,255,142,89,49,255,139,86,47,255,123,75,34,255,117,71,29,255,116,76,32,255,115,78,38,255,93,58,21,255,95,60,28,255,83,53,21,255,84,56,23,255,91,62,28,255,91,63,33,255,68,47,19,255,55,39,12,255,60,47,15,255,49,36,6,255,42,26,3,255,68,57,39,247,29,21,6,255,38,31,23,255,255,255,255,19,255,255,255,0,255,255,255,0,255,255,255,0,255,255,255,0,255,255,255,0,255,255,255,0,255,255,255,0,255,255,255,0,255,255,255,0,255,255,255,0,255,255,255,0,255,255,255,0,255,255,255,0,255,255,255,0,255,255,255,0,255,255,255,0,255,255,255,0,255,255,255,0,255,255,255,0,255,255,255,0,255,255,255,0,255,255,255,0,255,255,255,0,255,255,255,0,255,255,255,0,255,255,255,0,255,255,255,0,255,255,255,0,255,255,255,0,255,255,255,0,255,255,255,0,255,255,255,0,255,255,255,0,255,255,255,0,255,255,255,0,255,255,255,0,255,255,255,0,255,255,255,0,255,255,255,0,255,255,255,0,255,255,255,0,255,255,255,0,255,255,255,0,255,255,255,0,255,255,255,0,255,255,255,0,255,255,255,0,255,255,255,0,255,255,255,0,255,255,255,0,255,255,255,0,255,255,255,0,255,255,255,0,
255,255,255,0,255,255,255,0,255,255,255,0,255,255,255,0,255,255,255,0,255,255,255,0,255,255,255,0,255,255,255,0,255,255,255,0,255,255,255,0,255,255,255,0,255,255,255,0,255,255,255,0,255,255,255,0,255,255,255,0,255,255,255,0,255,255,255,0,255,255,255,0,255,255,255,0,255,255,255,0,255,255,255,0,255,255,255,0,255,255,255,0,255,255,255,0,255,255,255,0,255,255,255,0,255,255,255,0,255,255,255,0,255,255,255,0,255,255,255,0,255,255,255,0,255,255,255,0,255,255,255,0,255,255,255,0,255,255,255,0,255,255,255,0,255,255,255,0,255,255,255,0,255,255,255,0,255,255,255,0,255,255,255,0,255,255,255,0,255,255,255,0,255,255,255,0,255,255,255,34,120,76,43,255,176,118,80,247,186,116,73,253,198,123,80,255,206,129,84,255,201,124,76,255,196,121,76,255,193,123,77,255,186,120,76,255,171,110,67,255,150,96,50,255,143,91,44,255,142,90,45,255,142,89,47,255,143,90,48,255,142,89,47,255,142,89,47,255,139,87,44,255,142,89,47,255,138,85,45,255,134,83,46,255,143,96,60,255,137,98,58,255,120,84,47,255,89,55,19,255,101,65,33,255,85,45,17,255,115,74,43,255,139,94,58,255,140,96,58,255,119,80,42,255,108,71,36,255,88,53,21,255,103,68,33,255,145,99,60,255,127,79,37,255,88,43,3,255,103,62,21,255,138,94,52,255,131,87,42,255,113,74,32,255,112,73,33,255,108,68,28,255,129,86,46,255,138,87,44,255,138,86,43,255,147,94,58,255,129,80,43,255,88,45,9,255,101,58,19,255,145,99,58,255,133,87,46,255,93,50,12,255,91,58,23,255,86,62,33,255,81,55,26,255,104,63,29,255,100,55,17,255,93,55,15,255,97,60,19,255,99,56,19,255,95,52,17,255,93,55,21,255,93,56,23,255,92,55,21,255,91,52,17,255,94,53,12,255,94,52,9,255,136,87,48,255,145,92,52,255,143,88,49,255,138,85,45,255,141,91,48,255,134,86,42,255,140,90,45,255,139,89,47,255,144,92,49,255,144,91,52,255,141,91,50,255,136,90,48,255,118,80,36,255,115,81,39,255,96,60,26,255,94,62,31,255,60,36,3,255,58,32,0,255,84,55,23,255,90,62,32,255,52,31,6,255,40,25,0,255,54,40,12,255,50,38,9,255,53,41,21,251,52,40,21,255,46,37,21,253,36,28,19,255,254,254,254,50,255,255,255,0,255,255,255,0,255,255,255,0,255,255,255,0,255,255,255,0,255,255,255,0,255,255,255,0,255,255,255,0,255,255,255,0,255,255,255,0,255,255,255,0,255,255,255,0,255,255,255,0,255,255,255,0,255,255,255,0,255,255,255,0,255,255,255,0,255,255,255,0,255,255,255,0,255,255,255,0,255,255,255,0,255,255,255,0,255,255,255,0,255,255,255,0,255,255,255,0,255,255,255,0,255,255,255,0,255,255,255,0,255,255,255,0,255,255,255,0,255,255,255,0,255,255,255,0,255,255,255,0,255,255,255,0,255,255,255,0,255,255,255,0,255,255,255,0,255,255,255,0,255,255,255,0,255,255,255,0,255,255,255,0,255,255,255,0,255,255,255,0,255,255,255,0,255,255,255,0,255,255,255,0,255,255,255,0,255,255,255,0,255,255,255,0,255,255,255,0,255,255,255,0,255,255,255,0,255,255,255,0,
255,255,255,0,255,255,255,0,255,255,255,0,255,255,255,0,255,255,255,0,255,255,255,0,255,255,255,0,255,255,255,0,255,255,255,0,255,255,255,0,255,255,255,0,255,255,255,0,255,255,255,0,255,255,255,0,255,255,255,0,255,255,255,0,255,255,255,0,255,255,255,0,255,255,255,0,255,255,255,0,255,255,255,0,255,255,255,0,255,255,255,0,255,255,255,0,255,255,255,0,255,255,255,0,255,255,255,0,255,255,255,0,255,255,255,0,255,255,255,0,255,255,255,0,255,255,255,0,255,255,255,0,255,255,255,0,255,255,255,0,255,255,255,0,255,255,255,0,255,255,255,0,255,255,255,0,255,255,255,0,255,255,255,0,255,255,255,0,255,255,255,0,255,255,255,0,255,255,255,38,119,75,42,255,171,107,62,255,190,117,75,253,204,124,81,255,214,131,84,255,208,125,75,255,203,122,74,255,198,124,75,255,186,116,71,255,174,111,65,255,155,99,52,255,153,98,52,255,145,93,48,255,142,89,47,255,140,87,47,255,142,89,47,255,143,90,48,255,139,87,44,255,139,87,44,255,145,93,50,255,145,93,50,255,142,92,49,255,134,90,50,255,125,86,48,255,87,50,17,255,100,63,31,255,95,53,21,255,106,62,29,255,136,94,55,255,134,92,53,255,117,76,40,255,114,76,40,255,84,50,15,255,103,65,29,255,147,99,58,255,130,80,36,255,93,49,9,255,101,56,19,255,134,83,46,255,128,80,38,255,117,78,34,255,118,81,38,255,113,72,31,255,124,78,38,255,142,92,49,255,132,81,41,255,142,92,53,255,131,85,47,255,91,52,12,255,99,60,19,255,152,104,65,255,130,82,43,255,99,58,15,255,90,55,15,255,93,63,29,255,93,62,28,255,101,58,23,255,95,53,12,255,90,55,12,255,95,60,19,255,101,60,21,255,95,55,17,255,99,60,21,255,99,60,23,255,96,55,21,255,97,56,21,255,97,58,19,255,103,58,19,255,137,86,45,255,143,88,47,255,144,90,48,255,139,87,44,255,140,90,47,255,137,87,43,255,140,87,47,255,143,90,48,255,140,87,47,255,140,87,47,255,144,91,52,255,140,92,50,255,117,75,34,255,112,74,34,255,95,60,25,255,91,58,31,255,65,40,12,255,55,32,6,255,82,55,23,255,86,60,32,255,48,29,3,255,45,28,6,255,53,38,15,255,58,42,21,255,53,42,18,253,43,31,9,255,46,37,21,251,38,31,19,255,234,234,234,133,255,255,255,0,255,255,255,0,255,255,255,0,255,255,255,0,255,255,255,0,255,255,255,0,255,255,255,0,255,255,255,0,255,255,255,0,255,255,255,0,255,255,255,0,255,255,255,0,255,255,255,0,255,255,255,0,255,255,255,0,255,255,255,0,255,255,255,0,255,255,255,0,255,255,255,0,255,255,255,0,255,255,255,0,255,255,255,0,255,255,255,0,255,255,255,0,255,255,255,0,255,255,255,0,255,255,255,0,255,255,255,0,255,255,255,0,255,255,255,0,255,255,255,0,255,255,255,0,255,255,255,0,255,255,255,0,255,255,255,0,255,255,255,0,255,255,255,0,255,255,255,0,255,255,255,0,255,255,255,0,255,255,255,0,255,255,255,0,255,255,255,0,255,255,255,0,255,255,255,0,255,255,255,0,255,255,255,0,255,255,255,0,255,255,255,0,255,255,255,0,255,255,255,0,255,255,255,0,255,255,255,0,
255,255,255,0,255,255,255,0,255,255,255,0,255,255,255,0,255,255,255,0,255,255,255,0,255,255,255,0,255,255,255,0,255,255,255,0,255,255,255,0,255,255,255,0,255,255,255,0,255,255,255,0,255,255,255,0,255,255,255,0,255,255,255,0,255,255,255,0,255,255,255,0,255,255,255,0,255,255,255,0,255,255,255,0,255,255,255,0,255,255,255,0,255,255,255,0,255,255,255,0,255,255,255,0,255,255,255,0,255,255,255,0,255,255,255,0,255,255,255,0,255,255,255,0,255,255,255,0,255,255,255,0,255,255,255,0,255,255,255,0,255,255,255,0,255,255,255,0,255,255,255,0,255,255,255,0,255,255,255,0,255,255,255,0,255,255,255,0,255,255,255,0,255,255,255,0,255,255,255,35,116,74,39,255,173,112,73,251,189,119,76,255,204,124,81,255,227,142,93,255,229,141,91,255,222,139,90,255,213,136,89,255,185,115,68,255,167,104,56,255,148,92,44,255,149,95,48,255,151,99,55,255,145,93,50,255,140,87,47,255,139,87,44,255,139,87,44,255,139,87,44,255,136,83,41,255,140,87,47,255,137,85,40,255,138,87,44,255,142,94,52,255,127,83,46,255,83,45,6,255,108,71,36,255,146,106,72,255,120,76,43,255,84,43,9,255,82,43,6,255,92,55,19,255,91,58,23,255,76,42,6,255,97,58,23,255,148,102,62,255,143,95,53,255,137,91,52,255,139,93,53,255,134,85,47,255,124,76,36,255,106,65,23,255,112,73,31,255,134,90,50,255,137,91,52,255,137,89,48,255,139,87,48,255,138,90,52,255,133,87,49,255,112,73,33,255,117,75,36,255,140,89,52,255,142,92,53,255,150,107,67,255,128,91,50,255,91,58,21,255,97,63,26,255,136,96,58,255,132,91,55,255,121,86,46,255,116,82,40,255,112,74,34,255,120,77,39,255,133,89,50,255,142,98,60,255,139,93,55,255,144,97,60,255,142,99,58,255,150,102,62,255,150,95,55,255,149,92,52,255,154,97,56,255,153,98,56,255,139,87,44,255,139,87,44,255,141,86,44,255,146,91,49,255,143,90,48,255,140,87,47,255,143,90,50,255,134,86,44,255,121,80,38,255,113,75,37,255,99,62,31,255,93,60,32,255,81,52,25,255,79,53,25,255,95,67,37,255,91,65,36,255,65,44,19,255,63,47,25,255,46,29,9,255,41,26,6,255,47,36,12,255,50,39,21,251,46,31,9,253,55,44,29,255,148,145,144,222,255,255,255,0,255,255,255,0,255,255,255,0,255,255,255,0,255,255,255,0,255,255,255,0,255,255,255,0,255,255,255,0,255,255,255,0,255,255,255,0,255,255,255,0,255,255,255,0,255,255,255,0,255,255,255,0,255,255,255,0,255,255,255,0,255,255,255,0,255,255,255,0,255,255,255,0,255,255,255,0,255,255,255,0,255,255,255,0,255,255,255,0,255,255,255,0,255,255,255,0,255,255,255,0,255,255,255,0,255,255,255,0,255,255,255,0,255,255,255,0,255,255,255,0,255,255,255,0,255,255,255,0,255,255,255,0,255,255,255,0,255,255,255,0,255,255,255,0,255,255,255,0,255,255,255,0,255,255,255,0,255,255,255,0,255,255,255,0,255,255,255,0,255,255,255,0,255,255,255,0,255,255,255,0,255,255,255,0,255,255,255,0,255,255,255,0,255,255,255,0,255,255,255,0,255,255,255,0,255,255,255,0,
255,255,255,0,255,255,255,0,255,255,255,0,255,255,255,0,255,255,255,0,255,255,255,0,255,255,255,0,255,255,255,0,255,255,255,0,255,255,255,0,255,255,255,0,255,255,255,0,255,255,255,0,255,255,255,0,255,255,255,0,255,255,255,0,255,255,255,0,255,255,255,0,255,255,255,0,255,255,255,0,255,255,255,0,255,255,255,0,255,255,255,0,255,255,255,0,255,255,255,0,255,255,255,0,255,255,255,0,255,255,255,0,255,255,255,0,255,255,255,0,255,255,255,0,255,255,255,0,255,255,255,0,255,255,255,0,255,255,255,0,255,255,255,0,255,255,255,0,255,255,255,0,255,255,255,0,255,255,255,0,255,255,255,0,255,255,255,0,255,255,255,0,255,255,255,0,255,255,255,42,119,75,42,255,168,107,62,255,181,113,69,255,198,126,81,253,216,133,84,255,224,139,87,255,212,132,82,255,205,128,81,255,182,113,65,255,172,109,62,255,153,97,49,255,151,97,52,255,151,99,55,255,149,96,55,255,140,87,47,255,137,85,42,255,138,86,43,255,142,89,47,255,145,93,50,255,137,85,42,255,137,87,43,255,134,86,42,255,138,91,47,255,123,77,36,255,93,52,9,255,101,60,21,255,141,101,67,255,115,76,47,255,83,49,17,255,78,45,15,255,97,68,36,255,86,56,23,255,80,50,19,255,98,65,32,255,126,86,52,255,138,94,55,255,136,87,50,255,136,87,48,255,122,82,36,255,120,82,37,255,123,76,39,255,132,80,47,255,139,87,52,255,144,93,55,255,142,94,55,255,145,97,58,255,142,92,53,255,136,87,48,255,114,73,31,255,124,80,39,255,137,84,44,255,136,83,43,255,136,93,52,255,125,87,49,255,93,58,21,255,96,60,23,255,135,98,60,255,128,91,50,255,114,76,38,255,111,74,33,255,116,76,36,255,122,81,39,255,131,85,43,255,139,89,47,255,138,86,41,255,136,82,38,255,147,92,48,255,154,99,55,255,153,96,53,255,146,87,45,255,152,95,52,255,150,96,52,255,138,86,41,255,140,87,44,255,140,85,43,255,142,87,47,255,139,87,42,255,138,87,44,255,145,95,52,255,137,89,48,255,117,75,36,255,106,68,32,255,102,65,34,255,93,60,29,255,80,47,19,255,81,49,19,255,91,60,26,255,89,62,29,255,76,55,25,255,73,52,26,255,45,26,3,255,46,31,9,255,49,40,21,251,50,38,12,255,54,31,3,255,54,32,9,255,80,68,59,247,255,255,255,0,255,255,255,0,255,255,255,0,255,255,255,0,255,255,255,0,255,255,255,0,255,255,255,0,255,255,255,0,255,255,255,0,255,255,255,0,255,255,255,0,255,255,255,0,255,255,255,0,255,255,255,0,255,255,255,0,255,255,255,0,255,255,255,0,255,255,255,0,255,255,255,0,255,255,255,0,255,255,255,0,255,255,255,0,255,255,255,0,255,255,255,0,255,255,255,0,255,255,255,0,255,255,255,0,255,255,255,0,255,255,255,0,255,255,255,0,255,255,255,0,255,255,255,0,255,255,255,0,255,255,255,0,255,255,255,0,255,255,255,0,255,255,255,0,255,255,255,0,255,255,255,0,255,255,255,0,255,255,255,0,255,255,255,0,255,255,255,0,255,255,255,0,255,255,255,0,255,255,255,0,255,255,255,0,255,255,255,0,255,255,255,0,255,255,255,0,255,255,255,0,255,255,255,0,255,255,255,0,
255,255,255,0,255,255,255,0,255,255,255,0,255,255,255,0,255,255,255,0,255,255,255,0,255,255,255,0,255,255,255,0,255,255,255,0,255,255,255,0,255,255,255,0,255,255,255,0,255,255,255,0,255,255,255,0,255,255,255,0,255,255,255,0,255,255,255,0,255,255,255,0,255,255,255,0,255,255,255,0,255,255,255,0,255,255,255,0,255,255,255,0,255,255,255,0,255,255,255,0,255,255,255,0,255,255,255,0,255,255,255,0,255,255,255,0,255,255,255,0,255,255,255,0,255,255,255,0,255,255,255,0,255,255,255,0,255,255,255,0,255,255,255,0,255,255,255,0,255,255,255,0,255,255,255,0,255,255,255,0,255,255,255,0,255,255,255,0,255,255,255,0,255,255,255,0,255,255,255,36,122,78,50,253,158,99,55,255,155,88,52,253,184,112,66,253,200,124,74,255,204,126,74,255,194,118,68,255,185,113,65,255,169,101,55,255,162,101,55,255,149,93,45,255,151,97,52,255,151,99,55,255,146,94,52,255,139,87,44,255,143,90,48,255,142,89,47,255,140,87,47,255,146,94,52,255,135,85,42,255,140,92,50,255,138,92,50,255,140,92,48,255,146,101,58,255,144,103,62,255,118,78,39,255,87,48,15,255,87,50,19,255,88,53,21,255,87,58,26,255,89,62,29,255,87,58,26,255,83,50,17,255,87,52,17,255,75,39,3,255,103,62,26,255,155,106,69,255,134,85,47,255,89,50,6,255,99,60,15,255,138,90,53,255,141,85,50,255,139,83,44,255,130,76,34,255,127,74,32,255,130,78,36,255,133,78,38,255,136,83,43,255,133,87,47,255,139,93,53,255,156,106,65,255,135,87,47,255,94,53,15,255,88,52,15,255,88,52,15,255,89,53,17,255,99,63,23,255,96,62,21,255,86,48,9,255,101,63,26,255,117,77,38,255,126,84,46,255,139,94,52,255,149,99,56,255,157,105,60,255,157,103,60,255,158,104,60,255,157,103,60,255,167,110,68,255,165,108,65,255,154,97,55,255,147,90,47,255,151,97,53,255,151,99,55,255,144,90,48,255,141,86,44,255,139,87,42,255,139,89,44,255,145,98,55,255,137,91,49,255,103,62,26,255,93,56,23,255,93,60,26,255,93,60,26,255,96,60,28,255,88,53,21,255,90,58,25,255,89,60,26,255,73,47,17,255,68,47,19,255,55,37,12,255,58,41,17,255,39,25,0,255,49,31,0,255,117,83,50,255,134,101,73,253,71,59,44,249,255,255,255,2,255,255,255,0,255,255,255,0,255,255,255,0,255,255,255,0,255,255,255,0,255,255,255,0,255,255,255,0,255,255,255,0,255,255,255,0,255,255,255,0,255,255,255,0,255,255,255,0,255,255,255,0,255,255,255,0,255,255,255,0,255,255,255,0,255,255,255,0,255,255,255,0,255,255,255,0,255,255,255,0,255,255,255,0,255,255,255,0,255,255,255,0,255,255,255,0,255,255,255,0,255,255,255,0,255,255,255,0,255,255,255,0,255,255,255,0,255,255,255,0,255,255,255,0,255,255,255,0,255,255,255,0,255,255,255,0,255,255,255,0,255,255,255,0,255,255,255,0,255,255,255,0,255,255,255,0,255,255,255,0,255,255,255,0,255,255,255,0,255,255,255,0,255,255,255,0,255,255,255,0,255,255,255,0,255,255,255,0,255,255,255,0,255,255,255,0,255,255,255,0,255,255,255,0,255,255,255,0,
255,255,255,0,255,255,255,0,255,255,255,0,255,255,255,0,255,255,255,0,255,255,255,0,255,255,255,0,255,255,255,0,255,255,255,0,255,255,255,0,255,255,255,0,255,255,255,0,255,255,255,0,255,255,255,0,255,255,255,0,255,255,255,0,255,255,255,0,255,255,255,0,255,255,255,0,255,255,255,0,255,255,255,0,255,255,255,0,255,255,255,0,255,255,255,0,255,255,255,0,255,255,255,0,255,255,255,0,255,255,255,0,255,255,255,0,255,255,255,0,255,255,255,0,255,255,255,0,255,255,255,0,255,255,255,0,255,255,255,0,255,255,255,0,255,255,255,0,255,255,255,0,255,255,255,0,255,255,255,0,255,255,255,0,255,255,255,0,255,255,255,0,255,255,255,0,255,255,255,38,118,76,46,253,157,111,68,247,142,86,42,255,167,108,65,255,181,117,68,255,181,114,63,255,178,111,62,255,171,106,58,255,161,98,52,255,155,96,52,255,151,94,48,255,151,97,52,255,147,95,50,255,145,93,50,255,139,87,44,255,143,90,48,255,142,89,47,255,138,86,43,255,140,87,47,255,133,83,40,255,136,90,48,255,138,94,52,255,126,82,41,255,131,90,50,255,134,95,58,255,122,84,49,255,69,36,0,255,85,52,17,255,104,68,32,255,102,68,31,255,87,56,19,255,98,65,31,255,112,72,37,255,103,62,28,255,71,36,0,255,94,58,19,255,136,92,58,255,129,82,47,255,92,49,9,255,107,62,25,255,145,93,58,255,148,93,53,255,156,96,55,255,158,98,52,255,164,103,58,255,162,101,55,255,157,93,50,255,152,93,50,255,138,87,47,255,127,84,43,255,132,87,49,255,116,75,38,255,78,47,9,255,73,43,9,255,102,67,31,255,106,68,32,255,87,50,17,255,89,53,17,255,96,58,19,255,103,65,26,255,111,73,37,255,117,76,42,255,126,84,47,255,133,89,48,255,144,98,58,255,144,98,58,255,142,95,58,255,143,95,55,255,156,104,60,255,161,107,60,255,153,96,52,255,149,93,47,255,154,99,55,255,152,100,55,255,144,92,49,255,140,87,47,255,139,89,44,255,135,87,41,255,139,94,47,255,128,87,43,255,94,58,19,255,87,52,17,255,92,60,26,255,95,60,28,255,104,65,32,255,99,60,26,255,95,63,31,255,90,62,31,255,74,52,21,255,65,47,19,255,56,42,15,255,58,41,15,255,60,38,6,255,70,44,9,253,143,97,64,253,156,113,88,251,60,41,23,255,255,255,255,30,255,255,255,0,255,255,255,0,255,255,255,0,255,255,255,0,255,255,255,0,255,255,255,0,255,255,255,0,255,255,255,0,255,255,255,0,255,255,255,0,255,255,255,0,255,255,255,0,255,255,255,0,255,255,255,0,255,255,255,0,255,255,255,0,255,255,255,0,255,255,255,0,255,255,255,0,255,255,255,0,255,255,255,0,255,255,255,0,255,255,255,0,255,255,255,0,255,255,255,0,255,255,255,0,255,255,255,0,255,255,255,0,255,255,255,0,255,255,255,0,255,255,255,0,255,255,255,0,255,255,255,0,255,255,255,0,255,255,255,0,255,255,255,0,255,255,255,0,255,255,255,0,255,255,255,0,255,255,255,0,255,255,255,0,255,255,255,0,255,255,255,0,255,255,255,0,255,255,255,0,255,255,255,0,255,255,255,0,255,255,255,0,255,255,255,0,255,255,255,0,255,255,255,0,255,255,255,0,
255,255,255,0,255,255,255,0,255,255,255,0,255,255,255,0,255,255,255,0,255,255,255,0,255,255,255,0,255,255,255,0,255,255,255,0,255,255,255,0,255,255,255,0,255,255,255,0,255,255,255,0,255,255,255,0,255,255,255,0,255,255,255,0,255,255,255,0,255,255,255,0,255,255,255,0,255,255,255,0,255,255,255,0,255,255,255,0,255,255,255,0,255,255,255,0,255,255,255,0,255,255,255,0,255,255,255,0,255,255,255,0,255,255,255,0,255,255,255,0,255,255,255,0,255,255,255,0,255,255,255,0,255,255,255,0,255,255,255,0,255,255,255,0,255,255,255,0,255,255,255,0,255,255,255,0,255,255,255,0,255,255,255,0,255,255,255,0,255,255,255,0,255,255,255,0,254,253,252,99,116,74,39,255,151,97,55,255,150,99,56,251,157,101,60,251,162,103,56,255,160,99,50,255,163,102,56,255,161,100,53,255,157,98,53,255,149,93,49,255,141,86,42,255,140,87,44,255,140,87,47,255,143,90,48,255,140,87,47,255,139,87,44,255,140,87,47,255,138,86,43,255,130,80,36,255,129,81,39,255,136,93,50,255,120,77,37,255,95,55,15,255,99,60,21,255,95,55,19,255,94,55,23,255,81,47,12,255,106,69,33,255,138,99,60,255,120,81,41,255,87,52,15,255,99,62,26,255,138,94,55,255,131,87,48,255,110,75,34,255,109,75,36,255,91,50,15,255,109,67,32,255,142,97,65,255,137,90,55,255,135,81,44,255,147,90,49,255,155,95,53,255,176,115,72,255,225,162,115,255,216,151,105,255,196,127,87,255,174,110,69,255,122,74,34,255,115,74,37,255,95,60,25,255,91,60,26,255,71,44,12,255,89,60,26,255,132,92,55,255,129,87,50,255,91,52,17,255,94,58,23,255,116,81,42,255,111,74,36,255,94,56,21,255,95,55,19,255,96,53,17,255,97,52,12,255,96,52,12,255,96,52,12,255,94,49,12,255,107,60,19,255,130,78,33,255,147,93,47,255,159,100,55,255,166,107,62,255,153,98,52,255,144,92,47,255,140,87,44,255,143,91,47,255,141,92,47,255,133,85,39,255,129,87,41,255,116,76,34,255,97,63,26,255,90,58,25,255,92,60,26,255,96,62,26,255,112,72,37,255,110,69,36,255,100,67,34,255,82,55,23,255,65,42,12,255,52,34,6,255,53,37,6,255,53,32,3,255,121,95,62,249,134,92,53,255,151,99,60,251,131,89,55,255,62,42,23,255,241,241,240,113,255,255,255,0,255,255,255,0,255,255,255,0,255,255,255,0,255,255,255,0,255,255,255,0,255,255,255,0,255,255,255,0,255,255,255,0,255,255,255,0,255,255,255,0,255,255,255,0,255,255,255,0,255,255,255,0,255,255,255,0,255,255,255,0,255,255,255,0,255,255,255,0,255,255,255,0,255,255,255,0,255,255,255,0,255,255,255,0,255,255,255,0,255,255,255,0,255,255,255,0,255,255,255,0,255,255,255,0,255,255,255,0,255,255,255,0,255,255,255,0,255,255,255,0,255,255,255,0,255,255,255,0,255,255,255,0,255,255,255,0,255,255,255,0,255,255,255,0,255,255,255,0,255,255,255,0,255,255,255,0,255,255,255,0,255,255,255,0,255,255,255,0,255,255,255,0,255,255,255,0,255,255,255,0,255,255,255,0,255,255,255,0,255,255,255,0,255,255,255,0,255,255,255,0,255,255,255,0,
255,255,255,0,255,255,255,0,255,255,255,0,255,255,255,0,255,255,255,0,255,255,255,0,255,255,255,0,255,255,255,0,255,255,255,0,255,255,255,0,255,255,255,0,255,255,255,0,255,255,255,0,255,255,255,0,255,255,255,0,255,255,255,0,255,255,255,0,255,255,255,0,255,255,255,0,255,255,255,0,255,255,255,0,255,255,255,0,255,255,255,0,255,255,255,0,255,255,255,0,255,255,255,0,255,255,255,0,255,255,255,0,255,255,255,0,255,255,255,0,255,255,255,0,255,255,255,0,255,255,255,0,255,255,255,0,255,255,255,0,255,255,255,0,255,255,255,0,255,255,255,0,255,255,255,0,255,255,255,0,255,255,255,1,255,255,255,15,254,254,254,67,253,252,252,99,206,187,165,253,125,88,49,251,144,92,49,255,135,82,42,255,145,96,51,251,147,92,48,255,148,93,49,255,151,94,48,255,152,95,52,255,154,99,55,255,144,92,49,255,137,87,43,255,141,91,48,255,142,89,49,255,145,92,52,255,138,87,47,255,137,86,45,255,141,91,50,255,133,83,42,255,133,85,43,255,124,78,36,255,124,83,43,255,113,74,34,255,92,55,15,255,91,53,15,255,101,60,23,255,94,53,17,255,99,60,23,255,114,72,33,255,146,101,58,255,128,82,39,255,87,48,15,255,106,68,34,255,145,99,60,255,135,92,47,255,117,83,39,255,107,75,33,255,87,52,12,255,107,69,33,255,138,96,62,255,133,87,52,255,144,90,48,255,148,91,50,255,189,136,99,255,200,145,109,255,250,188,145,255,238,172,128,255,215,141,107,255,195,128,96,255,100,58,23,255,98,68,37,255,62,39,12,255,72,48,21,255,67,42,9,255,93,60,25,255,143,96,60,255,144,93,55,255,96,50,15,255,104,65,31,255,116,81,44,255,111,75,39,255,98,58,21,255,99,55,17,255,108,60,19,255,102,50,9,255,104,53,12,255,102,53,15,255,94,46,6,255,110,58,17,255,140,85,41,255,150,91,47,255,167,105,62,255,172,111,68,255,151,94,48,255,149,95,48,255,140,89,41,255,137,87,39,255,144,97,53,255,135,89,47,255,115,74,32,255,105,68,26,255,99,65,31,255,92,60,26,255,87,55,21,255,95,60,25,255,123,81,47,255,121,77,43,255,100,63,32,255,82,52,23,255,62,39,12,255,50,31,3,255,65,44,12,255,67,38,0,255,145,101,65,253,148,100,58,255,144,94,58,253,123,85,55,253,68,46,25,255,199,197,194,175,255,255,255,0,255,255,255,0,255,255,255,0,255,255,255,0,255,255,255,0,255,255,255,0,255,255,255,0,255,255,255,0,255,255,255,0,255,255,255,0,255,255,255,0,255,255,255,0,255,255,255,0,255,255,255,0,255,255,255,0,255,255,255,0,255,255,255,0,255,255,255,0,255,255,255,0,255,255,255,0,255,255,255,0,255,255,255,0,255,255,255,0,255,255,255,0,255,255,255,0,255,255,255,0,255,255,255,0,255,255,255,0,255,255,255,0,255,255,255,0,255,255,255,0,255,255,255,0,255,255,255,0,255,255,255,0,255,255,255,0,255,255,255,0,255,255,255,0,255,255,255,0,255,255,255,0,255,255,255,0,255,255,255,0,255,255,255,0,255,255,255,0,255,255,255,0,255,255,255,0,255,255,255,0,255,255,255,0,255,255,255,0,255,255,255,0,255,255,255,0,255,255,255,0,255,255,255,0,
255,255,255,0,255,255,255,0,255,255,255,0,255,255,255,0,255,255,255,0,255,255,255,0,255,255,255,0,255,255,255,0,255,255,255,0,255,255,255,0,255,255,255,0,255,255,255,0,255,255,255,0,255,255,255,0,255,255,255,0,255,255,255,0,255,255,255,0,255,255,255,0,255,255,255,0,255,255,255,0,255,255,255,0,255,255,255,0,255,255,255,0,255,255,255,0,255,255,255,0,255,255,255,0,255,255,255,0,255,255,255,0,255,255,255,0,255,255,255,0,255,255,255,0,255,255,255,0,255,255,255,0,255,255,255,0,255,255,255,0,255,255,255,0,255,255,255,0,255,255,255,0,255,255,255,0,221,221,220,204,173,170,164,255,163,161,159,253,97,91,86,255,76,60,43,255,117,89,62,255,138,92,55,255,147,98,58,249,146,96,55,251,141,91,50,255,139,87,44,255,140,87,47,255,143,89,45,255,144,90,47,255,137,85,42,255,140,87,47,255,138,87,47,255,140,90,49,255,139,86,47,255,143,90,50,255,140,90,49,255,140,92,50,255,140,90,49,255,135,85,44,255,137,89,48,255,127,84,43,255,121,79,40,255,112,73,36,255,112,73,36,255,119,80,40,255,139,95,56,255,142,95,58,255,136,89,52,255,137,91,52,255,148,100,56,255,120,76,34,255,94,53,17,255,99,60,23,255,141,98,55,255,133,90,44,255,86,49,6,255,92,56,15,255,123,89,47,255,104,67,28,255,82,41,6,255,103,58,23,255,138,87,48,255,173,122,84,255,255,230,204,255,255,213,188,255,255,193,160,255,245,172,139,255,234,153,130,255,194,125,103,255,77,37,9,255,74,52,23,255,36,15,0,255,62,38,12,255,79,49,17,255,104,68,32,255,135,87,47,255,146,95,58,255,132,86,48,255,124,82,46,255,88,52,15,255,103,68,31,255,129,89,49,255,150,104,62,255,157,102,62,255,166,107,65,255,182,125,85,255,182,125,85,255,171,117,74,255,179,122,79,255,185,124,81,255,181,117,74,255,175,112,68,255,168,107,62,255,156,100,55,255,151,97,52,255,142,88,41,255,136,84,39,255,143,95,53,255,127,84,44,255,101,65,23,255,89,53,17,255,93,62,28,255,88,56,26,255,90,58,25,255,95,60,25,255,117,75,40,255,120,76,43,255,100,67,34,255,84,56,26,255,65,42,15,255,58,36,6,255,106,80,46,255,114,78,40,255,112,68,26,255,116,68,29,255,107,65,23,255,92,58,26,255,56,37,17,255,165,159,155,206,255,255,255,0,255,255,255,0,255,255,255,0,255,255,255,0,255,255,255,0,255,255,255,0,255,255,255,0,255,255,255,0,255,255,255,0,255,255,255,0,255,255,255,0,255,255,255,0,255,255,255,0,255,255,255,0,255,255,255,0,255,255,255,0,255,255,255,0,255,255,255,0,255,255,255,0,255,255,255,0,255,255,255,0,255,255,255,0,255,255,255,0,255,255,255,0,255,255,255,0,255,255,255,0,255,255,255,0,255,255,255,0,255,255,255,0,255,255,255,0,255,255,255,0,255,255,255,0,255,255,255,0,255,255,255,0,255,255,255,0,255,255,255,0,255,255,255,0,255,255,255,0,255,255,255,0,255,255,255,0,255,255,255,0,255,255,255,0,255,255,255,0,255,255,255,0,255,255,255,0,255,255,255,0,255,255,255,0,255,255,255,0,255,255,255,0,255,255,255,0,255,255,255,0,255,255,255,0,
255,255,255,0,255,255,255,0,255,255,255,0,255,255,255,0,255,255,255,0,255,255,255,0,255,255,255,0,255,255,255,0,255,255,255,0,255,255,255,0,255,255,255,0,255,255,255,0,255,255,255,0,255,255,255,0,255,255,255,0,255,255,255,0,255,255,255,0,255,255,255,0,255,255,255,0,255,255,255,0,255,255,255,0,255,255,255,0,255,255,255,0,255,255,255,0,255,255,255,0,255,255,255,0,255,255,255,0,255,255,255,0,255,255,255,0,255,255,255,0,255,255,255,0,255,255,255,0,255,255,255,0,255,255,255,0,255,255,255,0,255,255,255,0,255,255,255,0,255,255,255,0,255,255,255,36,114,100,86,255,76,65,50,253,73,62,52,255,62,51,36,249,37,17,0,255,97,65,39,247,150,102,62,255,136,78,37,255,147,95,53,255,141,87,49,253,137,87,43,255,139,87,42,255,142,88,44,255,143,89,45,255,136,84,39,255,143,90,48,255,142,89,49,255,140,87,48,255,137,84,44,255,139,86,47,255,138,87,47,255,138,90,49,255,141,91,50,255,139,87,48,255,141,93,52,255,128,84,44,255,110,68,29,255,116,75,36,255,122,78,40,255,126,80,40,255,140,89,52,255,140,89,52,255,139,87,48,255,133,87,46,255,141,99,58,255,118,81,38,255,90,52,12,255,102,62,21,255,144,105,62,255,125,86,44,255,84,44,6,255,108,65,29,255,127,84,47,255,113,71,32,255,78,34,0,255,90,49,17,255,125,86,55,255,158,116,91,255,255,235,222,255,255,216,205,255,251,182,164,255,245,168,150,255,250,160,156,255,197,125,117,255,72,38,15,255,71,52,23,255,46,17,0,255,69,36,6,255,91,52,19,255,110,69,33,255,129,84,49,255,140,94,56,255,148,99,60,255,131,85,46,255,98,55,19,255,101,60,25,255,133,94,55,255,150,102,60,255,168,107,62,255,178,110,67,255,186,120,76,255,191,125,81,255,188,123,76,255,190,123,74,255,188,120,73,255,187,119,71,255,180,112,65,255,168,105,60,255,152,95,52,255,149,94,53,255,142,87,48,255,138,85,47,255,142,96,55,255,126,87,46,255,101,65,26,255,87,56,19,255,92,60,29,255,88,56,26,255,93,62,26,255,92,60,21,255,113,75,37,255,113,76,40,255,94,65,33,255,75,53,23,255,60,43,12,255,53,31,0,255,112,78,42,255,122,82,42,255,121,77,41,255,115,73,43,253,100,65,28,255,85,58,28,255,59,43,25,253,120,116,108,235,255,255,255,0,255,255,255,0,255,255,255,0,255,255,255,0,255,255,255,0,255,255,255,0,255,255,255,0,255,255,255,0,255,255,255,0,255,255,255,0,255,255,255,0,255,255,255,0,255,255,255,0,255,255,255,0,255,255,255,0,255,255,255,0,255,255,255,0,255,255,255,0,255,255,255,0,255,255,255,0,255,255,255,0,255,255,255,0,255,255,255,0,255,255,255,0,255,255,255,0,255,255,255,0,255,255,255,0,255,255,255,0,255,255,255,0,255,255,255,0,255,255,255,0,255,255,255,0,255,255,255,0,255,255,255,0,255,255,255,0,255,255,255,0,255,255,255,0,255,255,255,0,255,255,255,0,255,255,255,0,255,255,255,0,255,255,255,0,255,255,255,0,255,255,255,0,255,255,255,0,255,255,255,0,255,255,255,0,255,255,255,0,255,255,255,0,255,255,255,0,255,255,255,0,255,255,255,0,
255,255,255,0,255,255,255,0,255,255,255,0,255,255,255,0,255,255,255,0,255,255,255,0,255,255,255,0,255,255,255,0,255,255,255,0,255,255,255,0,255,255,255,0,255,255,255,0,255,255,255,0,255,255,255,0,255,255,255,0,255,255,255,0,255,255,255,0,255,255,255,0,255,255,255,0,255,255,255,0,255,255,255,0,255,255,255,0,255,255,255,0,255,255,255,0,255,255,255,0,255,255,255,0,255,255,255,0,255,255,255,0,255,255,255,0,255,255,255,0,255,255,255,0,255,255,255,0,255,255,255,0,255,255,255,0,255,255,255,0,255,255,255,0,255,255,255,0,255,255,255,0,254,254,252,140,127,105,85,255,96,71,45,251,53,40,21,253,49,37,15,255,59,37,9,253,95,60,28,255,161,110,77,251,144,90,45,251,143,90,48,255,137,87,43,255,140,90,45,255,143,91,44,255,146,91,46,255,147,93,47,255,149,97,52,255,150,97,55,255,144,91,52,255,138,85,45,255,144,91,52,255,144,91,52,255,140,90,49,255,140,92,50,255,137,86,45,255,134,84,43,255,134,86,44,255,118,74,33,255,119,76,38,255,121,79,40,255,115,71,33,255,123,75,36,255,142,88,52,255,144,91,52,255,148,98,58,255,125,82,38,255,83,45,3,255,102,68,26,255,141,102,62,255,130,91,50,255,82,44,3,255,103,63,23,255,148,104,68,255,132,86,48,255,137,89,48,255,133,87,47,255,114,72,36,255,103,65,31,255,73,38,6,255,101,62,41,255,222,175,168,255,218,161,160,255,227,162,152,255,238,163,154,255,246,166,168,255,198,132,129,255,34,6,0,255,50,32,0,255,134,100,71,255,132,90,58,255,143,101,65,255,127,84,47,255,97,58,19,255,91,48,12,255,125,81,40,255,123,77,37,255,139,93,55,255,132,87,52,255,83,38,0,255,106,58,15,255,175,113,69,255,192,125,78,255,166,98,52,255,180,110,65,255,188,118,71,255,187,117,69,255,189,120,71,255,185,115,68,255,174,106,60,255,159,95,52,255,140,83,40,255,142,89,49,255,140,87,50,255,141,90,52,255,127,84,43,255,114,76,36,255,95,62,21,255,85,53,17,255,94,62,29,255,95,63,31,255,112,78,42,255,113,81,43,255,104,71,33,255,89,60,26,255,67,44,12,255,55,36,3,255,65,46,15,255,76,49,17,255,132,92,55,255,135,89,48,255,147,98,65,253,131,85,56,253,102,68,33,255,82,58,31,255,65,51,31,249,106,101,92,241,255,255,255,0,255,255,255,0,255,255,255,0,255,255,255,0,255,255,255,0,255,255,255,0,255,255,255,0,255,255,255,0,255,255,255,0,255,255,255,0,255,255,255,0,255,255,255,0,255,255,255,0,255,255,255,0,255,255,255,0,255,255,255,0,255,255,255,0,255,255,255,0,255,255,255,0,255,255,255,0,255,255,255,0,255,255,255,0,255,255,255,0,255,255,255,0,255,255,255,0,255,255,255,0,255,255,255,0,255,255,255,0,255,255,255,0,255,255,255,0,255,255,255,0,255,255,255,0,255,255,255,0,255,255,255,0,255,255,255,0,255,255,255,0,255,255,255,0,255,255,255,0,255,255,255,0,255,255,255,0,255,255,255,0,255,255,255,0,255,255,255,0,255,255,255,0,255,255,255,0,255,255,255,0,255,255,255,0,255,255,255,0,255,255,255,0,255,255,255,0,255,255,255,0,255,255,255,0,
255,255,255,0,255,255,255,0,255,255,255,0,255,255,255,0,255,255,255,0,255,255,255,0,255,255,255,0,255,255,255,0,255,255,255,0,255,255,255,0,255,255,255,0,255,255,255,0,255,255,255,0,255,255,255,0,255,255,255,0,255,255,255,0,255,255,255,0,255,255,255,0,255,255,255,0,255,255,255,0,255,255,255,0,255,255,255,0,255,255,255,0,255,255,255,0,255,255,255,0,255,255,255,0,255,255,255,0,255,255,255,0,255,255,255,0,255,255,255,0,255,255,255,0,255,255,255,0,255,255,255,0,255,255,255,0,255,255,255,0,255,255,255,0,255,255,255,0,255,255,255,0,252,249,247,162,134,106,88,251,84,56,26,255,60,43,12,255,54,40,15,251,62,40,9,255,94,65,31,253,145,97,58,255,141,86,44,255,144,92,54,253,136,89,42,255,140,89,41,255,149,95,47,255,159,101,53,255,153,96,52,255,150,96,52,255,147,95,53,255,137,84,44,255,139,86,47,255,140,87,48,255,140,87,48,255,139,87,48,255,137,89,48,255,138,87,47,255,133,83,42,255,135,87,46,255,124,80,39,255,111,72,32,255,116,75,38,255,110,65,26,255,123,76,39,255,141,90,55,255,140,89,52,255,139,93,53,255,121,80,38,255,92,53,9,255,109,69,29,255,138,96,60,255,123,81,47,255,91,52,17,255,108,65,29,255,141,92,53,255,145,93,50,255,144,93,50,255,128,80,36,255,126,84,43,255,112,73,33,255,71,33,0,255,111,72,46,255,197,147,144,255,209,155,155,255,219,164,153,255,216,159,146,255,221,157,154,255,169,119,109,255,43,15,0,255,56,32,0,255,139,99,62,255,144,95,60,255,139,95,55,255,121,79,40,255,98,60,19,255,88,53,12,255,115,81,39,255,116,76,36,255,144,95,60,255,137,86,47,255,95,47,6,255,117,65,25,255,164,111,69,255,174,115,72,255,168,100,55,255,172,102,56,255,182,112,68,255,183,115,69,255,194,125,82,255,179,113,69,255,169,106,62,255,158,99,56,255,142,89,47,255,141,93,49,255,141,93,52,255,132,87,44,255,119,76,38,255,106,68,31,255,92,60,19,255,84,50,12,255,97,63,29,255,95,62,26,255,109,74,36,255,114,78,42,255,92,60,26,255,76,52,21,255,58,40,12,255,50,32,3,255,80,55,23,255,92,55,23,255,131,85,47,255,142,89,49,255,144,90,48,255,137,86,45,255,96,62,21,255,81,58,26,255,59,46,27,253,119,111,107,235,255,255,255,0,255,255,255,0,255,255,255,0,255,255,255,0,255,255,255,0,255,255,255,0,255,255,255,0,255,255,255,0,255,255,255,0,255,255,255,0,255,255,255,0,255,255,255,0,255,255,255,0,255,255,255,0,255,255,255,0,255,255,255,0,255,255,255,0,255,255,255,0,255,255,255,0,255,255,255,0,255,255,255,0,255,255,255,0,255,255,255,0,255,255,255,0,255,255,255,0,255,255,255,0,255,255,255,0,255,255,255,0,255,255,255,0,255,255,255,0,255,255,255,0,255,255,255,0,255,255,255,0,255,255,255,0,255,255,255,0,255,255,255,0,255,255,255,0,255,255,255,0,255,255,255,0,255,255,255,0,255,255,255,0,255,255,255,0,255,255,255,0,255,255,255,0,255,255,255,0,255,255,255,0,255,255,255,0,255,255,255,0,255,255,255,0,255,255,255,0,255,255,255,0,255,255,255,0,
255,255,255,0,255,255,255,0,255,255,255,0,255,255,255,0,255,255,255,0,255,255,255,0,255,255,255,0,255,255,255,0,255,255,255,0,255,255,255,0,255,255,255,0,255,255,255,0,255,255,255,0,255,255,255,0,255,255,255,0,255,255,255,0,255,255,255,0,255,255,255,0,255,255,255,0,255,255,255,0,255,255,255,0,255,255,255,0,255,255,255,0,255,255,255,0,255,255,255,0,255,255,255,0,255,255,255,0,255,255,255,0,255,255,255,0,255,255,255,0,255,255,255,0,255,255,255,0,255,255,255,0,255,255,255,0,255,255,255,0,255,255,255,0,255,255,255,0,255,255,255,0,244,240,237,170,93,72,53,247,62,34,0,255,48,28,0,255,71,56,24,249,95,73,36,255,97,65,31,253,124,76,37,255,132,79,39,255,145,96,55,251,139,89,47,255,146,91,46,255,155,99,52,255,167,106,60,255,159,100,55,255,140,85,41,255,139,87,44,255,138,85,45,255,143,90,50,255,140,87,48,255,140,87,48,255,139,87,48,255,137,89,48,255,139,87,48,255,137,86,45,255,140,92,50,255,127,84,43,255,112,73,33,255,117,77,38,255,126,84,46,255,121,77,39,255,124,78,40,255,115,68,31,255,98,55,19,255,110,71,31,255,136,95,53,255,122,80,41,255,94,52,17,255,101,58,23,255,127,87,52,255,129,84,47,255,138,87,47,255,144,92,49,255,144,93,50,255,136,87,44,255,121,77,33,255,117,76,32,255,112,73,31,255,98,60,28,255,51,6,0,255,90,44,39,255,255,218,199,255,201,157,135,255,56,9,0,255,62,19,3,255,121,90,56,255,124,91,52,255,143,97,58,255,134,84,43,255,122,76,34,255,120,77,37,255,120,83,42,255,107,72,33,255,90,58,17,255,99,62,23,255,145,94,55,255,150,95,56,255,186,128,87,255,161,106,62,255,92,41,0,255,104,52,9,255,197,136,91,255,198,132,87,255,169,103,58,255,171,105,62,255,158,94,52,255,153,91,47,255,153,94,52,255,148,93,49,255,130,83,39,255,127,84,39,255,125,82,38,255,116,76,34,255,100,65,28,255,96,62,26,255,94,63,25,255,93,62,23,255,95,65,29,255,90,56,21,255,93,60,23,255,97,63,29,255,68,40,9,255,60,37,9,255,55,37,9,255,58,38,9,255,98,65,36,255,115,73,38,255,137,89,50,255,146,91,49,255,184,123,80,255,168,113,69,255,105,74,35,251,67,44,12,255,54,41,23,255,130,124,116,228,255,255,255,0,255,255,255,0,255,255,255,0,255,255,255,0,255,255,255,0,255,255,255,0,255,255,255,0,255,255,255,0,255,255,255,0,255,255,255,0,255,255,255,0,255,255,255,0,255,255,255,0,255,255,255,0,255,255,255,0,255,255,255,0,255,255,255,0,255,255,255,0,255,255,255,0,255,255,255,0,255,255,255,0,255,255,255,0,255,255,255,0,255,255,255,0,255,255,255,0,255,255,255,0,255,255,255,0,255,255,255,0,255,255,255,0,255,255,255,0,255,255,255,0,255,255,255,0,255,255,255,0,255,255,255,0,255,255,255,0,255,255,255,0,255,255,255,0,255,255,255,0,255,255,255,0,255,255,255,0,255,255,255,0,255,255,255,0,255,255,255,0,255,255,255,0,255,255,255,0,255,255,255,0,255,255,255,0,255,255,255,0,255,255,255,0,255,255,255,0,255,255,255,0,255,255,255,0,
255,255,255,0,255,255,255,0,255,255,255,0,255,255,255,0,255,255,255,0,255,255,255,0,255,255,255,0,255,255,255,0,255,255,255,0,255,255,255,0,255,255,255,0,255,255,255,0,255,255,255,0,255,255,255,0,255,255,255,0,255,255,255,0,255,255,255,0,255,255,255,0,255,255,255,0,255,255,255,0,255,255,255,0,255,255,255,0,255,255,255,0,255,255,255,0,255,255,255,0,255,255,255,0,255,255,255,0,255,255,255,0,255,255,255,0,255,255,255,0,255,255,255,0,255,255,255,0,255,255,255,0,255,255,255,0,255,255,255,0,255,255,255,0,255,255,255,0,255,255,255,0,238,234,232,165,52,32,9,255,71,43,18,251,66,48,12,253,76,52,15,255,99,73,42,253,106,69,36,255,124,76,39,255,139,86,47,251,137,84,47,255,150,95,55,255,153,96,52,255,168,107,58,255,178,114,69,255,165,104,60,255,140,85,41,255,139,89,47,255,140,90,49,255,144,93,52,255,140,87,48,255,140,87,48,255,139,87,48,255,137,89,48,255,138,87,47,255,139,87,48,255,142,94,52,255,129,86,43,255,119,76,36,255,110,71,29,255,118,78,37,255,114,72,33,255,119,75,36,255,113,71,34,255,83,44,9,255,104,65,26,255,150,104,65,255,136,90,50,255,84,44,6,255,101,60,23,255,136,95,53,255,132,87,44,255,138,90,52,255,137,89,50,255,138,90,52,255,133,85,43,255,131,84,40,255,125,80,36,255,132,93,52,255,106,69,36,255,26,0,0,255,68,36,17,255,246,211,179,255,173,137,106,255,28,0,0,255,52,19,0,255,151,111,75,255,148,102,62,255,136,87,47,255,134,86,44,255,115,72,29,255,115,74,31,255,120,77,39,255,112,73,36,255,89,48,12,255,105,60,23,255,149,96,56,255,155,95,53,255,201,136,90,255,178,115,68,255,102,49,3,255,105,56,12,255,177,128,83,255,171,117,74,255,161,99,58,255,160,96,53,255,152,93,48,255,145,88,43,255,145,88,43,255,136,84,39,255,130,85,40,255,120,79,36,255,113,74,32,255,107,72,33,255,83,53,21,255,81,56,25,255,85,58,23,255,90,62,25,255,89,60,26,255,86,56,21,255,88,60,23,255,87,60,26,255,60,37,9,255,55,34,6,255,60,37,9,255,75,47,15,255,117,76,40,255,132,87,44,255,150,97,55,255,153,96,52,255,183,120,74,255,165,108,62,255,101,65,27,253,62,39,6,255,55,46,25,255,138,135,129,222,255,255,255,0,255,255,255,0,255,255,255,0,255,255,255,0,255,255,255,0,255,255,255,0,255,255,255,0,255,255,255,0,255,255,255,0,255,255,255,0,255,255,255,0,255,255,255,0,255,255,255,0,255,255,255,0,255,255,255,0,255,255,255,0,255,255,255,0,255,255,255,0,255,255,255,0,255,255,255,0,255,255,255,0,255,255,255,0,255,255,255,0,255,255,255,0,255,255,255,0,255,255,255,0,255,255,255,0,255,255,255,0,255,255,255,0,255,255,255,0,255,255,255,0,255,255,255,0,255,255,255,0,255,255,255,0,255,255,255,0,255,255,255,0,255,255,255,0,255,255,255,0,255,255,255,0,255,255,255,0,255,255,255,0,255,255,255,0,255,255,255,0,255,255,255,0,255,255,255,0,255,255,255,0,255,255,255,0,255,255,255,0,255,255,255,0,255,255,255,0,255,255,255,0,255,255,255,0,
255,255,255,0,255,255,255,0,255,255,255,0,255,255,255,0,255,255,255,0,255,255,255,0,255,255,255,0,255,255,255,0,255,255,255,0,255,255,255,0,255,255,255,0,255,255,255,0,255,255,255,0,255,255,255,0,255,255,255,0,255,255,255,0,255,255,255,0,255,255,255,0,255,255,255,0,255,255,255,0,255,255,255,0,255,255,255,0,255,255,255,0,255,255,255,0,255,255,255,0,255,255,255,0,255,255,255,0,255,255,255,0,255,255,255,0,255,255,255,0,255,255,255,0,255,255,255,0,255,255,255,0,255,255,255,0,255,255,255,0,255,255,255,0,255,255,255,0,255,255,255,0,234,233,230,170,49,34,15,253,82,58,34,255,112,84,49,255,99,68,35,253,80,52,15,255,115,84,48,251,146,99,65,255,146,90,61,253,136,83,45,255,161,104,65,251,158,99,55,255,175,114,68,255,185,120,73,255,167,104,58,255,148,94,47,255,149,100,55,255,146,96,53,255,142,92,49,255,140,87,48,255,140,87,48,255,139,87,48,255,139,87,48,255,134,84,43,255,138,87,47,255,142,94,52,255,130,84,42,255,115,72,29,255,115,74,31,255,113,74,32,255,118,78,39,255,119,80,42,255,112,74,36,255,85,47,9,255,109,68,31,255,142,94,55,255,137,89,48,255,123,82,42,255,120,83,42,255,120,79,36,255,120,76,34,255,129,86,46,255,121,77,39,255,114,69,32,255,124,78,38,255,144,93,50,255,142,94,50,255,129,86,43,255,127,90,52,255,118,86,53,255,119,87,56,255,149,112,74,255,143,106,68,255,112,81,47,255,118,84,49,255,134,90,50,255,132,81,41,255,133,85,43,255,131,85,43,255,124,84,39,255,112,73,31,255,99,60,23,255,103,62,28,255,119,80,42,255,117,71,33,255,151,99,56,255,163,102,56,255,182,113,65,255,182,113,65,255,183,124,80,255,150,98,53,255,100,53,9,255,108,60,15,255,170,114,71,255,160,102,58,255,160,105,60,255,150,98,52,255,144,92,46,255,134,85,39,255,127,84,41,255,110,71,29,255,101,65,23,255,98,65,31,255,63,38,6,255,65,44,12,255,73,50,15,255,79,55,21,255,84,55,23,255,96,67,33,255,90,63,28,255,79,56,21,255,58,39,9,255,58,37,9,255,74,47,15,255,95,60,25,255,125,81,40,255,142,90,45,255,163,107,62,255,164,105,58,255,172,112,68,251,143,89,43,255,98,60,19,255,65,41,9,255,54,41,27,251,145,144,136,217,255,255,255,0,255,255,255,0,255,255,255,0,255,255,255,0,255,255,255,0,255,255,255,0,255,255,255,0,255,255,255,0,255,255,255,0,255,255,255,0,255,255,255,0,255,255,255,0,255,255,255,0,255,255,255,0,255,255,255,0,255,255,255,0,255,255,255,0,255,255,255,0,255,255,255,0,255,255,255,0,255,255,255,0,255,255,255,0,255,255,255,0,255,255,255,0,255,255,255,0,255,255,255,0,255,255,255,0,255,255,255,0,255,255,255,0,255,255,255,0,255,255,255,0,255,255,255,0,255,255,255,0,255,255,255,0,255,255,255,0,255,255,255,0,255,255,255,0,255,255,255,0,255,255,255,0,255,255,255,0,255,255,255,0,255,255,255,0,255,255,255,0,255,255,255,0,255,255,255,0,255,255,255,0,255,255,255,0,255,255,255,0,255,255,255,0,255,255,255,0,255,255,255,0,255,255,255,0,
255,255,255,0,255,255,255,0,255,255,255,0,255,255,255,0,255,255,255,0,255,255,255,0,255,255,255,0,255,255,255,0,255,255,255,0,255,255,255,0,255,255,255,0,255,255,255,0,255,255,255,0,255,255,255,0,255,255,255,0,255,255,255,0,255,255,255,0,255,255,255,0,255,255,255,0,255,255,255,0,255,255,255,0,255,255,255,0,255,255,255,0,255,255,255,0,255,255,255,0,255,255,255,0,255,255,255,0,255,255,255,0,255,255,255,0,255,255,255,0,255,255,255,0,255,255,255,0,255,255,255,0,255,255,255,0,255,255,255,0,255,255,255,0,255,255,255,0,255,255,255,0,232,230,228,165,33,17,3,255,84,64,43,253,134,101,68,255,111,73,37,255,86,55,19,255,106,73,38,255,138,96,62,255,137,90,53,255,132,87,44,255,144,97,50,255,155,100,56,255,175,114,68,255,190,125,75,255,171,108,58,255,151,95,47,255,151,99,52,255,154,102,58,255,149,97,52,255,142,89,47,255,140,87,48,255,142,89,49,255,140,87,48,255,139,86,47,255,139,86,47,255,139,87,48,255,134,84,43,255,121,75,32,255,118,75,31,255,117,77,36,255,120,83,42,255,111,76,37,255,108,73,34,255,90,50,12,255,118,72,34,255,141,90,52,255,140,90,49,255,131,87,47,255,123,84,43,255,107,69,29,255,114,77,34,255,106,69,26,255,110,71,29,255,107,65,23,255,115,72,31,255,140,92,50,255,142,94,50,255,135,87,43,255,140,95,50,255,150,107,65,255,143,100,60,255,111,65,25,255,131,83,44,255,151,103,65,255,151,103,62,255,130,85,40,255,135,89,44,255,127,84,41,255,121,80,38,255,122,82,42,255,107,72,36,255,83,53,21,255,83,55,19,255,118,81,42,255,125,82,38,255,152,100,53,255,161,100,52,255,187,115,68,255,193,118,73,255,203,133,89,255,183,122,78,255,87,38,0,255,101,55,12,255,161,109,65,255,159,102,58,255,155,101,55,255,147,96,48,255,142,93,47,255,132,87,42,255,117,76,32,255,113,75,36,255,92,55,19,255,87,55,21,255,58,34,3,255,52,33,3,255,55,37,3,255,69,47,15,255,90,62,32,255,94,65,33,255,73,48,15,255,72,52,19,255,52,36,6,255,62,41,12,255,91,62,28,255,113,74,34,255,136,87,47,255,147,92,48,255,171,107,65,255,179,115,71,255,159,100,55,255,138,86,43,255,112,73,38,253,75,45,12,255,73,59,41,247,173,168,165,200,255,255,255,0,255,255,255,0,255,255,255,0,255,255,255,0,255,255,255,0,255,255,255,0,255,255,255,0,255,255,255,0,255,255,255,0,255,255,255,0,255,255,255,0,255,255,255,0,255,255,255,0,255,255,255,0,255,255,255,0,255,255,255,0,255,255,255,0,255,255,255,0,255,255,255,0,255,255,255,0,255,255,255,0,255,255,255,0,255,255,255,0,255,255,255,0,255,255,255,0,255,255,255,0,255,255,255,0,255,255,255,0,255,255,255,0,255,255,255,0,255,255,255,0,255,255,255,0,255,255,255,0,255,255,255,0,255,255,255,0,255,255,255,0,255,255,255,0,255,255,255,0,255,255,255,0,255,255,255,0,255,255,255,0,255,255,255,0,255,255,255,0,255,255,255,0,255,255,255,0,255,255,255,0,255,255,255,0,255,255,255,0,255,255,255,0,255,255,255,0,255,255,255,0,255,255,255,0,
255,255,255,0,255,255,255,0,255,255,255,0,255,255,255,0,255,255,255,0,255,255,255,0,255,255,255,0,255,255,255,0,255,255,255,0,255,255,255,0,255,255,255,0,255,255,255,0,255,255,255,0,255,255,255,0,255,255,255,0,255,255,255,0,255,255,255,0,255,255,255,0,255,255,255,0,255,255,255,0,255,255,255,0,255,255,255,0,255,255,255,0,255,255,255,0,255,255,255,0,255,255,255,0,255,255,255,0,255,255,255,0,255,255,255,0,255,255,255,0,255,255,255,0,255,255,255,0,255,255,255,0,255,255,255,0,255,255,255,0,255,255,255,0,255,255,255,0,255,255,255,0,234,232,232,165,29,15,3,255,75,56,35,253,118,82,50,255,105,65,31,255,85,52,17,255,92,58,23,255,103,65,29,255,108,68,31,255,109,69,25,255,133,90,44,255,150,97,55,255,167,108,65,255,188,124,74,255,179,115,63,255,162,101,53,255,162,106,60,255,160,105,60,255,146,94,49,255,138,86,43,255,140,87,48,255,142,89,49,255,140,87,48,255,142,89,49,255,142,89,49,255,143,90,50,255,137,86,45,255,134,86,44,255,140,95,52,255,138,97,55,255,115,78,38,255,83,48,6,255,111,74,33,255,136,92,55,255,138,87,48,255,143,90,50,255,133,83,42,255,119,75,34,255,108,68,28,255,95,60,21,255,99,67,26,255,92,60,17,255,100,65,23,255,113,75,36,255,120,77,39,255,120,76,36,255,121,75,34,255,126,81,38,255,118,73,28,255,115,69,25,255,122,76,32,255,124,76,37,255,127,76,38,255,140,87,48,255,138,87,44,255,116,71,26,255,122,79,36,255,124,83,41,255,106,67,26,255,103,65,29,255,87,55,21,255,55,33,0,255,68,43,9,255,118,84,44,255,124,81,36,255,147,93,47,255,164,101,53,255,198,124,77,255,194,117,73,255,184,109,65,255,188,120,76,255,175,120,79,255,168,118,75,255,152,100,53,255,154,100,53,255,137,85,38,255,135,86,40,255,140,92,48,255,137,91,49,255,115,75,33,255,113,75,37,255,94,58,23,255,89,60,28,255,68,48,15,255,65,47,15,255,53,37,3,255,60,40,6,255,91,63,33,255,90,62,32,255,60,37,3,255,58,41,6,255,47,31,3,255,62,41,9,255,94,63,25,255,117,75,34,255,133,85,43,255,140,85,41,255,178,117,74,255,170,109,65,255,146,91,47,255,131,83,42,255,137,97,60,255,119,90,60,255,67,52,36,255,238,238,237,115,255,255,255,0,255,255,255,0,255,255,255,0,255,255,255,0,255,255,255,0,255,255,255,0,255,255,255,0,255,255,255,0,255,255,255,0,255,255,255,0,255,255,255,0,255,255,255,0,255,255,255,0,255,255,255,0,255,255,255,0,255,255,255,0,255,255,255,0,255,255,255,0,255,255,255,0,255,255,255,0,255,255,255,0,255,255,255,0,255,255,255,0,255,255,255,0,255,255,255,0,255,255,255,0,255,255,255,0,255,255,255,0,255,255,255,0,255,255,255,0,255,255,255,0,255,255,255,0,255,255,255,0,255,255,255,0,255,255,255,0,255,255,255,0,255,255,255,0,255,255,255,0,255,255,255,0,255,255,255,0,255,255,255,0,255,255,255,0,255,255,255,0,255,255,255,0,255,255,255,0,255,255,255,0,255,255,255,0,255,255,255,0,255,255,255,0,255,255,255,0,255,255,255,0,255,255,255,0,
255,255,255,0,255,255,255,0,255,255,255,0,255,255,255,0,255,255,255,0,255,255,255,0,255,255,255,0,255,255,255,0,255,255,255,0,255,255,255,0,255,255,255,0,255,255,255,0,255,255,255,0,255,255,255,0,255,255,255,0,255,255,255,0,255,255,255,0,255,255,255,0,255,255,255,0,255,255,255,0,255,255,255,0,255,255,255,0,255,255,255,0,255,255,255,0,255,255,255,0,255,255,255,0,255,255,255,0,255,255,255,0,255,255,255,0,255,255,255,0,255,255,255,0,255,255,255,0,255,255,255,0,255,255,255,0,255,255,255,0,255,255,255,0,255,255,255,0,255,255,255,0,236,234,232,165,29,15,6,255,75,52,32,255,122,86,55,255,106,65,31,255,93,55,21,255,93,56,23,255,86,50,12,255,100,65,26,255,110,75,32,255,124,84,39,255,144,96,55,255,163,107,63,255,187,122,74,255,181,112,62,255,164,99,49,255,164,103,58,255,165,108,62,255,154,99,55,255,138,86,43,255,142,89,47,255,140,87,47,255,139,87,44,255,140,87,47,255,140,87,47,255,142,89,47,255,137,85,42,255,149,99,56,255,145,98,55,255,137,91,49,255,122,79,38,255,89,47,6,255,112,68,26,255,149,99,60,255,140,87,48,255,143,90,50,255,130,82,41,255,119,75,34,255,111,74,33,255,87,53,15,255,90,58,23,255,85,53,17,255,94,63,25,255,111,77,40,255,118,81,42,255,112,73,36,255,112,73,36,255,113,74,37,255,116,76,36,255,115,78,38,255,119,82,41,255,111,72,32,255,119,80,40,255,136,94,55,255,135,91,53,255,115,71,33,255,117,73,34,255,114,76,36,255,107,72,33,255,97,63,26,255,79,52,17,255,47,26,0,255,58,37,0,255,119,87,47,255,125,80,37,255,152,95,52,255,167,99,55,255,195,120,75,255,204,130,82,255,190,118,71,255,182,114,68,255,194,125,82,255,194,130,87,255,151,94,48,255,149,95,50,255,144,92,47,255,139,89,47,255,137,89,48,255,131,87,47,255,117,75,34,255,113,75,37,255,92,55,23,255,86,56,23,255,72,53,21,255,62,47,12,255,58,36,6,255,62,36,6,255,89,65,33,255,87,63,32,255,60,40,6,255,53,37,3,255,52,36,6,255,65,47,12,255,102,72,33,255,126,87,46,255,128,82,41,255,137,87,43,255,169,114,71,255,171,119,75,255,145,93,58,253,139,98,59,251,138,102,71,255,121,99,81,251,81,72,58,255,255,255,255,19,255,255,255,0,255,255,255,0,255,255,255,0,255,255,255,0,255,255,255,0,255,255,255,0,255,255,255,0,255,255,255,0,255,255,255,0,255,255,255,0,255,255,255,0,255,255,255,0,255,255,255,0,255,255,255,0,255,255,255,0,255,255,255,0,255,255,255,0,255,255,255,0,255,255,255,0,255,255,255,0,255,255,255,0,255,255,255,0,255,255,255,0,255,255,255,0,255,255,255,0,255,255,255,0,255,255,255,0,255,255,255,0,255,255,255,0,255,255,255,0,255,255,255,0,255,255,255,0,255,255,255,0,255,255,255,0,255,255,255,0,255,255,255,0,255,255,255,0,255,255,255,0,255,255,255,0,255,255,255,0,255,255,255,0,255,255,255,0,255,255,255,0,255,255,255,0,255,255,255,0,255,255,255,0,255,255,255,0,255,255,255,0,255,255,255,0,255,255,255,0,255,255,255,0,255,255,255,0,
255,255,255,0,255,255,255,0,255,255,255,0,255,255,255,0,255,255,255,0,255,255,255,0,255,255,255,0,255,255,255,0,255,255,255,0,255,255,255,0,255,255,255,0,255,255,255,0,255,255,255,0,255,255,255,0,255,255,255,0,255,255,255,0,255,255,255,0,255,255,255,0,255,255,255,0,255,255,255,0,255,255,255,0,255,255,255,0,255,255,255,0,255,255,255,0,255,255,255,0,255,255,255,0,255,255,255,0,255,255,255,0,255,255,255,0,255,255,255,0,255,255,255,0,255,255,255,0,255,255,255,0,255,255,255,0,255,255,255,0,255,255,255,0,255,255,255,0,255,255,255,0,238,236,236,163,29,15,6,255,74,49,33,255,121,84,55,255,118,78,41,255,115,77,42,255,108,73,36,255,81,47,9,255,104,72,31,255,117,83,41,255,115,78,36,255,110,63,23,255,144,90,48,255,183,117,71,255,182,113,63,255,183,116,65,255,173,108,60,255,165,104,60,255,152,95,52,255,151,97,55,255,152,100,58,255,147,95,53,255,144,92,49,255,143,90,48,255,143,90,48,255,144,92,49,255,139,87,44,255,135,86,40,255,133,85,39,255,124,79,34,255,136,90,48,255,132,86,47,255,134,85,47,255,140,87,48,255,143,90,50,255,145,93,50,255,130,83,39,255,118,75,31,255,111,74,33,255,93,60,25,255,88,56,23,255,74,44,12,255,79,49,17,255,94,62,29,255,97,65,31,255,97,63,29,255,95,60,25,255,92,55,21,255,90,56,21,255,93,62,26,255,86,55,19,255,96,62,25,255,91,58,21,255,88,55,17,255,88,55,19,255,97,58,25,255,104,63,29,255,97,62,25,255,97,63,26,255,94,65,31,255,82,58,23,255,65,47,12,255,73,48,15,255,111,76,37,255,123,75,34,255,170,109,65,255,180,110,65,255,189,117,68,255,190,118,68,255,189,122,74,255,184,116,71,255,167,97,52,255,168,100,56,255,142,83,38,255,140,85,41,255,144,92,49,255,134,84,43,255,125,79,39,255,115,72,31,255,119,76,38,255,112,74,36,255,87,50,19,255,79,49,17,255,60,43,9,255,71,52,21,255,92,67,38,255,88,60,32,255,67,44,12,255,56,37,3,255,53,37,3,255,65,47,15,255,47,32,0,255,65,44,12,255,102,72,33,255,127,90,49,255,133,89,48,255,145,99,58,255,122,76,32,255,117,71,29,255,108,63,26,255,97,58,25,255,62,31,3,255,55,36,15,255,93,88,83,247,255,255,255,0,255,255,255,0,255,255,255,0,255,255,255,0,255,255,255,0,255,255,255,0,255,255,255,0,255,255,255,0,255,255,255,0,255,255,255,0,255,255,255,0,255,255,255,0,255,255,255,0,255,255,255,0,255,255,255,0,255,255,255,0,255,255,255,0,255,255,255,0,255,255,255,0,255,255,255,0,255,255,255,0,255,255,255,0,255,255,255,0,255,255,255,0,255,255,255,0,255,255,255,0,255,255,255,0,255,255,255,0,255,255,255,0,255,255,255,0,255,255,255,0,255,255,255,0,255,255,255,0,255,255,255,0,255,255,255,0,255,255,255,0,255,255,255,0,255,255,255,0,255,255,255,0,255,255,255,0,255,255,255,0,255,255,255,0,255,255,255,0,255,255,255,0,255,255,255,0,255,255,255,0,255,255,255,0,255,255,255,0,255,255,255,0,255,255,255,0,255,255,255,0,255,255,255,0,255,255,255,0,
255,255,255,0,255,255,255,0,255,255,255,0,255,255,255,0,255,255,255,0,255,255,255,0,255,255,255,0,255,255,255,0,255,255,255,0,255,255,255,0,255,255,255,0,255,255,255,0,255,255,255,0,255,255,255,0,255,255,255,0,255,255,255,0,255,255,255,0,255,255,255,0,255,255,255,0,255,255,255,0,255,255,255,0,255,255,255,0,255,255,255,0,255,255,255,0,255,255,255,0,255,255,255,0,255,255,255,0,255,255,255,0,255,255,255,0,255,255,255,0,255,255,255,0,255,255,255,0,255,255,255,0,255,255,255,0,255,255,255,0,255,255,255,0,255,255,255,0,255,255,255,0,238,236,236,162,31,17,6,255,80,55,37,255,116,80,50,255,124,82,46,255,116,78,41,255,104,69,31,255,90,52,12,255,104,67,28,255,113,77,36,255,121,84,43,255,110,68,29,255,141,91,50,255,173,110,65,255,180,110,62,255,193,124,72,255,177,110,60,255,166,103,58,255,158,99,56,255,148,93,52,255,150,97,55,255,152,100,58,255,140,87,47,255,140,87,47,255,138,86,43,255,138,86,43,255,139,89,47,255,138,91,45,255,133,89,41,255,128,82,37,255,130,84,42,255,141,93,52,255,141,91,50,255,134,84,43,255,142,89,47,255,146,94,52,255,133,83,40,255,122,79,36,255,110,71,31,255,89,55,19,255,90,60,29,255,72,44,15,255,69,42,12,255,91,63,33,255,88,60,31,255,84,55,25,255,90,60,31,255,96,67,37,255,88,58,29,255,86,58,29,255,86,60,26,255,87,58,26,255,89,60,28,255,76,55,23,255,73,49,17,255,89,62,31,255,90,58,29,255,87,52,21,255,95,60,31,255,93,62,33,255,82,56,28,255,68,47,15,255,79,49,15,255,112,73,33,255,128,75,33,255,174,111,65,255,182,113,65,255,192,120,72,255,185,115,65,255,176,113,65,255,178,118,69,255,171,108,60,255,160,99,50,255,142,83,38,255,141,86,42,255,140,90,47,255,135,87,46,255,120,76,36,255,115,73,34,255,123,82,42,255,112,73,36,255,89,55,19,255,83,53,21,255,72,48,17,255,68,46,12,255,86,58,29,255,88,60,31,255,56,37,6,255,56,38,6,255,60,46,12,255,55,40,9,255,52,37,3,255,65,47,12,255,97,68,36,255,120,84,49,255,127,87,48,255,138,97,55,255,110,71,29,255,112,74,34,255,96,60,23,255,97,68,42,253,62,37,15,255,41,29,15,251,124,118,115,233,255,255,255,0,255,255,255,0,255,255,255,0,255,255,255,0,255,255,255,0,255,255,255,0,255,255,255,0,255,255,255,0,255,255,255,0,255,255,255,0,255,255,255,0,255,255,255,0,255,255,255,0,255,255,255,0,255,255,255,0,255,255,255,0,255,255,255,0,255,255,255,0,255,255,255,0,255,255,255,0,255,255,255,0,255,255,255,0,255,255,255,0,255,255,255,0,255,255,255,0,255,255,255,0,255,255,255,0,255,255,255,0,255,255,255,0,255,255,255,0,255,255,255,0,255,255,255,0,255,255,255,0,255,255,255,0,255,255,255,0,255,255,255,0,255,255,255,0,255,255,255,0,255,255,255,0,255,255,255,0,255,255,255,0,255,255,255,0,255,255,255,0,255,255,255,0,255,255,255,0,255,255,255,0,255,255,255,0,255,255,255,0,255,255,255,0,255,255,255,0,255,255,255,0,255,255,255,0,255,255,255,0,
255,255,255,0,255,255,255,0,255,255,255,0,255,255,255,0,255,255,255,0,255,255,255,0,255,255,255,0,255,255,255,0,255,255,255,0,255,255,255,0,255,255,255,0,255,255,255,0,255,255,255,0,255,255,255,0,255,255,255,0,255,255,255,0,255,255,255,0,255,255,255,0,255,255,255,0,255,255,255,0,255,255,255,0,255,255,255,0,255,255,255,0,255,255,255,0,255,255,255,0,255,255,255,0,255,255,255,0,255,255,255,0,255,255,255,0,255,255,255,0,255,255,255,0,255,255,255,0,255,255,255,0,255,255,255,0,255,255,255,0,255,255,255,0,255,255,255,0,255,255,255,0,240,238,238,162,33,19,9,255,74,50,31,255,123,84,55,255,109,68,28,255,92,55,12,255,111,74,33,255,137,96,56,255,110,71,31,255,87,50,9,255,100,62,21,255,116,75,36,255,143,95,53,255,172,113,68,255,177,109,63,255,201,132,80,255,178,109,56,255,166,103,55,255,160,102,58,255,151,97,53,255,152,100,58,255,154,102,60,255,147,95,53,255,143,90,48,255,142,89,47,255,142,89,47,255,141,92,47,255,138,91,45,255,135,87,41,255,137,90,47,255,136,87,47,255,138,87,47,255,144,93,52,255,141,91,50,255,135,85,42,255,142,89,47,255,139,89,47,255,137,91,49,255,118,78,37,255,87,50,17,255,85,52,21,255,69,42,12,255,72,47,19,255,68,44,17,255,62,40,12,255,68,46,19,255,68,44,17,255,63,38,9,255,65,40,12,255,75,53,23,255,74,50,21,255,74,49,17,255,69,47,17,255,60,43,12,255,56,37,9,255,72,48,21,255,80,55,26,255,84,50,25,255,80,47,21,255,68,39,12,255,69,42,12,255,75,47,15,255,103,68,33,255,154,108,68,255,163,107,63,255,187,119,71,255,179,108,56,255,191,122,69,255,184,117,67,255,172,109,62,255,159,101,53,255,155,96,49,255,155,99,52,255,148,92,47,255,135,80,39,255,142,92,52,255,133,87,47,255,116,75,36,255,109,69,29,255,122,80,41,255,112,73,36,255,93,56,23,255,83,53,21,255,62,37,6,255,55,33,0,255,69,44,12,255,69,44,15,255,53,37,3,255,55,39,9,255,58,42,12,255,53,38,6,255,55,40,9,255,56,38,6,255,60,34,6,255,72,40,9,255,97,62,25,255,104,67,28,255,97,63,26,255,95,65,29,255,90,62,26,255,87,65,39,253,58,42,18,253,50,39,28,249,149,145,143,215,255,255,255,0,255,255,255,0,255,255,255,0,255,255,255,0,255,255,255,0,255,255,255,0,255,255,255,0,255,255,255,0,255,255,255,0,255,255,255,0,255,255,255,0,255,255,255,0,255,255,255,0,255,255,255,0,255,255,255,0,255,255,255,0,255,255,255,0,255,255,255,0,255,255,255,0,255,255,255,0,255,255,255,0,255,255,255,0,255,255,255,0,255,255,255,0,255,255,255,0,255,255,255,0,255,255,255,0,255,255,255,0,255,255,255,0,255,255,255,0,255,255,255,0,255,255,255,0,255,255,255,0,255,255,255,0,255,255,255,0,255,255,255,0,255,255,255,0,255,255,255,0,255,255,255,0,255,255,255,0,255,255,255,0,255,255,255,0,255,255,255,0,255,255,255,0,255,255,255,0,255,255,255,0,255,255,255,0,255,255,255,0,255,255,255,0,255,255,255,0,255,255,255,0,255,255,255,0,255,255,255,0,
255,255,255,0,255,255,255,0,255,255,255,0,255,255,255,0,255,255,255,0,255,255,255,0,255,255,255,0,255,255,255,0,255,255,255,0,255,255,255,0,255,255,255,0,255,255,255,0,255,255,255,0,255,255,255,0,255,255,255,0,255,255,255,0,255,255,255,0,255,255,255,0,255,255,255,0,255,255,255,0,255,255,255,0,255,255,255,0,255,255,255,0,255,255,255,0,255,255,255,0,255,255,255,0,255,255,255,0,255,255,255,0,255,255,255,0,255,255,255,0,255,255,255,0,255,255,255,0,255,255,255,0,255,255,255,0,255,255,255,0,255,255,255,0,255,255,255,0,255,255,255,0,241,239,237,160,38,23,12,253,74,49,26,255,122,87,50,255,105,62,21,255,90,50,9,255,117,75,34,255,153,107,68,255,118,72,32,255,94,52,12,255,103,63,23,255,110,71,29,255,133,87,46,255,166,109,68,255,167,104,58,255,188,121,68,255,171,105,49,255,169,104,55,255,160,99,52,255,149,95,48,255,147,95,50,255,152,100,55,255,147,95,50,255,142,90,45,255,143,91,47,255,143,91,47,255,142,90,45,255,142,93,47,255,140,90,45,255,141,91,48,255,137,84,44,255,138,85,47,255,143,90,52,255,142,94,52,255,137,86,45,255,141,86,44,255,144,92,49,255,145,98,55,255,127,84,43,255,97,58,23,255,91,60,26,255,71,43,12,255,65,42,15,255,46,31,3,255,49,37,9,255,67,53,25,255,62,46,17,255,48,29,0,255,56,37,9,255,65,47,17,255,65,47,15,255,67,48,17,255,60,41,9,255,58,38,9,255,60,37,6,255,63,43,12,255,69,47,17,255,76,52,23,255,74,45,17,255,56,31,3,255,72,42,9,255,92,55,21,255,112,69,33,255,163,110,71,255,169,108,65,255,189,122,72,255,193,122,71,255,196,124,73,255,179,109,60,255,168,105,60,255,158,99,56,255,147,90,47,255,146,91,47,255,142,88,44,255,138,86,43,255,141,91,50,255,135,87,47,255,119,76,38,255,113,74,34,255,121,79,40,255,115,73,36,255,103,65,31,255,91,58,28,255,62,40,9,255,52,34,3,255,53,37,3,255,49,34,3,255,52,37,6,255,56,40,12,255,58,38,12,255,53,36,6,255,60,43,12,255,60,42,12,255,56,37,6,255,60,31,3,255,83,50,19,255,91,58,25,255,90,58,25,255,90,60,29,255,76,52,21,255,71,49,21,255,54,42,19,255,40,37,19,255,219,219,217,152,255,255,255,0,255,255,255,0,255,255,255,0,255,255,255,0,255,255,255,0,255,255,255,0,255,255,255,0,255,255,255,0,255,255,255,0,255,255,255,0,255,255,255,0,255,255,255,0,255,255,255,0,255,255,255,0,255,255,255,0,255,255,255,0,255,255,255,0,255,255,255,0,255,255,255,0,255,255,255,0,255,255,255,0,255,255,255,0,255,255,255,0,255,255,255,0,255,255,255,0,255,255,255,0,255,255,255,0,255,255,255,0,255,255,255,0,255,255,255,0,255,255,255,0,255,255,255,0,255,255,255,0,255,255,255,0,255,255,255,0,255,255,255,0,255,255,255,0,255,255,255,0,255,255,255,0,255,255,255,0,255,255,255,0,255,255,255,0,255,255,255,0,255,255,255,0,255,255,255,0,255,255,255,0,255,255,255,0,255,255,255,0,255,255,255,0,255,255,255,0,255,255,255,0,255,255,255,0,255,255,255,0,
255,255,255,0,255,255,255,0,255,255,255,0,255,255,255,0,255,255,255,0,255,255,255,0,255,255,255,0,255,255,255,0,255,255,255,0,255,255,255,0,255,255,255,0,255,255,255,0,255,255,255,0,255,255,255,0,255,255,255,0,255,255,255,0,255,255,255,0,255,255,255,0,255,255,255,0,255,255,255,0,255,255,255,0,255,255,255,0,255,255,255,0,255,255,255,0,255,255,255,0,255,255,255,0,255,255,255,0,255,255,255,0,255,255,255,0,255,255,255,0,255,255,255,0,255,255,255,0,255,255,255,0,255,255,255,0,255,255,255,0,255,255,255,0,255,255,255,0,255,255,255,0,237,237,236,160,37,23,12,253,80,55,33,255,120,84,47,255,116,75,31,255,114,73,29,255,122,79,36,255,151,100,58,255,137,87,43,255,133,87,46,255,123,82,40,255,95,55,15,255,116,75,36,255,153,100,60,255,156,97,52,255,175,113,62,255,179,115,63,255,189,127,77,255,165,107,60,255,140,85,41,255,139,87,44,255,143,90,48,255,138,86,43,255,138,86,43,255,140,87,44,255,140,87,44,255,138,86,41,255,137,85,40,255,143,91,47,255,140,87,47,255,140,87,48,255,143,90,52,255,137,84,47,255,138,90,49,255,142,92,52,255,142,87,47,255,141,86,44,255,145,95,52,255,132,87,47,255,106,65,31,255,103,68,36,255,79,52,21,255,68,47,19,255,44,31,6,255,41,31,9,255,50,38,12,255,53,38,12,255,54,38,12,255,60,43,12,255,54,39,6,255,56,41,9,255,58,42,12,255,52,37,6,255,58,38,9,255,62,39,9,255,69,49,19,255,63,43,15,255,73,49,21,255,75,53,23,255,62,36,6,255,80,50,19,255,105,67,31,255,124,76,37,255,167,110,68,255,172,106,62,255,196,124,75,255,195,121,71,255,191,118,67,255,181,111,63,255,179,115,71,255,162,102,60,255,148,93,49,255,140,87,47,255,135,83,38,255,142,92,49,255,138,87,47,255,137,89,50,255,131,85,46,255,131,87,47,255,120,76,36,255,117,75,36,255,115,74,39,255,103,68,36,255,87,62,31,255,72,53,23,255,62,46,15,255,54,40,9,255,55,39,12,255,55,39,12,255,52,34,6,255,60,43,12,255,49,31,3,255,55,37,6,255,58,37,9,255,62,38,12,255,90,62,34,255,98,68,39,255,68,43,12,255,68,46,12,255,52,31,3,255,65,48,23,253,54,44,21,253,38,33,17,255,250,250,250,79,255,255,255,0,255,255,255,0,255,255,255,0,255,255,255,0,255,255,255,0,255,255,255,0,255,255,255,0,255,255,255,0,255,255,255,0,255,255,255,0,255,255,255,0,255,255,255,0,255,255,255,0,255,255,255,0,255,255,255,0,255,255,255,0,255,255,255,0,255,255,255,0,255,255,255,0,255,255,255,0,255,255,255,0,255,255,255,0,255,255,255,0,255,255,255,0,255,255,255,0,255,255,255,0,255,255,255,0,255,255,255,0,255,255,255,0,255,255,255,0,255,255,255,0,255,255,255,0,255,255,255,0,255,255,255,0,255,255,255,0,255,255,255,0,255,255,255,0,255,255,255,0,255,255,255,0,255,255,255,0,255,255,255,0,255,255,255,0,255,255,255,0,255,255,255,0,255,255,255,0,255,255,255,0,255,255,255,0,255,255,255,0,255,255,255,0,255,255,255,0,255,255,255,0,255,255,255,0,255,255,255,0,
255,255,255,0,255,255,255,0,255,255,255,0,255,255,255,0,255,255,255,0,255,255,255,0,255,255,255,0,255,255,255,0,255,255,255,0,255,255,255,0,255,255,255,0,255,255,255,0,255,255,255,0,255,255,255,0,255,255,255,0,255,255,255,0,255,255,255,0,255,255,255,0,255,255,255,0,255,255,255,0,255,255,255,0,255,255,255,0,255,255,255,0,255,255,255,0,255,255,255,0,255,255,255,0,255,255,255,0,255,255,255,0,255,255,255,0,255,255,255,0,255,255,255,0,255,255,255,0,255,255,255,0,255,255,255,0,255,255,255,0,255,255,255,0,255,255,255,0,255,255,255,0,238,236,236,163,31,17,6,255,85,60,39,251,119,84,53,253,116,75,29,255,118,75,29,255,134,86,42,255,160,108,63,255,151,99,54,251,152,106,58,255,115,74,35,253,88,52,15,255,103,65,29,255,134,85,47,255,148,93,52,255,153,97,49,255,171,112,65,255,190,131,87,255,158,101,58,255,135,82,40,255,135,85,44,255,142,89,49,255,142,89,49,255,140,84,45,255,147,92,50,255,143,89,45,255,137,83,39,255,140,89,41,255,140,87,44,255,140,90,47,255,141,91,50,255,141,91,50,255,139,87,48,255,140,90,49,255,141,91,48,255,139,83,44,255,142,89,49,255,131,83,42,255,132,87,49,255,117,76,42,255,110,74,42,255,86,56,23,255,72,48,21,255,46,28,9,255,40,25,9,255,41,26,6,255,44,26,3,255,60,43,19,255,58,40,12,255,52,33,3,255,58,39,9,255,54,38,12,255,52,37,9,255,55,34,6,255,60,37,6,255,69,47,19,255,68,47,21,255,65,46,19,255,68,47,21,255,63,38,9,255,90,58,26,255,111,72,32,255,138,87,44,255,176,113,69,255,183,110,65,255,206,129,82,255,203,124,76,255,196,120,73,255,184,112,65,255,165,101,56,255,153,96,52,255,138,86,41,255,138,87,42,255,134,85,39,255,140,90,47,255,138,87,47,255,141,90,52,255,142,92,52,255,140,92,48,255,119,76,31,255,115,75,28,255,126,84,43,255,113,74,39,255,100,68,37,255,82,56,28,255,65,46,15,255,52,34,6,255,56,37,9,255,55,39,9,255,53,39,9,255,56,41,12,255,55,36,3,255,60,38,6,255,53,33,0,255,65,49,15,253,91,68,37,251,83,62,31,255,49,34,3,255,56,43,12,253,42,26,0,255,54,39,19,255,51,40,21,253,50,43,27,253,254,254,254,49,255,255,255,0,255,255,255,0,255,255,255,0,255,255,255,0,255,255,255,0,255,255,255,0,255,255,255,0,255,255,255,0,255,255,255,0,255,255,255,0,255,255,255,0,255,255,255,0,255,255,255,0,255,255,255,0,255,255,255,0,255,255,255,0,255,255,255,0,255,255,255,0,255,255,255,0,255,255,255,0,255,255,255,0,255,255,255,0,255,255,255,0,255,255,255,0,255,255,255,0,255,255,255,0,255,255,255,0,255,255,255,0,255,255,255,0,255,255,255,0,255,255,255,0,255,255,255,0,255,255,255,0,255,255,255,0,255,255,255,0,255,255,255,0,255,255,255,0,255,255,255,0,255,255,255,0,255,255,255,0,255,255,255,0,255,255,255,0,255,255,255,0,255,255,255,0,255,255,255,0,255,255,255,0,255,255,255,0,255,255,255,0,255,255,255,0,255,255,255,0,255,255,255,0,255,255,255,0,255,255,255,0,
255,255,255,0,255,255,255,0,255,255,255,0,255,255,255,0,255,255,255,0,255,255,255,0,255,255,255,0,255,255,255,0,255,255,255,0,255,255,255,0,255,255,255,0,255,255,255,0,255,255,255,0,255,255,255,0,255,255,255,0,255,255,255,0,255,255,255,0,255,255,255,0,255,255,255,0,255,255,255,0,255,255,255,0,255,255,255,0,255,255,255,0,255,255,255,0,255,255,255,0,255,255,255,0,255,255,255,0,255,255,255,0,255,255,255,0,255,255,255,0,255,255,255,0,255,255,255,0,255,255,255,0,255,255,255,0,255,255,255,0,255,255,255,0,255,255,255,0,255,255,255,0,232,231,229,163,28,12,3,255,76,52,33,255,123,90,52,255,115,75,31,255,112,68,25,255,141,96,50,251,163,112,71,251,144,91,42,255,160,116,74,243,115,75,28,255,86,50,12,255,106,69,36,255,128,84,47,255,126,78,36,255,127,77,34,255,131,79,34,255,150,95,55,255,144,90,48,255,142,89,47,255,144,91,52,255,151,96,58,255,153,97,58,255,149,92,53,255,154,97,56,255,151,94,50,255,148,91,48,255,148,94,47,255,143,91,47,255,139,89,47,255,138,91,47,255,138,90,49,255,136,87,47,255,139,89,47,255,140,90,47,255,144,91,52,255,137,86,47,255,119,73,33,255,113,68,31,255,115,73,38,255,107,68,36,255,83,53,21,255,65,42,15,255,47,31,9,255,44,29,12,255,49,32,15,255,52,34,12,255,54,38,12,255,58,40,12,255,56,38,6,255,60,41,12,255,55,37,9,255,60,41,15,255,65,47,19,255,67,48,19,255,71,49,23,255,65,46,21,255,45,26,3,255,56,36,9,255,79,48,21,255,97,62,26,255,118,75,31,255,142,90,43,255,185,120,73,255,193,118,73,255,211,132,86,255,204,125,79,255,197,123,75,255,179,109,62,255,152,91,44,255,142,88,41,255,137,87,41,255,138,91,45,255,139,89,44,255,145,95,52,255,139,86,47,255,138,85,45,255,142,89,47,255,144,93,50,255,135,90,42,255,132,89,43,255,125,81,40,255,108,68,32,255,72,40,9,255,58,33,3,255,60,37,6,255,58,38,9,255,62,43,15,255,58,39,9,255,53,37,6,255,56,41,9,255,86,65,33,255,87,65,37,253,65,48,15,253,50,32,0,255,58,40,9,255,63,48,19,255,47,37,6,255,54,43,15,255,50,37,12,255,65,50,35,251,49,37,17,255,39,32,19,255,254,254,254,38,255,255,255,0,255,255,255,0,255,255,255,0,255,255,255,0,255,255,255,0,255,255,255,0,255,255,255,0,255,255,255,0,255,255,255,0,255,255,255,0,255,255,255,0,255,255,255,0,255,255,255,0,255,255,255,0,255,255,255,0,255,255,255,0,255,255,255,0,255,255,255,0,255,255,255,0,255,255,255,0,255,255,255,0,255,255,255,0,255,255,255,0,255,255,255,0,255,255,255,0,255,255,255,0,255,255,255,0,255,255,255,0,255,255,255,0,255,255,255,0,255,255,255,0,255,255,255,0,255,255,255,0,255,255,255,0,255,255,255,0,255,255,255,0,255,255,255,0,255,255,255,0,255,255,255,0,255,255,255,0,255,255,255,0,255,255,255,0,255,255,255,0,255,255,255,0,255,255,255,0,255,255,255,0,255,255,255,0,255,255,255,0,255,255,255,0,255,255,255,0,255,255,255,0,255,255,255,0,255,255,255,0,
255,255,255,0,255,255,255,0,255,255,255,0,255,255,255,0,255,255,255,0,255,255,255,0,255,255,255,0,255,255,255,0,255,255,255,0,255,255,255,0,255,255,255,0,255,255,255,0,255,255,255,0,255,255,255,0,255,255,255,0,255,255,255,0,255,255,255,0,255,255,255,0,255,255,255,0,255,255,255,0,255,255,255,0,255,255,255,0,255,255,255,0,255,255,255,0,255,255,255,0,255,255,255,0,255,255,255,0,255,255,255,0,255,255,255,0,255,255,255,0,255,255,255,0,255,255,255,0,255,255,255,0,255,255,255,0,255,255,255,0,255,255,255,0,255,255,255,0,255,255,255,0,230,229,228,166,29,15,6,253,89,68,54,247,116,87,58,253,118,84,47,253,118,81,42,255,128,84,47,255,157,105,60,255,141,85,39,255,142,93,47,255,119,76,37,253,91,58,23,255,99,65,33,255,115,74,37,255,117,73,34,255,117,71,29,255,120,72,28,255,131,84,40,255,140,90,47,255,137,83,41,255,142,85,44,255,149,92,52,255,153,94,55,255,156,96,56,255,155,95,53,255,156,94,53,255,159,100,55,255,159,102,58,255,146,94,49,255,139,89,47,255,140,90,47,255,137,89,48,255,136,87,47,255,141,91,48,255,137,86,45,255,141,92,53,255,133,87,49,255,120,76,38,255,114,72,33,255,120,77,41,255,108,71,36,255,87,52,19,255,69,44,12,255,44,26,0,255,43,29,3,255,47,33,6,255,46,31,6,255,50,37,9,255,55,39,12,255,56,41,12,255,58,39,9,255,55,37,6,255,60,41,12,255,63,48,17,255,65,49,19,255,62,48,23,255,58,41,17,255,38,19,0,255,58,33,6,255,97,60,31,255,111,65,31,255,127,78,32,255,145,87,37,255,187,119,71,255,194,119,72,255,210,134,87,255,201,126,78,255,196,127,76,255,175,112,65,255,148,89,42,255,136,82,36,255,138,87,42,255,141,91,48,255,139,87,44,255,142,87,47,255,146,91,49,255,142,87,47,255,137,87,43,255,137,87,43,255,141,93,49,255,142,96,53,255,121,79,42,255,113,76,46,255,62,37,9,255,49,29,0,255,58,38,9,255,58,38,9,255,56,37,9,255,55,37,6,255,58,37,6,255,62,41,9,255,86,65,33,255,83,62,31,255,58,42,9,255,58,43,12,253,64,44,18,253,71,54,31,249,68,51,28,249,53,39,12,255,62,46,18,253,56,40,15,255,46,34,12,255,74,70,57,241,255,255,255,4,255,255,255,0,255,255,255,0,255,255,255,0,255,255,255,0,255,255,255,0,255,255,255,0,255,255,255,0,255,255,255,0,255,255,255,0,255,255,255,0,255,255,255,0,255,255,255,0,255,255,255,0,255,255,255,0,255,255,255,0,255,255,255,0,255,255,255,0,255,255,255,0,255,255,255,0,255,255,255,0,255,255,255,0,255,255,255,0,255,255,255,0,255,255,255,0,255,255,255,0,255,255,255,0,255,255,255,0,255,255,255,0,255,255,255,0,255,255,255,0,255,255,255,0,255,255,255,0,255,255,255,0,255,255,255,0,255,255,255,0,255,255,255,0,255,255,255,0,255,255,255,0,255,255,255,0,255,255,255,0,255,255,255,0,255,255,255,0,255,255,255,0,255,255,255,0,255,255,255,0,255,255,255,0,255,255,255,0,255,255,255,0,255,255,255,0,255,255,255,0,255,255,255,0,255,255,255,0,255,255,255,0,
255,255,255,0,255,255,255,0,255,255,255,0,255,255,255,0,255,255,255,0,255,255,255,0,255,255,255,0,255,255,255,0,255,255,255,0,255,255,255,0,255,255,255,0,255,255,255,0,255,255,255,0,255,255,255,0,255,255,255,0,255,255,255,0,255,255,255,0,255,255,255,0,255,255,255,0,255,255,255,0,255,255,255,0,255,255,255,0,255,255,255,0,255,255,255,0,255,255,255,0,255,255,255,0,255,255,255,0,255,255,255,0,255,255,255,0,255,255,255,0,255,255,255,0,255,255,255,0,255,255,255,0,255,255,255,0,255,255,255,0,255,255,255,0,255,255,255,0,255,255,255,0,237,236,234,152,37,31,24,251,45,26,12,255,63,38,9,255,75,48,15,253,98,65,32,255,112,77,39,251,147,97,56,255,146,91,47,255,152,100,62,253,117,73,32,255,88,55,19,255,86,55,21,255,99,62,29,255,106,67,29,255,119,76,38,255,132,89,46,255,139,94,49,255,144,93,50,255,151,94,50,255,157,96,55,255,165,104,62,255,168,106,65,255,178,113,74,255,168,105,62,255,161,98,55,255,162,101,58,255,165,108,62,255,150,96,52,255,139,87,44,255,139,89,47,255,138,87,47,255,139,87,48,255,144,93,50,255,133,83,42,255,117,71,31,255,117,73,34,255,117,75,36,255,117,75,36,255,119,76,40,255,110,69,36,255,91,58,23,255,81,53,21,255,56,38,6,255,54,40,9,255,55,41,12,255,50,37,9,255,52,38,9,255,56,42,15,255,55,39,12,255,54,38,9,255,56,38,6,255,52,37,3,255,50,37,6,255,53,39,12,255,49,37,9,255,58,43,17,255,62,41,15,255,94,62,33,255,125,80,48,255,147,94,58,255,161,105,60,255,175,113,62,255,206,134,86,255,201,126,78,255,206,133,82,255,194,123,74,255,169,104,55,255,160,102,53,255,149,93,47,255,142,90,45,255,145,93,50,255,145,93,50,255,140,85,43,255,139,84,42,255,144,86,47,255,143,88,47,255,139,89,47,255,134,86,42,255,141,91,48,255,132,86,47,255,94,53,17,255,88,56,26,255,56,37,6,255,55,37,9,255,76,55,28,255,79,55,28,255,56,37,6,255,55,34,6,255,56,37,6,255,54,34,3,255,73,50,21,251,62,44,9,255,52,36,3,255,54,38,12,255,58,39,15,255,56,37,12,255,55,39,12,255,53,37,9,255,60,43,15,255,71,59,35,249,37,26,9,255,234,233,232,117,255,255,255,0,255,255,255,0,255,255,255,0,255,255,255,0,255,255,255,0,255,255,255,0,255,255,255,0,255,255,255,0,255,255,255,0,255,255,255,0,255,255,255,0,255,255,255,0,255,255,255,0,255,255,255,0,255,255,255,0,255,255,255,0,255,255,255,0,255,255,255,0,255,255,255,0,255,255,255,0,255,255,255,0,255,255,255,0,255,255,255,0,255,255,255,0,255,255,255,0,255,255,255,0,255,255,255,0,255,255,255,0,255,255,255,0,255,255,255,0,255,255,255,0,255,255,255,0,255,255,255,0,255,255,255,0,255,255,255,0,255,255,255,0,255,255,255,0,255,255,255,0,255,255,255,0,255,255,255,0,255,255,255,0,255,255,255,0,255,255,255,0,255,255,255,0,255,255,255,0,255,255,255,0,255,255,255,0,255,255,255,0,255,255,255,0,255,255,255,0,255,255,255,0,255,255,255,0,255,255,255,0,255,255,255,0,
255,255,255,0,255,255,255,0,255,255,255,0,255,255,255,0,255,255,255,0,255,255,255,0,255,255,255,0,255,255,255,0,255,255,255,0,255,255,255,0,255,255,255,0,255,255,255,0,255,255,255,0,255,255,255,0,255,255,255,0,255,255,255,0,255,255,255,0,255,255,255,0,255,255,255,0,255,255,255,0,255,255,255,0,255,255,255,0,255,255,255,0,255,255,255,0,255,255,255,0,255,255,255,0,255,255,255,0,255,255,255,0,255,255,255,0,255,255,255,0,255,255,255,0,255,255,255,0,255,255,255,0,255,255,255,0,255,255,255,0,255,255,255,0,255,255,255,0,255,255,255,0,255,255,255,4,62,56,54,247,59,44,36,251,65,44,26,255,74,50,23,255,99,73,44,251,111,74,43,255,134,90,55,255,144,99,61,249,147,97,55,255,118,73,31,255,93,60,25,255,90,60,29,255,94,62,29,255,99,62,29,255,113,74,37,255,133,89,48,255,138,90,49,255,147,92,50,255,155,95,53,255,165,101,58,255,167,103,60,255,166,100,58,255,176,110,65,255,171,105,60,255,173,108,63,255,169,106,60,255,165,106,62,255,151,97,53,255,138,86,43,255,142,89,47,255,141,91,50,255,139,87,48,255,144,92,49,255,133,83,42,255,118,74,33,255,114,73,31,255,116,76,34,255,118,78,39,255,120,77,41,255,110,69,36,255,99,62,29,255,81,52,17,255,60,39,9,255,54,38,9,255,54,38,9,255,52,36,6,255,60,43,12,255,54,38,9,255,53,37,6,255,58,42,12,255,54,39,6,255,52,37,6,255,52,38,9,255,53,41,15,255,38,26,3,255,49,33,6,255,74,49,17,255,97,58,25,255,130,76,41,255,160,98,58,255,169,106,58,255,187,120,68,255,205,131,83,255,202,128,77,255,201,127,76,255,192,122,73,255,169,109,58,255,158,102,53,255,143,89,43,255,133,81,37,255,140,87,47,255,140,87,48,255,142,87,48,255,142,87,48,255,140,85,43,255,139,87,44,255,140,90,49,255,141,93,52,255,142,94,52,255,136,92,55,255,96,58,23,255,83,53,23,255,58,39,9,255,62,43,17,255,84,58,34,255,76,50,26,255,58,36,6,255,58,37,9,255,60,41,9,255,60,43,12,255,61,46,12,253,58,43,9,255,61,46,18,251,55,39,9,255,58,39,12,255,53,36,6,255,55,40,9,255,59,44,21,251,53,37,19,255,79,71,61,249,245,245,244,97,255,255,255,4,255,255,255,0,255,255,255,0,255,255,255,0,255,255,255,0,255,255,255,0,255,255,255,0,255,255,255,0,255,255,255,0,255,255,255,0,255,255,255,0,255,255,255,0,255,255,255,0,255,255,255,0,255,255,255,0,255,255,255,0,255,255,255,0,255,255,255,0,255,255,255,0,255,255,255,0,255,255,255,0,255,255,255,0,255,255,255,0,255,255,255,0,255,255,255,0,255,255,255,0,255,255,255,0,255,255,255,0,255,255,255,0,255,255,255,0,255,255,255,0,255,255,255,0,255,255,255,0,255,255,255,0,255,255,255,0,255,255,255,0,255,255,255,0,255,255,255,0,255,255,255,0,255,255,255,0,255,255,255,0,255,255,255,0,255,255,255,0,255,255,255,0,255,255,255,0,255,255,255,0,255,255,255,0,255,255,255,0,255,255,255,0,255,255,255,0,255,255,255,0,255,255,255,0,255,255,255,0,255,255,255,0,255,255,255,0,
255,255,255,0,255,255,255,0,255,255,255,0,255,255,255,0,255,255,255,0,255,255,255,0,255,255,255,0,255,255,255,0,255,255,255,0,255,255,255,0,255,255,255,0,255,255,255,0,255,255,255,0,255,255,255,0,255,255,255,0,255,255,255,0,255,255,255,0,255,255,255,0,255,255,255,0,255,255,255,0,255,255,255,0,255,255,255,0,255,255,255,0,255,255,255,0,255,255,255,0,255,255,255,0,255,255,255,0,255,255,255,0,255,255,255,0,255,255,255,0,255,255,255,0,255,255,255,0,255,255,255,0,255,255,255,0,255,255,255,0,255,255,255,0,255,255,255,0,255,255,255,0,255,255,255,0,255,255,255,8,50,40,34,255,34,18,6,253,29,12,0,255,60,38,15,255,96,68,39,249,130,93,58,255,120,76,36,255,149,101,58,255,119,76,37,253,92,58,23,255,74,47,12,255,65,38,6,255,78,48,12,255,104,68,32,255,114,72,33,255,119,71,29,255,138,86,41,255,155,96,52,255,167,104,58,255,175,109,65,255,177,109,63,255,187,119,73,255,176,108,62,255,171,104,58,255,169,106,58,255,167,109,62,255,155,98,55,255,141,86,44,255,143,90,48,255,138,87,47,255,139,86,47,255,145,93,50,255,137,87,43,255,115,72,29,255,111,72,31,255,116,76,34,255,115,75,33,255,117,75,36,255,110,69,36,255,99,62,29,255,80,50,19,255,62,40,9,255,55,37,6,255,58,39,9,255,60,42,12,255,68,52,21,255,60,44,15,255,54,38,9,255,52,38,6,255,58,44,12,255,52,38,9,255,48,34,9,255,45,33,9,255,33,17,0,255,52,31,3,255,99,68,32,255,124,80,41,255,162,105,67,255,180,114,74,255,182,115,67,255,191,121,72,255,200,126,74,255,195,121,71,255,194,123,72,255,182,115,65,255,155,96,47,255,147,93,44,255,144,92,47,255,139,87,44,255,140,87,48,255,140,87,48,255,140,87,48,255,140,87,48,255,147,95,53,255,139,87,44,255,142,92,52,255,140,92,50,255,121,75,34,255,124,83,43,255,99,65,31,255,90,62,32,255,63,43,15,255,53,36,9,255,62,36,12,255,69,41,15,255,81,55,29,255,76,55,28,255,60,41,12,255,60,43,12,255,52,36,3,255,54,39,6,255,62,44,18,251,58,40,12,255,73,58,29,253,93,74,48,245,62,47,17,255,60,47,21,255,36,28,23,247,230,229,229,128,255,255,255,1,255,255,255,0,255,255,255,0,255,255,255,0,255,255,255,0,255,255,255,0,255,255,255,0,255,255,255,0,255,255,255,0,255,255,255,0,255,255,255,0,255,255,255,0,255,255,255,0,255,255,255,0,255,255,255,0,255,255,255,0,255,255,255,0,255,255,255,0,255,255,255,0,255,255,255,0,255,255,255,0,255,255,255,0,255,255,255,0,255,255,255,0,255,255,255,0,255,255,255,0,255,255,255,0,255,255,255,0,255,255,255,0,255,255,255,0,255,255,255,0,255,255,255,0,255,255,255,0,255,255,255,0,255,255,255,0,255,255,255,0,255,255,255,0,255,255,255,0,255,255,255,0,255,255,255,0,255,255,255,0,255,255,255,0,255,255,255,0,255,255,255,0,255,255,255,0,255,255,255,0,255,255,255,0,255,255,255,0,255,255,255,0,255,255,255,0,255,255,255,0,255,255,255,0,255,255,255,0,255,255,255,0,255,255,255,0,255,255,255,0,
255,255,255,0,255,255,255,0,255,255,255,0,255,255,255,0,255,255,255,0,255,255,255,0,255,255,255,0,255,255,255,0,255,255,255,0,255,255,255,0,255,255,255,0,255,255,255,0,255,255,255,0,255,255,255,0,255,255,255,0,255,255,255,0,255,255,255,0,255,255,255,0,255,255,255,0,255,255,255,0,255,255,255,0,255,255,255,0,255,255,255,0,255,255,255,0,255,255,255,0,255,255,255,0,255,255,255,0,255,255,255,0,255,255,255,0,255,255,255,0,255,255,255,0,255,255,255,0,255,255,255,0,255,255,255,0,255,255,255,0,255,255,255,0,255,255,255,0,255,255,255,0,255,255,255,0,255,255,255,0,255,255,255,0,101,92,85,249,68,60,53,247,41,33,15,251,71,49,23,255,115,82,53,253,122,81,44,253,144,99,52,255,113,72,26,255,95,65,26,255,69,44,12,255,48,26,0,255,63,39,6,255,91,60,23,255,96,58,19,255,108,67,23,255,131,84,38,255,149,93,47,255,166,103,58,255,177,110,62,255,180,110,62,255,193,123,75,255,184,114,67,255,177,112,62,255,171,108,60,255,165,107,60,255,153,96,53,255,139,84,42,255,140,87,47,255,138,85,45,255,138,85,45,255,146,91,49,255,135,85,42,255,118,75,29,255,117,78,34,255,119,83,37,255,118,78,37,255,113,74,34,255,108,71,36,255,97,62,31,255,78,47,15,255,60,37,6,255,52,33,3,255,53,37,6,255,56,41,12,255,65,48,21,255,62,47,19,255,55,41,12,255,46,34,9,255,53,41,15,255,47,36,12,255,46,31,9,255,44,29,9,255,48,31,9,255,62,36,6,255,113,75,36,255,135,85,42,255,170,108,69,255,188,119,79,255,183,116,68,255,192,121,69,255,202,128,80,255,196,122,74,255,190,118,68,255,178,113,63,255,149,94,43,255,142,90,43,255,146,94,49,255,139,87,44,255,140,87,48,255,140,87,50,255,140,87,48,255,139,87,48,255,139,87,48,255,134,84,43,255,143,90,50,255,139,87,48,255,112,71,26,255,114,78,38,255,92,60,25,255,84,56,23,255,65,42,12,255,54,33,6,255,53,31,3,255,62,39,12,255,80,55,28,255,84,60,34,255,58,38,9,255,56,37,9,255,58,42,12,255,60,43,12,255,64,43,15,253,60,37,9,255,75,55,31,253,76,61,35,253,55,41,15,255,83,73,55,247,228,228,227,131,255,255,255,2,255,255,255,0,255,255,255,0,255,255,255,0,255,255,255,0,255,255,255,0,255,255,255,0,255,255,255,0,255,255,255,0,255,255,255,0,255,255,255,0,255,255,255,0,255,255,255,0,255,255,255,0,255,255,255,0,255,255,255,0,255,255,255,0,255,255,255,0,255,255,255,0,255,255,255,0,255,255,255,0,255,255,255,0,255,255,255,0,255,255,255,0,255,255,255,0,255,255,255,0,255,255,255,0,255,255,255,0,255,255,255,0,255,255,255,0,255,255,255,0,255,255,255,0,255,255,255,0,255,255,255,0,255,255,255,0,255,255,255,0,255,255,255,0,255,255,255,0,255,255,255,0,255,255,255,0,255,255,255,0,255,255,255,0,255,255,255,0,255,255,255,0,255,255,255,0,255,255,255,0,255,255,255,0,255,255,255,0,255,255,255,0,255,255,255,0,255,255,255,0,255,255,255,0,255,255,255,0,255,255,255,0,255,255,255,0,255,255,255,0,255,255,255,0,
255,255,255,0,255,255,255,0,255,255,255,0,255,255,255,0,255,255,255,0,255,255,255,0,255,255,255,0,255,255,255,0,255,255,255,0,255,255,255,0,255,255,255,0,255,255,255,0,255,255,255,0,255,255,255,0,255,255,255,0,255,255,255,0,255,255,255,0,255,255,255,0,255,255,255,0,255,255,255,0,255,255,255,0,255,255,255,0,255,255,255,0,255,255,255,0,255,255,255,0,255,255,255,0,255,255,255,0,255,255,255,0,255,255,255,0,255,255,255,0,255,255,255,0,255,255,255,0,255,255,255,0,255,255,255,0,255,255,255,0,255,255,255,0,255,255,255,0,255,255,255,0,255,255,255,0,255,255,255,0,255,255,255,0,255,255,255,0,87,80,76,243,12,6,6,253,34,19,0,255,116,87,61,253,120,83,47,253,145,101,58,255,120,82,37,255,92,60,25,255,81,56,23,255,65,47,12,255,73,49,17,255,79,52,19,255,94,63,26,255,120,83,42,255,133,90,44,255,139,89,44,255,163,104,58,255,185,118,69,255,197,125,76,255,216,142,92,255,203,131,82,255,191,124,75,255,176,113,65,255,165,105,58,255,152,95,50,255,137,83,39,255,139,87,44,255,144,91,52,255,142,89,49,255,145,93,50,255,134,84,41,255,125,80,36,255,128,84,40,255,130,89,46,255,126,84,43,255,112,73,33,255,108,71,36,255,97,62,31,255,74,47,15,255,58,38,9,255,55,39,12,255,60,43,12,255,52,37,9,255,46,31,3,255,49,36,9,255,49,36,9,255,40,28,3,255,45,33,9,255,43,31,9,255,44,31,12,255,52,33,12,255,77,56,31,255,90,58,25,255,133,87,46,255,155,99,53,255,180,114,73,255,191,123,80,255,185,115,68,255,187,118,68,255,193,121,73,255,191,119,73,255,185,115,68,255,172,109,62,255,155,99,52,255,143,91,44,255,145,93,48,255,140,87,47,255,140,87,48,255,140,87,48,255,140,87,48,255,139,87,48,255,140,92,50,255,143,95,53,255,142,92,52,255,134,85,47,255,120,82,39,255,112,80,38,255,73,44,6,255,65,39,9,255,60,37,6,255,60,39,12,255,73,52,25,255,71,49,21,255,60,37,9,255,62,41,12,255,54,33,6,255,58,38,12,255,59,43,15,253,56,40,12,255,61,43,12,253,60,39,12,255,65,44,21,255,67,47,26,255,59,50,28,247,181,178,171,188,255,255,255,4,255,255,255,0,255,255,255,0,255,255,255,0,255,255,255,0,255,255,255,0,255,255,255,0,255,255,255,0,255,255,255,0,255,255,255,0,255,255,255,0,255,255,255,0,255,255,255,0,255,255,255,0,255,255,255,0,255,255,255,0,255,255,255,0,255,255,255,0,255,255,255,0,255,255,255,0,255,255,255,0,255,255,255,0,255,255,255,0,255,255,255,0,255,255,255,0,255,255,255,0,255,255,255,0,255,255,255,0,255,255,255,0,255,255,255,0,255,255,255,0,255,255,255,0,255,255,255,0,255,255,255,0,255,255,255,0,255,255,255,0,255,255,255,0,255,255,255,0,255,255,255,0,255,255,255,0,255,255,255,0,255,255,255,0,255,255,255,0,255,255,255,0,255,255,255,0,255,255,255,0,255,255,255,0,255,255,255,0,255,255,255,0,255,255,255,0,255,255,255,0,255,255,255,0,255,255,255,0,255,255,255,0,255,255,255,0,255,255,255,0,255,255,255,0,255,255,255,0,
255,255,255,0,255,255,255,0,255,255,255,0,255,255,255,0,255,255,255,0,255,255,255,0,255,255,255,0,255,255,255,0,255,255,255,0,255,255,255,0,255,255,255,0,255,255,255,0,255,255,255,0,255,255,255,0,255,255,255,0,255,255,255,0,255,255,255,0,255,255,255,0,255,255,255,0,255,255,255,0,255,255,255,0,255,255,255,0,255,255,255,0,255,255,255,0,255,255,255,0,255,255,255,0,255,255,255,0,255,255,255,0,255,255,255,0,255,255,255,0,255,255,255,0,255,255,255,0,255,255,255,0,255,255,255,0,255,255,255,0,255,255,255,0,255,255,255,0,255,255,255,0,255,255,255,0,255,255,255,0,255,255,255,0,255,255,255,0,255,255,255,4,124,117,112,222,49,34,15,255,84,58,31,255,105,72,39,255,146,102,68,253,112,72,37,255,89,60,23,255,79,56,21,255,68,44,15,255,68,44,17,255,60,37,6,255,84,56,23,255,112,78,42,255,121,84,41,255,121,77,33,255,156,102,55,255,188,118,71,255,202,126,76,255,226,148,95,255,212,136,84,255,205,132,89,255,183,115,72,255,167,104,58,255,157,98,53,255,145,88,45,255,139,84,42,255,143,88,49,255,140,87,48,255,139,86,47,255,137,86,45,255,134,84,41,255,137,87,43,255,141,91,50,255,136,90,50,255,120,77,39,255,112,74,36,255,92,58,23,255,82,55,23,255,60,42,15,255,49,36,9,255,60,41,15,255,52,32,6,255,42,25,3,255,45,28,6,255,47,31,9,255,47,31,9,255,44,29,9,255,39,26,6,255,38,25,6,255,55,39,15,255,104,74,43,255,115,73,34,255,157,103,60,255,171,105,60,255,185,117,74,255,185,114,72,255,183,116,68,255,185,118,69,255,180,112,63,255,182,115,67,255,171,106,58,255,165,105,58,255,155,99,53,255,145,93,48,255,142,89,47,255,142,89,47,255,139,84,42,255,142,87,47,255,140,87,47,255,135,85,42,255,138,92,50,255,135,92,49,255,133,87,47,255,131,87,48,255,111,74,33,255,106,74,34,255,55,28,0,255,53,32,3,255,48,29,3,255,56,37,12,255,80,58,34,255,76,55,28,255,53,36,6,255,52,36,6,255,52,37,6,255,53,37,6,255,54,38,12,255,59,44,21,251,55,39,9,255,61,45,24,251,47,32,12,255,41,31,12,255,61,56,36,247,254,254,254,49,255,255,255,0,255,255,255,0,255,255,255,0,255,255,255,0,255,255,255,0,255,255,255,0,255,255,255,0,255,255,255,0,255,255,255,0,255,255,255,0,255,255,255,0,255,255,255,0,255,255,255,0,255,255,255,0,255,255,255,0,255,255,255,0,255,255,255,0,255,255,255,0,255,255,255,0,255,255,255,0,255,255,255,0,255,255,255,0,255,255,255,0,255,255,255,0,255,255,255,0,255,255,255,0,255,255,255,0,255,255,255,0,255,255,255,0,255,255,255,0,255,255,255,0,255,255,255,0,255,255,255,0,255,255,255,0,255,255,255,0,255,255,255,0,255,255,255,0,255,255,255,0,255,255,255,0,255,255,255,0,255,255,255,0,255,255,255,0,255,255,255,0,255,255,255,0,255,255,255,0,255,255,255,0,255,255,255,0,255,255,255,0,255,255,255,0,255,255,255,0,255,255,255,0,255,255,255,0,255,255,255,0,255,255,255,0,255,255,255,0,255,255,255,0,255,255,255,0,255,255,255,0,
255,255,255,0,255,255,255,0,255,255,255,0,255,255,255,0,255,255,255,0,255,255,255,0,255,255,255,0,255,255,255,0,255,255,255,0,255,255,255,0,255,255,255,0,255,255,255,0,255,255,255,0,255,255,255,0,255,255,255,0,255,255,255,0,255,255,255,0,255,255,255,0,255,255,255,0,255,255,255,0,255,255,255,0,255,255,255,0,255,255,255,0,255,255,255,0,255,255,255,0,255,255,255,0,255,255,255,0,255,255,255,0,255,255,255,0,255,255,255,0,255,255,255,0,255,255,255,0,255,255,255,0,255,255,255,0,255,255,255,0,255,255,255,0,255,255,255,0,255,255,255,0,255,255,255,0,255,255,255,0,255,255,255,0,255,255,255,0,255,255,255,0,255,255,255,16,122,113,100,253,45,31,18,249,72,47,19,255,96,62,33,255,100,68,36,249,77,53,19,255,62,41,9,255,50,29,3,255,52,32,9,255,49,33,9,255,60,41,15,255,71,43,12,255,89,55,17,255,110,68,26,255,143,91,47,255,178,111,65,255,187,111,63,255,208,127,76,255,199,121,69,255,201,126,83,255,185,114,72,255,172,106,62,255,157,96,50,255,151,94,48,255,143,88,47,255,142,87,48,255,142,89,49,255,141,91,50,255,142,92,52,255,142,89,47,255,143,88,49,255,143,90,52,255,135,87,47,255,117,75,36,255,110,72,34,255,93,60,25,255,77,52,21,255,44,31,3,255,40,28,6,255,60,40,17,255,63,44,21,255,53,37,12,255,53,37,15,255,47,29,12,255,46,31,12,255,46,33,15,255,45,32,12,255,40,26,9,255,58,37,12,255,106,69,33,255,121,73,29,255,171,110,67,255,173,108,63,255,174,106,62,255,181,113,69,255,185,118,72,255,184,118,72,255,173,108,62,255,172,109,62,255,158,100,52,255,158,101,55,255,144,90,47,255,142,89,47,255,140,87,47,255,142,89,47,255,143,88,47,255,143,88,47,255,142,89,47,255,136,87,44,255,116,75,31,255,116,76,34,255,121,79,40,255,120,81,43,255,99,63,23,255,93,63,29,255,60,37,9,255,58,41,19,255,46,29,9,255,53,37,15,255,68,47,23,255,69,47,21,255,74,56,28,255,74,58,26,255,56,41,9,255,54,38,9,255,74,55,26,255,67,48,19,255,56,42,15,255,43,31,6,255,19,9,0,255,31,27,18,249,195,195,192,165,255,255,255,4,255,255,255,0,255,255,255,0,255,255,255,0,255,255,255,0,255,255,255,0,255,255,255,0,255,255,255,0,255,255,255,0,255,255,255,0,255,255,255,0,255,255,255,0,255,255,255,0,255,255,255,0,255,255,255,0,255,255,255,0,255,255,255,0,255,255,255,0,255,255,255,0,255,255,255,0,255,255,255,0,255,255,255,0,255,255,255,0,255,255,255,0,255,255,255,0,255,255,255,0,255,255,255,0,255,255,255,0,255,255,255,0,255,255,255,0,255,255,255,0,255,255,255,0,255,255,255,0,255,255,255,0,255,255,255,0,255,255,255,0,255,255,255,0,255,255,255,0,255,255,255,0,255,255,255,0,255,255,255,0,255,255,255,0,255,255,255,0,255,255,255,0,255,255,255,0,255,255,255,0,255,255,255,0,255,255,255,0,255,255,255,0,255,255,255,0,255,255,255,0,255,255,255,0,255,255,255,0,255,255,255,0,255,255,255,0,255,255,255,0,255,255,255,0,255,255,255,0,255,255,255,0,
255,255,255,0,255,255,255,0,255,255,255,0,255,255,255,0,255,255,255,0,255,255,255,0,255,255,255,0,255,255,255,0,255,255,255,0,255,255,255,0,255,255,255,0,255,255,255,0,255,255,255,0,255,255,255,0,255,255,255,0,255,255,255,0,255,255,255,0,255,255,255,0,255,255,255,0,255,255,255,0,255,255,255,0,255,255,255,0,255,255,255,0,255,255,255,0,255,255,255,0,255,255,255,0,255,255,255,0,255,255,255,0,255,255,255,0,255,255,255,0,255,255,255,0,255,255,255,0,255,255,255,0,255,255,255,0,255,255,255,0,255,255,255,0,255,255,255,0,255,255,255,0,255,255,255,0,255,255,255,0,255,255,255,0,255,255,255,0,255,255,255,0,255,255,255,0,228,228,227,154,17,9,0,255,66,58,38,253,75,52,28,255,74,50,23,255,62,47,17,255,49,36,6,255,46,29,6,255,47,31,12,255,34,26,12,255,41,29,17,255,44,25,6,255,90,60,33,255,110,68,31,255,139,87,44,255,164,100,55,255,179,109,63,255,205,128,81,255,198,121,74,255,203,126,82,255,189,116,72,255,183,117,71,255,163,102,56,255,155,99,53,255,149,94,53,255,137,84,44,255,138,85,45,255,138,87,47,255,139,87,48,255,143,90,48,255,142,89,49,255,140,87,50,255,133,84,46,255,116,75,36,255,107,72,33,255,96,62,29,255,74,48,19,255,32,21,0,255,40,31,9,255,60,42,19,255,58,37,17,255,52,34,12,255,50,36,15,255,46,36,19,255,52,42,29,255,37,28,15,255,41,32,17,255,40,28,6,255,62,37,9,255,124,83,43,255,139,84,40,255,176,117,73,255,178,114,69,255,172,108,65,255,181,118,73,255,187,122,77,255,184,118,74,255,164,103,58,255,163,104,58,255,148,94,46,255,151,99,52,255,139,87,44,255,140,87,48,255,142,89,49,255,140,87,48,255,142,89,49,255,142,89,49,255,143,90,50,255,140,94,55,255,111,72,31,255,106,71,29,255,115,78,38,255,114,76,40,255,93,60,26,255,85,58,31,255,55,38,19,255,52,39,23,255,38,25,9,255,46,31,15,255,65,42,23,255,73,47,23,255,79,55,23,255,77,58,25,255,58,40,12,255,52,34,6,255,84,65,35,253,75,55,25,255,65,50,25,255,47,38,21,255,3,0,0,255,51,44,44,239,255,255,255,12,255,255,255,0,255,255,255,0,255,255,255,0,255,255,255,0,255,255,255,0,255,255,255,0,255,255,255,0,255,255,255,0,255,255,255,0,255,255,255,0,255,255,255,0,255,255,255,0,255,255,255,0,255,255,255,0,255,255,255,0,255,255,255,0,255,255,255,0,255,255,255,0,255,255,255,0,255,255,255,0,255,255,255,0,255,255,255,0,255,255,255,0,255,255,255,0,255,255,255,0,255,255,255,0,255,255,255,0,255,255,255,0,255,255,255,0,255,255,255,0,255,255,255,0,255,255,255,0,255,255,255,0,255,255,255,0,255,255,255,0,255,255,255,0,255,255,255,0,255,255,255,0,255,255,255,0,255,255,255,0,255,255,255,0,255,255,255,0,255,255,255,0,255,255,255,0,255,255,255,0,255,255,255,0,255,255,255,0,255,255,255,0,255,255,255,0,255,255,255,0,255,255,255,0,255,255,255,0,255,255,255,0,255,255,255,0,255,255,255,0,255,255,255,0,255,255,255,0,255,255,255,0,255,255,255,0,
255,255,255,0,255,255,255,0,255,255,255,0,255,255,255,0,255,255,255,0,255,255,255,0,255,255,255,0,255,255,255,0,255,255,255,0,255,255,255,0,255,255,255,0,255,255,255,0,255,255,255,0,255,255,255,0,255,255,255,0,255,255,255,0,255,255,255,0,255,255,255,0,255,255,255,0,255,255,255,0,255,255,255,0,255,255,255,0,255,255,255,0,255,255,255,0,255,255,255,0,255,255,255,0,255,255,255,0,255,255,255,0,255,255,255,0,255,255,255,0,255,255,255,0,255,255,255,0,255,255,255,0,255,255,255,0,255,255,255,0,255,255,255,0,255,255,255,0,255,255,255,0,255,255,255,0,255,255,255,0,255,255,255,0,255,255,255,0,255,255,255,0,255,255,255,0,255,255,255,33,43,44,39,251,52,47,36,255,65,50,31,249,64,53,28,247,54,43,17,255,47,37,12,255,44,31,12,255,29,17,6,255,6,3,0,255,12,6,3,255,12,0,0,255,72,45,23,255,132,90,56,255,150,97,55,255,142,88,44,255,163,102,58,255,196,126,82,255,198,121,75,255,206,129,84,255,195,120,75,255,187,119,71,255,167,104,56,255,150,91,47,255,147,90,47,255,144,90,48,255,142,89,49,255,139,87,48,255,138,87,47,255,140,87,47,255,140,87,47,255,140,87,48,255,134,85,47,255,117,75,34,255,108,73,34,255,99,65,33,255,74,49,23,255,39,29,6,255,41,32,15,255,48,33,12,255,47,31,9,255,50,37,9,255,33,23,0,255,12,3,0,255,3,0,0,255,3,0,0,255,21,12,3,255,34,21,3,255,67,41,12,255,142,98,62,255,143,88,47,255,150,91,48,255,148,89,44,255,142,83,38,255,151,92,47,255,161,100,55,255,163,102,58,255,151,92,47,255,152,95,50,255,138,87,40,255,140,92,47,255,140,90,47,255,142,92,52,255,143,90,50,255,139,86,47,255,141,91,50,255,133,84,46,255,125,79,41,255,122,80,43,255,102,67,31,255,92,60,21,255,98,65,28,255,88,56,23,255,71,43,15,255,62,39,19,255,21,6,0,255,15,6,0,255,3,0,0,255,19,6,0,255,62,46,28,255,82,60,37,255,67,43,12,255,68,48,17,255,62,46,21,255,53,37,12,255,62,44,12,255,65,47,18,253,64,51,31,249,35,29,15,253,12,9,6,253,254,254,254,47,255,255,255,0,255,255,255,0,255,255,255,0,255,255,255,0,255,255,255,0,255,255,255,0,255,255,255,0,255,255,255,0,255,255,255,0,255,255,255,0,255,255,255,0,255,255,255,0,255,255,255,0,255,255,255,0,255,255,255,0,255,255,255,0,255,255,255,0,255,255,255,0,255,255,255,0,255,255,255,0,255,255,255,0,255,255,255,0,255,255,255,0,255,255,255,0,255,255,255,0,255,255,255,0,255,255,255,0,255,255,255,0,255,255,255,0,255,255,255,0,255,255,255,0,255,255,255,0,255,255,255,0,255,255,255,0,255,255,255,0,255,255,255,0,255,255,255,0,255,255,255,0,255,255,255,0,255,255,255,0,255,255,255,0,255,255,255,0,255,255,255,0,255,255,255,0,255,255,255,0,255,255,255,0,255,255,255,0,255,255,255,0,255,255,255,0,255,255,255,0,255,255,255,0,255,255,255,0,255,255,255,0,255,255,255,0,255,255,255,0,255,255,255,0,255,255,255,0,255,255,255,0,255,255,255,0,255,255,255,0,
255,255,255,0,255,255,255,0,255,255,255,0,255,255,255,0,255,255,255,0,255,255,255,0,255,255,255,0,255,255,255,0,255,255,255,0,255,255,255,0,255,255,255,0,255,255,255,0,255,255,255,0,255,255,255,0,255,255,255,0,255,255,255,0,255,255,255,0,255,255,255,0,255,255,255,0,255,255,255,0,255,255,255,0,255,255,255,0,255,255,255,0,255,255,255,0,255,255,255,0,255,255,255,0,255,255,255,0,255,255,255,0,255,255,255,0,255,255,255,0,255,255,255,0,255,255,255,0,255,255,255,0,255,255,255,0,255,255,255,0,255,255,255,0,255,255,255,0,255,255,255,0,255,255,255,0,255,255,255,0,255,255,255,0,255,255,255,0,255,255,255,0,255,255,255,0,255,255,255,18,39,45,45,253,42,43,36,255,44,33,15,255,48,33,9,255,38,28,3,255,45,36,12,255,42,32,12,255,29,21,9,255,0,0,0,255,9,6,6,255,9,0,0,255,67,41,25,255,134,91,60,255,148,100,58,255,129,83,43,255,153,101,58,255,193,127,84,255,191,117,71,255,202,127,82,255,191,117,71,255,189,120,73,255,176,111,62,255,151,87,42,255,150,91,47,255,143,88,47,255,138,86,43,255,140,90,49,255,137,86,45,255,139,87,44,255,139,87,44,255,139,89,47,255,133,85,43,255,115,75,33,255,103,68,29,255,100,68,37,255,71,44,21,255,50,37,17,255,39,28,9,255,49,32,15,255,45,28,6,255,43,31,3,255,26,19,0,255,3,0,0,255,3,0,0,255,0,0,0,255,12,6,0,255,40,26,9,255,73,47,23,255,142,99,68,255,143,90,52,255,140,83,44,255,144,86,47,255,139,87,42,255,139,87,42,255,149,95,50,255,154,97,55,255,152,95,52,255,153,98,55,255,143,91,47,255,139,89,44,255,137,90,44,255,138,87,44,255,141,91,48,255,140,90,47,255,138,92,50,255,131,90,50,255,112,72,37,255,108,72,40,255,96,62,31,255,90,58,29,255,95,65,36,255,86,60,32,255,56,37,15,255,49,36,21,255,3,0,0,255,0,0,0,255,0,0,0,255,15,9,6,255,54,44,31,255,73,60,41,255,67,50,23,255,67,52,26,255,56,47,26,255,50,42,23,255,65,54,35,253,45,34,17,255,26,17,3,255,56,51,42,243,236,235,235,117,255,255,255,0,255,255,255,0,255,255,255,0,255,255,255,0,255,255,255,0,255,255,255,0,255,255,255,0,255,255,255,0,255,255,255,0,255,255,255,0,255,255,255,0,255,255,255,0,255,255,255,0,255,255,255,0,255,255,255,0,255,255,255,0,255,255,255,0,255,255,255,0,255,255,255,0,255,255,255,0,255,255,255,0,255,255,255,0,255,255,255,0,255,255,255,0,255,255,255,0,255,255,255,0,255,255,255,0,255,255,255,0,255,255,255,0,255,255,255,0,255,255,255,0,255,255,255,0,255,255,255,0,255,255,255,0,255,255,255,0,255,255,255,0,255,255,255,0,255,255,255,0,255,255,255,0,255,255,255,0,255,255,255,0,255,255,255,0,255,255,255,0,255,255,255,0,255,255,255,0,255,255,255,0,255,255,255,0,255,255,255,0,255,255,255,0,255,255,255,0,255,255,255,0,255,255,255,0,255,255,255,0,255,255,255,0,255,255,255,0,255,255,255,0,255,255,255,0,255,255,255,0,255,255,255,0,255,255,255,0,255,255,255,0,
255,255,255,0,255,255,255,0,255,255,255,0,255,255,255,0,255,255,255,0,255,255,255,0,255,255,255,0,255,255,255,0,255,255,255,0,255,255,255,0,255,255,255,0,255,255,255,0,255,255,255,0,255,255,255,0,255,255,255,0,255,255,255,0,255,255,255,0,255,255,255,0,255,255,255,0,255,255,255,0,255,255,255,0,255,255,255,0,255,255,255,0,255,255,255,0,255,255,255,0,255,255,255,0,255,255,255,0,255,255,255,0,255,255,255,0,255,255,255,0,255,255,255,0,255,255,255,0,255,255,255,0,255,255,255,0,255,255,255,0,255,255,255,0,255,255,255,0,255,255,255,0,255,255,255,0,255,255,255,0,255,255,255,0,255,255,255,0,255,255,255,0,255,255,255,0,255,255,255,19,32,43,44,255,45,51,44,255,34,26,9,255,46,31,9,253,38,26,3,255,43,31,6,255,39,26,6,255,26,17,3,255,6,0,0,255,6,0,0,255,9,0,0,255,69,47,29,255,149,111,77,255,131,87,47,255,85,45,6,255,122,76,36,255,170,109,65,255,177,106,62,255,189,116,69,255,196,123,77,255,207,135,87,255,191,121,74,255,167,99,53,255,157,96,52,255,139,82,39,255,137,85,42,255,145,92,52,255,139,86,47,255,142,89,47,255,142,89,47,255,141,91,48,255,133,87,43,255,115,75,31,255,103,69,31,255,100,68,37,255,68,43,21,255,15,3,0,255,21,12,0,255,49,36,19,255,52,39,21,255,45,36,12,255,40,36,12,255,37,36,19,255,23,21,9,255,6,6,0,255,9,6,0,255,38,26,9,255,58,34,9,255,105,67,36,255,119,68,36,255,138,85,49,255,142,87,48,255,139,89,47,255,137,87,41,255,140,87,47,255,144,89,50,255,143,88,49,255,146,91,49,255,142,90,45,255,140,90,45,255,138,91,45,255,136,87,44,255,140,90,47,255,133,85,43,255,112,69,31,255,104,68,32,255,79,47,15,255,75,44,17,255,82,52,25,255,74,45,17,255,74,52,25,255,55,38,17,255,17,3,0,255,17,9,3,255,0,0,0,255,0,0,0,255,0,0,0,255,0,0,0,255,9,3,0,255,21,12,0,255,45,33,9,255,46,34,12,255,15,6,0,255,12,3,0,255,24,15,12,251,38,31,21,255,227,226,222,173,247,247,246,105,255,255,255,12,255,255,255,0,255,255,255,0,255,255,255,0,255,255,255,0,255,255,255,0,255,255,255,0,255,255,255,0,255,255,255,0,255,255,255,0,255,255,255,0,255,255,255,0,255,255,255,0,255,255,255,0,255,255,255,0,255,255,255,0,255,255,255,0,255,255,255,0,255,255,255,0,255,255,255,0,255,255,255,0,255,255,255,0,255,255,255,0,255,255,255,0,255,255,255,0,255,255,255,0,255,255,255,0,255,255,255,0,255,255,255,0,255,255,255,0,255,255,255,0,255,255,255,0,255,255,255,0,255,255,255,0,255,255,255,0,255,255,255,0,255,255,255,0,255,255,255,0,255,255,255,0,255,255,255,0,255,255,255,0,255,255,255,0,255,255,255,0,255,255,255,0,255,255,255,0,255,255,255,0,255,255,255,0,255,255,255,0,255,255,255,0,255,255,255,0,255,255,255,0,255,255,255,0,255,255,255,0,255,255,255,0,255,255,255,0,255,255,255,0,255,255,255,0,255,255,255,0,255,255,255,0,255,255,255,0,255,255,255,0,255,255,255,0,
255,255,255,0,255,255,255,0,255,255,255,0,255,255,255,0,255,255,255,0,255,255,255,0,255,255,255,0,255,255,255,0,255,255,255,0,255,255,255,0,255,255,255,0,255,255,255,0,255,255,255,0,255,255,255,0,255,255,255,0,255,255,255,0,255,255,255,0,255,255,255,0,255,255,255,0,255,255,255,0,255,255,255,0,255,255,255,0,255,255,255,0,255,255,255,0,255,255,255,0,255,255,255,0,255,255,255,0,255,255,255,0,255,255,255,0,255,255,255,0,255,255,255,0,255,255,255,0,255,255,255,0,255,255,255,0,255,255,255,0,255,255,255,0,255,255,255,0,255,255,255,0,255,255,255,0,255,255,255,0,255,255,255,0,255,255,255,0,255,255,255,0,255,255,255,0,255,255,255,20,35,50,45,249,46,58,47,253,40,31,12,255,49,33,9,255,52,37,9,255,52,37,9,255,46,31,6,255,37,25,6,255,9,0,0,255,12,3,0,255,17,3,0,255,69,47,26,255,139,105,73,255,113,75,36,255,86,48,6,255,108,67,25,255,146,94,49,255,162,101,55,255,178,111,65,255,191,119,73,255,205,131,83,255,198,124,75,255,180,110,65,255,165,99,58,255,138,81,38,255,139,84,42,255,142,87,48,255,144,89,50,255,142,89,47,255,140,90,47,255,141,92,47,255,133,87,43,255,116,76,32,255,105,73,33,255,100,69,40,255,62,40,19,255,6,0,0,255,12,6,0,255,36,28,19,255,37,31,15,255,36,32,17,255,43,39,23,255,48,43,31,255,23,19,9,255,3,0,0,255,9,6,0,255,40,29,12,255,56,37,12,255,84,56,23,255,98,60,23,255,146,95,60,255,147,91,52,255,142,89,47,255,142,89,47,255,138,85,45,255,140,87,50,255,139,86,48,255,138,85,45,255,139,89,47,255,140,90,45,255,135,87,43,255,135,87,46,255,147,97,56,255,135,87,50,255,89,53,19,255,82,55,23,255,52,31,9,255,52,32,9,255,69,47,17,255,62,41,9,255,53,38,12,255,38,31,12,255,3,0,0,255,3,0,0,255,9,6,0,255,9,6,0,255,6,0,0,255,6,3,0,255,3,0,0,255,12,3,0,255,44,31,9,255,43,31,9,255,9,0,0,255,9,0,0,255,3,0,0,255,29,25,19,255,205,200,200,211,251,251,251,88,255,255,255,5,255,255,255,0,255,255,255,0,255,255,255,0,255,255,255,0,255,255,255,0,255,255,255,0,255,255,255,0,255,255,255,0,255,255,255,0,255,255,255,0,255,255,255,0,255,255,255,0,255,255,255,0,255,255,255,0,255,255,255,0,255,255,255,0,255,255,255,0,255,255,255,0,255,255,255,0,255,255,255,0,255,255,255,0,255,255,255,0,255,255,255,0,255,255,255,0,255,255,255,0,255,255,255,0,255,255,255,0,255,255,255,0,255,255,255,0,255,255,255,0,255,255,255,0,255,255,255,0,255,255,255,0,255,255,255,0,255,255,255,0,255,255,255,0,255,255,255,0,255,255,255,0,255,255,255,0,255,255,255,0,255,255,255,0,255,255,255,0,255,255,255,0,255,255,255,0,255,255,255,0,255,255,255,0,255,255,255,0,255,255,255,0,255,255,255,0,255,255,255,0,255,255,255,0,255,255,255,0,255,255,255,0,255,255,255,0,255,255,255,0,255,255,255,0,255,255,255,0,255,255,255,0,255,255,255,0,255,255,255,0,255,255,255,0,
255,255,255,0,255,255,255,0,255,255,255,0,255,255,255,0,255,255,255,0,255,255,255,0,255,255,255,0,255,255,255,0,255,255,255,0,255,255,255,0,255,255,255,0,255,255,255,0,255,255,255,0,255,255,255,0,255,255,255,0,255,255,255,0,255,255,255,0,255,255,255,0,255,255,255,0,255,255,255,0,255,255,255,0,255,255,255,0,255,255,255,0,255,255,255,0,255,255,255,0,255,255,255,0,255,255,255,0,255,255,255,0,255,255,255,0,255,255,255,0,255,255,255,0,255,255,255,0,255,255,255,0,255,255,255,0,255,255,255,0,255,255,255,0,255,255,255,0,255,255,255,0,255,255,255,0,255,255,255,0,255,255,255,0,255,255,255,0,255,255,255,0,255,255,255,0,255,255,255,47,0,6,0,255,28,32,17,255,56,44,18,253,66,48,21,253,74,49,17,255,69,47,15,255,60,42,12,255,53,37,12,255,33,17,0,255,41,25,12,255,34,17,0,255,60,38,15,255,69,42,9,255,104,71,33,255,132,93,53,255,131,87,47,255,123,75,34,255,149,95,50,255,172,112,63,255,184,117,68,255,194,123,74,255,198,124,77,255,198,125,82,255,185,117,74,255,165,104,60,255,158,101,58,255,136,81,40,255,144,90,48,255,139,87,44,255,138,87,44,255,139,89,47,255,133,85,43,255,116,76,34,255,106,74,36,255,98,71,40,255,58,39,17,255,12,6,0,255,0,0,0,255,15,9,6,255,12,9,3,255,17,12,6,255,9,6,0,255,12,9,3,255,12,9,3,255,3,0,0,255,17,12,6,255,38,31,12,255,55,41,15,255,83,60,29,255,89,53,17,255,142,93,56,255,139,86,47,255,139,89,47,255,142,92,49,255,143,90,50,255,143,90,50,255,137,86,47,255,132,81,41,255,138,87,44,255,140,90,47,255,142,94,52,255,140,91,52,255,150,102,62,255,130,87,52,255,73,43,12,255,62,39,17,255,19,6,0,255,17,3,0,255,67,50,23,255,54,40,12,255,26,17,0,255,12,6,0,255,0,0,0,255,6,0,0,255,34,26,15,255,40,31,15,255,33,23,12,255,33,23,12,255,34,25,12,255,40,29,12,255,49,37,15,255,50,36,15,255,26,15,0,255,29,21,9,255,3,0,0,255,21,18,12,251,49,44,46,251,178,176,176,193,255,255,255,14,255,255,255,0,255,255,255,0,255,255,255,0,255,255,255,0,255,255,255,0,255,255,255,0,255,255,255,0,255,255,255,0,255,255,255,0,255,255,255,0,255,255,255,0,255,255,255,0,255,255,255,0,255,255,255,0,255,255,255,0,255,255,255,0,255,255,255,0,255,255,255,0,255,255,255,0,255,255,255,0,255,255,255,0,255,255,255,0,255,255,255,0,255,255,255,0,255,255,255,0,255,255,255,0,255,255,255,0,255,255,255,0,255,255,255,0,255,255,255,0,255,255,255,0,255,255,255,0,255,255,255,0,255,255,255,0,255,255,255,0,255,255,255,0,255,255,255,0,255,255,255,0,255,255,255,0,255,255,255,0,255,255,255,0,255,255,255,0,255,255,255,0,255,255,255,0,255,255,255,0,255,255,255,0,255,255,255,0,255,255,255,0,255,255,255,0,255,255,255,0,255,255,255,0,255,255,255,0,255,255,255,0,255,255,255,0,255,255,255,0,255,255,255,0,255,255,255,0,255,255,255,0,255,255,255,0,255,255,255,0,255,255,255,0,
255,255,255,0,255,255,255,0,255,255,255,0,255,255,255,0,255,255,255,0,255,255,255,0,255,255,255,0,255,255,255,0,255,255,255,0,255,255,255,0,255,255,255,0,255,255,255,0,255,255,255,0,255,255,255,0,255,255,255,0,255,255,255,0,255,255,255,0,255,255,255,0,255,255,255,0,255,255,255,0,255,255,255,0,255,255,255,0,255,255,255,0,255,255,255,0,255,255,255,0,255,255,255,0,255,255,255,0,255,255,255,0,255,255,255,0,255,255,255,0,255,255,255,0,255,255,255,0,255,255,255,0,255,255,255,0,255,255,255,0,255,255,255,0,255,255,255,0,255,255,255,0,255,255,255,0,255,255,255,0,255,255,255,0,255,255,255,0,255,255,255,0,255,255,255,7,189,182,182,249,6,0,0,255,46,34,12,253,85,58,33,255,102,71,39,249,100,67,34,255,95,63,31,255,86,60,26,255,79,55,26,255,62,41,15,255,65,44,21,255,68,47,23,255,58,37,12,255,28,6,0,255,89,60,26,255,159,113,75,255,139,87,50,255,103,58,19,255,131,87,47,255,154,100,53,255,170,110,62,255,176,108,62,255,196,123,79,255,212,140,93,255,200,128,82,255,182,114,68,255,170,109,65,255,140,85,41,255,138,87,44,255,137,87,43,255,140,90,49,255,140,87,50,255,138,90,53,255,114,69,36,255,106,69,38,255,96,72,38,255,53,38,12,255,12,6,3,255,0,0,0,255,3,0,0,255,3,0,0,255,0,0,0,255,0,0,0,255,0,0,0,255,0,0,0,255,0,0,0,255,12,9,6,255,29,25,12,255,42,29,9,255,77,52,23,255,93,58,21,255,140,91,52,255,142,89,47,255,132,87,44,255,138,90,49,255,141,86,44,255,142,87,47,255,138,85,45,255,146,95,55,255,137,87,43,255,138,87,44,255,136,87,48,255,137,87,52,255,139,93,53,255,115,77,42,255,51,26,0,255,46,31,9,255,12,3,0,255,6,0,0,255,56,43,21,255,46,33,17,255,9,0,0,255,3,0,0,255,0,0,0,255,6,0,0,255,60,48,26,255,65,52,21,255,67,48,19,255,67,48,21,255,63,47,21,255,63,47,23,255,56,40,12,255,58,46,17,255,52,40,15,255,52,41,17,255,23,17,0,255,18,15,12,251,15,12,12,251,53,52,53,241,255,255,255,8,255,255,255,0,255,255,255,0,255,255,255,0,255,255,255,0,255,255,255,0,255,255,255,0,255,255,255,0,255,255,255,0,255,255,255,0,255,255,255,0,255,255,255,0,255,255,255,0,255,255,255,0,255,255,255,0,255,255,255,0,255,255,255,0,255,255,255,0,255,255,255,0,255,255,255,0,255,255,255,0,255,255,255,0,255,255,255,0,255,255,255,0,255,255,255,0,255,255,255,0,255,255,255,0,255,255,255,0,255,255,255,0,255,255,255,0,255,255,255,0,255,255,255,0,255,255,255,0,255,255,255,0,255,255,255,0,255,255,255,0,255,255,255,0,255,255,255,0,255,255,255,0,255,255,255,0,255,255,255,0,255,255,255,0,255,255,255,0,255,255,255,0,255,255,255,0,255,255,255,0,255,255,255,0,255,255,255,0,255,255,255,0,255,255,255,0,255,255,255,0,255,255,255,0,255,255,255,0,255,255,255,0,255,255,255,0,255,255,255,0,255,255,255,0,255,255,255,0,255,255,255,0,255,255,255,0,255,255,255,0,255,255,255,0,
255,255,255,0,255,255,255,0,255,255,255,0,255,255,255,0,255,255,255,0,255,255,255,0,255,255,255,0,255,255,255,0,255,255,255,0,255,255,255,0,255,255,255,0,255,255,255,0,255,255,255,0,255,255,255,0,255,255,255,0,255,255,255,0,255,255,255,0,255,255,255,0,255,255,255,0,255,255,255,0,255,255,255,0,255,255,255,0,255,255,255,0,255,255,255,0,255,255,255,0,255,255,255,0,255,255,255,0,255,255,255,0,255,255,255,0,255,255,255,0,255,255,255,0,255,255,255,0,255,255,255,0,255,255,255,0,255,255,255,0,255,255,255,0,255,255,255,0,255,255,255,0,255,255,255,0,255,255,255,0,255,255,255,0,255,255,255,0,253,253,253,88,99,92,94,253,86,71,69,249,66,52,32,253,90,62,34,255,105,69,40,253,109,68,31,255,126,84,47,255,116,75,38,255,100,68,31,255,91,60,23,255,81,52,19,255,82,55,23,255,81,55,26,255,68,47,17,255,52,33,3,255,83,55,23,255,150,103,68,255,128,77,41,255,93,50,12,255,115,74,36,255,129,84,37,255,144,90,44,255,162,101,55,255,177,109,65,255,192,122,75,255,188,118,71,255,179,109,63,255,169,106,60,255,137,85,38,255,136,89,42,255,141,91,48,255,142,92,52,255,142,88,52,255,134,85,50,255,101,58,26,255,91,56,26,255,76,56,26,255,38,28,3,255,6,0,0,255,3,0,0,255,3,0,0,255,0,0,0,255,3,6,3,255,0,0,3,255,0,0,3,255,0,3,6,255,0,0,3,255,3,0,0,255,12,6,0,255,29,15,3,255,93,68,39,255,99,60,25,255,143,97,58,255,138,90,49,255,120,76,36,255,124,78,38,255,145,92,52,255,144,89,50,255,142,92,52,255,137,89,48,255,143,95,53,255,131,85,46,255,109,65,34,255,97,55,26,255,107,68,38,255,94,62,33,255,60,41,19,255,52,39,25,255,34,28,12,255,34,29,17,255,21,9,0,255,15,6,0,255,3,0,0,255,3,0,0,255,0,0,0,255,6,0,0,255,50,38,12,255,58,39,3,255,74,52,15,255,83,56,21,255,81,56,25,255,74,52,23,255,63,43,12,255,62,47,15,255,58,46,12,255,54,40,9,255,73,63,36,249,58,43,26,255,26,17,12,255,51,48,50,243,255,255,255,33,255,255,255,0,255,255,255,0,255,255,255,0,255,255,255,0,255,255,255,0,255,255,255,0,255,255,255,0,255,255,255,0,255,255,255,0,255,255,255,0,255,255,255,0,255,255,255,0,255,255,255,0,255,255,255,0,255,255,255,0,255,255,255,0,255,255,255,0,255,255,255,0,255,255,255,0,255,255,255,0,255,255,255,0,255,255,255,0,255,255,255,0,255,255,255,0,255,255,255,0,255,255,255,0,255,255,255,0,255,255,255,0,255,255,255,0,255,255,255,0,255,255,255,0,255,255,255,0,255,255,255,0,255,255,255,0,255,255,255,0,255,255,255,0,255,255,255,0,255,255,255,0,255,255,255,0,255,255,255,0,255,255,255,0,255,255,255,0,255,255,255,0,255,255,255,0,255,255,255,0,255,255,255,0,255,255,255,0,255,255,255,0,255,255,255,0,255,255,255,0,255,255,255,0,255,255,255,0,255,255,255,0,255,255,255,0,255,255,255,0,255,255,255,0,255,255,255,0,255,255,255,0,255,255,255,0,255,255,255,0,255,255,255,0,
255,255,255,0,255,255,255,0,255,255,255,0,255,255,255,0,255,255,255,0,255,255,255,0,255,255,255,0,255,255,255,0,255,255,255,0,255,255,255,0,255,255,255,0,255,255,255,0,255,255,255,0,255,255,255,0,255,255,255,0,255,255,255,0,255,255,255,0,255,255,255,0,255,255,255,0,255,255,255,0,255,255,255,0,255,255,255,0,255,255,255,0,255,255,255,0,255,255,255,0,255,255,255,0,255,255,255,0,255,255,255,0,255,255,255,0,255,255,255,0,255,255,255,0,255,255,255,0,255,255,255,0,255,255,255,0,255,255,255,0,255,255,255,0,255,255,255,0,255,255,255,0,255,255,255,0,255,255,255,0,255,255,255,2,218,225,226,207,90,101,100,253,6,0,0,255,23,3,0,255,119,90,65,253,104,71,35,251,115,72,29,255,140,96,55,249,145,95,52,255,135,87,43,255,120,79,36,255,110,71,31,255,92,55,15,255,102,67,31,255,102,72,36,255,83,56,21,255,44,21,0,255,89,65,31,255,143,106,71,255,117,75,36,255,85,47,3,255,98,62,15,255,108,68,23,255,130,85,40,255,144,92,47,255,164,105,58,255,183,120,73,255,190,125,75,255,188,123,76,255,176,115,69,255,139,87,40,255,134,87,40,255,142,92,49,255,144,91,52,255,141,90,52,255,128,81,46,255,92,53,19,255,76,52,23,255,47,36,12,255,32,26,6,255,9,0,0,255,9,0,0,255,3,0,0,255,0,0,0,255,3,6,3,255,0,0,0,255,0,0,0,255,0,0,3,255,6,6,9,255,0,0,0,255,3,0,0,255,21,6,0,255,96,65,39,255,100,62,26,255,138,97,58,255,131,87,47,255,101,58,19,255,119,75,36,255,135,84,48,255,149,98,62,255,149,101,62,255,132,86,47,255,142,95,60,255,129,87,58,255,101,69,48,255,80,55,37,255,81,55,39,255,68,47,31,255,58,42,31,255,49,37,28,255,46,39,28,255,43,38,31,255,6,0,0,255,3,0,0,255,3,0,3,255,3,0,0,255,0,0,0,255,9,3,0,255,48,34,6,255,60,38,3,255,98,67,33,255,104,69,38,255,104,69,40,255,95,65,36,255,72,47,15,255,68,47,15,255,68,50,17,255,72,52,19,255,95,69,43,255,82,62,42,253,31,18,6,253,33,25,19,255,238,238,238,120,255,255,255,0,255,255,255,0,255,255,255,0,255,255,255,0,255,255,255,0,255,255,255,0,255,255,255,0,255,255,255,0,255,255,255,0,255,255,255,0,255,255,255,0,255,255,255,0,255,255,255,0,255,255,255,0,255,255,255,0,255,255,255,0,255,255,255,0,255,255,255,0,255,255,255,0,255,255,255,0,255,255,255,0,255,255,255,0,255,255,255,0,255,255,255,0,255,255,255,0,255,255,255,0,255,255,255,0,255,255,255,0,255,255,255,0,255,255,255,0,255,255,255,0,255,255,255,0,255,255,255,0,255,255,255,0,255,255,255,0,255,255,255,0,255,255,255,0,255,255,255,0,255,255,255,0,255,255,255,0,255,255,255,0,255,255,255,0,255,255,255,0,255,255,255,0,255,255,255,0,255,255,255,0,255,255,255,0,255,255,255,0,255,255,255,0,255,255,255,0,255,255,255,0,255,255,255,0,255,255,255,0,255,255,255,0,255,255,255,0,255,255,255,0,255,255,255,0,255,255,255,0,255,255,255,0,255,255,255,0,255,255,255,0,
255,255,255,0,255,255,255,0,255,255,255,0,255,255,255,0,255,255,255,0,255,255,255,0,255,255,255,0,255,255,255,0,255,255,255,0,255,255,255,0,255,255,255,0,255,255,255,0,255,255,255,0,255,255,255,0,255,255,255,0,255,255,255,0,255,255,255,0,255,255,255,0,255,255,255,0,255,255,255,0,255,255,255,0,255,255,255,0,255,255,255,0,255,255,255,0,255,255,255,0,255,255,255,0,255,255,255,0,255,255,255,0,255,255,255,0,255,255,255,0,255,255,255,0,255,255,255,0,255,255,255,0,255,255,255,0,255,255,255,0,255,255,255,0,255,255,255,0,255,255,255,0,255,255,255,0,255,255,255,2,115,120,116,251,36,49,47,255,36,44,39,251,65,56,41,251,86,68,39,249,113,76,40,255,131,85,47,253,158,108,62,255,155,101,59,253,146,95,47,255,140,90,45,255,131,86,41,255,124,83,41,255,109,69,29,255,105,68,29,255,98,65,28,255,83,55,19,255,91,65,33,255,76,49,17,255,68,37,3,255,100,65,26,255,137,98,53,255,121,80,36,255,98,60,19,255,108,68,26,255,119,74,29,255,142,90,43,255,159,103,55,255,165,105,56,255,167,104,56,255,160,99,52,255,130,78,33,255,132,82,39,255,142,89,49,255,143,90,50,255,146,93,55,255,129,82,47,255,95,60,28,255,72,52,23,255,15,9,0,255,15,12,0,255,41,34,25,255,29,19,12,255,6,0,0,255,0,0,0,255,0,0,3,255,0,3,3,255,0,0,0,255,0,0,0,255,0,3,6,255,0,0,0,255,6,0,0,255,29,12,0,255,97,67,40,255,91,52,17,255,104,67,28,255,103,65,26,255,122,82,42,255,120,81,43,255,103,60,29,255,98,58,26,255,99,58,26,255,100,62,29,255,95,58,29,255,78,49,25,255,34,17,0,255,19,3,0,255,17,3,0,255,17,3,0,255,17,3,0,255,15,3,0,255,12,9,0,255,3,0,0,255,0,0,0,255,3,0,3,255,3,0,0,255,12,6,3,255,36,31,21,255,47,37,17,255,73,55,23,255,85,58,23,255,93,60,26,255,92,55,23,255,85,50,21,255,80,47,19,255,75,47,19,255,76,52,23,255,79,55,23,255,77,52,21,255,79,48,21,255,82,58,32,253,72,56,37,253,71,60,46,255,107,99,94,247,252,252,252,70,255,255,255,0,255,255,255,0,255,255,255,0,255,255,255,0,255,255,255,0,255,255,255,0,255,255,255,0,255,255,255,0,255,255,255,0,255,255,255,0,255,255,255,0,255,255,255,0,255,255,255,0,255,255,255,0,255,255,255,0,255,255,255,0,255,255,255,0,255,255,255,0,255,255,255,0,255,255,255,0,255,255,255,0,255,255,255,0,255,255,255,0,255,255,255,0,255,255,255,0,255,255,255,0,255,255,255,0,255,255,255,0,255,255,255,0,255,255,255,0,255,255,255,0,255,255,255,0,255,255,255,0,255,255,255,0,255,255,255,0,255,255,255,0,255,255,255,0,255,255,255,0,255,255,255,0,255,255,255,0,255,255,255,0,255,255,255,0,255,255,255,0,255,255,255,0,255,255,255,0,255,255,255,0,255,255,255,0,255,255,255,0,255,255,255,0,255,255,255,0,255,255,255,0,255,255,255,0,255,255,255,0,255,255,255,0,255,255,255,0,255,255,255,0,255,255,255,0,255,255,255,0,255,255,255,0,255,255,255,0,
255,255,255,0,255,255,255,0,255,255,255,0,255,255,255,0,255,255,255,0,255,255,255,0,255,255,255,0,255,255,255,0,255,255,255,0,255,255,255,0,255,255,255,0,255,255,255,0,255,255,255,0,255,255,255,0,255,255,255,0,255,255,255,0,255,255,255,0,255,255,255,0,255,255,255,0,255,255,255,0,255,255,255,0,255,255,255,0,255,255,255,0,255,255,255,0,255,255,255,0,255,255,255,0,255,255,255,0,255,255,255,0,255,255,255,0,255,255,255,0,255,255,255,0,255,255,255,0,255,255,255,0,255,255,255,0,255,255,255,0,255,255,255,0,255,255,255,0,255,255,255,6,255,255,255,42,252,249,246,237,92,92,83,255,0,3,0,255,24,21,12,251,74,55,31,255,91,58,25,255,122,85,53,247,142,94,50,255,171,128,88,245,156,107,62,255,151,104,60,255,140,95,52,255,122,81,39,255,118,78,39,255,118,77,43,255,106,69,36,255,91,60,26,255,93,63,31,255,95,65,36,255,80,49,21,255,49,25,0,255,86,55,17,255,150,104,62,255,120,72,31,255,90,50,9,255,99,62,23,255,110,68,26,255,131,84,40,255,149,95,50,255,155,96,52,255,165,101,58,255,156,95,52,255,141,86,44,255,144,91,52,255,141,84,45,255,140,83,44,255,140,87,50,255,129,82,47,255,93,60,26,255,72,50,25,255,6,3,0,255,9,9,0,255,53,46,37,255,40,33,23,255,12,9,3,255,0,0,0,255,0,3,3,255,0,0,0,255,0,0,0,255,0,3,0,255,0,3,0,255,0,0,0,255,3,0,0,255,19,3,0,255,95,62,37,255,103,65,31,255,83,49,12,255,91,58,21,255,112,74,34,255,107,72,36,255,95,67,37,255,90,67,42,255,93,68,42,255,92,71,46,255,78,63,38,255,49,39,19,255,6,0,0,255,3,0,0,255,9,0,0,255,12,0,0,255,3,0,0,255,3,0,3,255,6,3,0,255,6,3,0,255,6,0,0,255,6,0,0,255,3,0,0,255,9,3,0,255,49,37,12,255,63,43,12,255,87,62,26,255,95,67,31,255,94,62,29,255,91,58,28,255,80,49,23,255,77,48,23,255,86,55,31,255,84,53,29,255,82,53,28,255,76,49,21,255,83,52,26,255,73,50,23,253,87,65,42,253,75,61,39,253,21,9,6,253,39,33,31,249,246,246,246,113,255,255,255,0,255,255,255,0,255,255,255,0,255,255,255,0,255,255,255,0,255,255,255,0,255,255,255,0,255,255,255,0,255,255,255,0,255,255,255,0,255,255,255,0,255,255,255,0,255,255,255,0,255,255,255,0,255,255,255,0,255,255,255,0,255,255,255,0,255,255,255,0,255,255,255,0,255,255,255,0,255,255,255,0,255,255,255,0,255,255,255,0,255,255,255,0,255,255,255,0,255,255,255,0,255,255,255,0,255,255,255,0,255,255,255,0,255,255,255,0,255,255,255,0,255,255,255,0,255,255,255,0,255,255,255,0,255,255,255,0,255,255,255,0,255,255,255,0,255,255,255,0,255,255,255,0,255,255,255,0,255,255,255,0,255,255,255,0,255,255,255,0,255,255,255,0,255,255,255,0,255,255,255,0,255,255,255,0,255,255,255,0,255,255,255,0,255,255,255,0,255,255,255,0,255,255,255,0,255,255,255,0,255,255,255,0,255,255,255,0,255,255,255,0,255,255,255,0,255,255,255,0,255,255,255,0,
255,255,255,0,255,255,255,0,255,255,255,0,255,255,255,0,255,255,255,0,255,255,255,0,255,255,255,0,255,255,255,0,255,255,255,0,255,255,255,0,255,255,255,0,255,255,255,0,255,255,255,0,255,255,255,0,255,255,255,0,255,255,255,0,255,255,255,0,255,255,255,0,255,255,255,0,255,255,255,0,255,255,255,0,255,255,255,0,255,255,255,0,255,255,255,0,255,255,255,0,255,255,255,0,255,255,255,0,255,255,255,0,255,255,255,0,255,255,255,0,255,255,255,0,255,255,255,0,255,255,255,0,255,255,255,0,255,255,255,0,255,255,255,0,255,255,255,22,72,72,69,239,71,67,60,255,89,82,71,255,63,54,36,249,35,31,15,251,46,37,12,255,94,68,38,255,116,85,53,247,129,87,48,255,126,81,38,255,130,85,40,255,134,87,47,253,128,84,42,255,122,81,39,255,120,81,41,255,115,77,42,255,103,65,31,255,96,62,29,255,92,65,33,255,89,62,31,255,90,60,31,255,71,40,9,255,52,31,0,255,83,55,17,255,154,105,67,255,138,85,45,255,105,62,23,255,110,73,32,255,115,74,32,255,131,85,43,255,154,99,55,255,165,106,62,255,178,114,72,255,160,96,53,255,140,83,42,255,139,84,42,255,144,86,48,255,144,89,50,255,140,87,50,255,132,85,50,255,91,58,25,255,68,48,25,255,6,3,0,255,0,0,0,255,9,6,0,255,6,0,0,255,0,0,0,255,0,0,0,255,6,6,6,255,0,0,0,255,0,0,0,255,3,0,0,255,0,0,0,255,21,17,6,255,62,52,34,255,77,58,34,255,91,58,28,255,101,65,29,255,98,65,28,255,110,76,39,255,131,96,58,255,98,67,33,255,32,12,0,255,21,6,0,255,19,9,0,255,21,12,0,255,9,3,0,255,17,9,0,255,48,44,29,255,58,52,37,255,60,47,36,255,46,33,26,255,6,0,0,255,0,0,0,255,3,0,0,255,6,3,0,255,32,25,15,255,38,31,19,255,26,21,9,255,40,31,15,255,78,60,34,255,85,58,26,255,92,60,25,255,91,60,23,255,92,60,26,255,89,60,28,255,81,52,25,255,79,52,26,255,84,53,29,255,79,47,23,255,80,49,25,255,78,50,23,255,101,73,53,247,82,52,25,255,75,47,19,255,76,50,26,255,68,48,29,255,41,29,17,255,44,37,32,253,184,183,183,217,252,252,252,85,255,255,255,11,255,255,255,0,255,255,255,0,255,255,255,0,255,255,255,0,255,255,255,0,255,255,255,0,255,255,255,0,255,255,255,0,255,255,255,0,255,255,255,0,255,255,255,0,255,255,255,0,255,255,255,0,255,255,255,0,255,255,255,0,255,255,255,0,255,255,255,0,255,255,255,0,255,255,255,0,255,255,255,0,255,255,255,0,255,255,255,0,255,255,255,0,255,255,255,0,255,255,255,0,255,255,255,0,255,255,255,0,255,255,255,0,255,255,255,0,255,255,255,0,255,255,255,0,255,255,255,0,255,255,255,0,255,255,255,0,255,255,255,0,255,255,255,0,255,255,255,0,255,255,255,0,255,255,255,0,255,255,255,0,255,255,255,0,255,255,255,0,255,255,255,0,255,255,255,0,255,255,255,0,255,255,255,0,255,255,255,0,255,255,255,0,255,255,255,0,255,255,255,0,255,255,255,0,255,255,255,0,255,255,255,0,255,255,255,0,255,255,255,0,255,255,255,0,
255,255,255,0,255,255,255,0,255,255,255,0,255,255,255,0,255,255,255,0,255,255,255,0,255,255,255,0,255,255,255,0,255,255,255,0,255,255,255,0,255,255,255,0,255,255,255,0,255,255,255,0,255,255,255,0,255,255,255,0,255,255,255,0,255,255,255,0,255,255,255,0,255,255,255,0,255,255,255,0,255,255,255,0,255,255,255,0,255,255,255,0,255,255,255,0,255,255,255,0,255,255,255,0,255,255,255,0,255,255,255,0,255,255,255,0,255,255,255,0,255,255,255,0,255,255,255,0,255,255,255,0,255,255,255,0,255,255,255,0,255,255,255,1,222,225,223,207,3,3,0,255,25,19,9,255,54,43,25,253,39,25,3,255,40,26,0,255,88,70,46,247,97,68,34,255,104,71,33,255,117,82,50,253,113,75,42,253,117,83,41,251,111,72,31,255,111,72,32,255,111,74,36,255,113,76,40,255,107,71,37,255,83,48,19,255,89,60,31,255,89,65,37,255,76,56,26,255,83,55,26,255,67,38,9,255,56,37,3,255,81,53,19,255,145,98,63,255,135,81,44,255,114,71,31,255,121,80,38,255,113,69,26,255,130,83,39,255,150,96,50,255,163,102,56,255,180,115,71,255,164,98,53,255,146,88,43,255,139,84,40,255,137,85,42,255,140,87,48,255,138,87,48,255,132,87,52,255,93,60,26,255,65,44,19,255,9,0,0,255,6,9,6,255,0,0,0,255,0,0,0,255,3,6,3,255,6,9,6,255,0,0,0,255,0,0,0,255,3,0,0,255,3,0,0,255,0,0,0,255,33,23,0,255,90,68,38,255,104,75,41,255,90,56,19,255,93,58,19,255,119,82,41,255,107,69,31,255,128,95,60,255,82,56,31,255,12,0,0,255,9,0,0,255,6,0,0,255,3,0,0,255,9,0,0,255,15,0,0,255,55,44,26,255,71,60,43,255,75,62,46,255,56,46,33,255,12,3,0,255,3,0,0,255,3,0,0,255,6,3,0,255,42,33,15,255,47,38,17,255,37,28,12,255,52,38,21,255,85,62,42,255,101,71,44,255,98,63,34,255,87,52,19,255,95,60,28,255,91,58,28,255,80,47,19,255,78,45,19,255,86,55,28,255,81,50,23,255,82,52,25,255,83,53,23,255,77,50,21,255,82,52,25,255,79,45,21,255,83,52,31,255,101,71,51,249,95,73,53,251,15,0,0,255,34,25,19,255,36,26,19,255,96,85,79,249,236,233,231,162,255,255,255,1,255,255,255,0,255,255,255,0,255,255,255,0,255,255,255,0,255,255,255,0,255,255,255,0,255,255,255,0,255,255,255,0,255,255,255,0,255,255,255,0,255,255,255,0,255,255,255,0,255,255,255,0,255,255,255,0,255,255,255,0,255,255,255,0,255,255,255,0,255,255,255,0,255,255,255,0,255,255,255,0,255,255,255,0,255,255,255,0,255,255,255,0,255,255,255,0,255,255,255,0,255,255,255,0,255,255,255,0,255,255,255,0,255,255,255,0,255,255,255,0,255,255,255,0,255,255,255,0,255,255,255,0,255,255,255,0,255,255,255,0,255,255,255,0,255,255,255,0,255,255,255,0,255,255,255,0,255,255,255,0,255,255,255,0,255,255,255,0,255,255,255,0,255,255,255,0,255,255,255,0,255,255,255,0,255,255,255,0,255,255,255,0,255,255,255,0,255,255,255,0,255,255,255,0,255,255,255,0,255,255,255,0,255,255,255,0,
255,255,255,0,255,255,255,0,255,255,255,0,255,255,255,0,255,255,255,0,255,255,255,0,255,255,255,0,255,255,255,0,255,255,255,0,255,255,255,0,255,255,255,0,255,255,255,0,255,255,255,0,255,255,255,0,255,255,255,0,255,255,255,0,255,255,255,0,255,255,255,0,255,255,255,0,255,255,255,0,255,255,255,0,255,255,255,0,255,255,255,0,255,255,255,0,255,255,255,0,255,255,255,0,255,255,255,14,141,141,141,249,133,131,132,255,130,128,126,255,134,132,131,253,176,174,172,253,177,175,173,253,181,177,176,255,148,143,143,251,109,106,107,253,68,66,65,253,3,0,0,255,29,21,6,253,58,46,25,253,60,42,15,255,65,48,18,253,79,53,23,255,95,65,32,255,86,59,23,253,85,61,27,253,90,58,23,255,103,69,32,255,108,75,43,253,98,65,28,255,102,72,33,255,95,67,31,255,89,60,26,255,84,55,25,255,75,47,19,255,55,37,6,255,55,37,9,255,60,36,12,255,60,37,9,255,48,28,0,255,83,55,19,255,155,109,72,255,131,80,41,255,118,74,33,255,119,76,36,255,114,71,28,255,134,87,40,255,153,96,52,255,158,98,52,255,181,113,68,255,172,107,60,255,167,106,60,255,156,100,55,255,149,97,52,255,142,92,49,255,140,91,52,255,124,82,46,255,91,58,25,255,74,53,28,255,9,0,0,255,50,48,44,255,155,155,153,255,178,181,177,255,170,170,168,255,119,119,117,255,0,0,0,255,0,0,0,255,0,0,0,255,12,6,0,255,28,19,0,255,62,46,17,255,86,60,25,255,96,62,23,255,105,73,33,255,111,76,37,255,136,99,62,255,103,69,34,255,58,33,6,255,38,19,0,255,31,19,9,255,26,17,12,255,17,9,3,255,29,19,9,255,90,74,58,255,72,56,38,255,34,25,6,255,21,12,0,255,21,12,0,255,29,21,6,255,26,17,9,255,33,25,19,255,32,25,17,255,31,25,12,255,43,36,15,255,45,36,12,255,42,31,15,255,50,36,17,255,58,37,17,255,75,45,23,255,81,49,21,255,90,55,26,255,92,60,29,255,92,60,29,255,89,55,25,255,89,55,25,255,87,55,26,255,88,56,28,255,90,60,31,255,87,56,28,255,74,47,17,255,80,54,27,253,88,61,37,253,78,44,21,255,80,54,27,253,81,52,26,255,68,44,31,251,49,31,17,255,65,48,32,253,62,48,34,255,85,74,63,251,204,201,198,190,255,255,255,0,255,255,255,0,255,255,255,0,255,255,255,0,255,255,255,0,255,255,255,0,255,255,255,0,255,255,255,0,255,255,255,0,255,255,255,0,255,255,255,0,255,255,255,0,255,255,255,0,255,255,255,0,255,255,255,0,255,255,255,0,255,255,255,0,255,255,255,0,255,255,255,0,255,255,255,0,255,255,255,0,255,255,255,0,255,255,255,0,255,255,255,0,255,255,255,0,255,255,255,0,255,255,255,0,255,255,255,0,255,255,255,0,255,255,255,0,255,255,255,0,255,255,255,0,255,255,255,0,255,255,255,0,255,255,255,0,255,255,255,0,255,255,255,0,255,255,255,0,255,255,255,0,255,255,255,0,255,255,255,0,255,255,255,0,255,255,255,0,255,255,255,0,255,255,255,0,255,255,255,0,255,255,255,0,255,255,255,0,255,255,255,0,255,255,255,0,255,255,255,0,255,255,255,0,255,255,255,0,255,255,255,0,
255,255,255,0,255,255,255,0,255,255,255,0,255,255,255,0,255,255,255,0,255,255,255,0,255,255,255,0,255,255,255,0,255,255,255,0,255,255,255,0,255,255,255,0,255,255,255,0,255,255,255,0,255,255,255,0,255,255,255,0,255,255,255,0,255,255,255,0,255,255,255,0,255,255,255,0,255,255,255,0,255,255,255,0,255,255,255,0,255,255,255,0,255,255,255,0,255,255,255,0,255,255,255,53,119,120,117,251,6,3,0,255,12,3,0,255,17,9,0,255,12,3,0,255,9,0,0,255,12,6,6,253,9,0,0,255,12,0,0,255,12,3,0,255,6,0,0,255,12,6,0,255,28,21,3,255,56,44,17,255,74,55,25,255,82,58,26,255,88,58,26,255,84,56,23,255,76,52,19,255,62,41,6,255,69,48,12,255,88,60,28,255,86,60,26,255,81,58,21,255,78,60,21,255,77,58,21,255,80,58,23,255,75,47,19,255,65,39,12,255,40,25,0,255,33,19,0,255,44,26,3,255,46,26,3,255,55,33,3,255,84,50,15,255,158,110,68,255,131,81,37,255,111,72,34,255,113,75,37,255,116,75,33,255,128,80,36,255,155,99,53,255,161,98,52,255,177,111,65,255,172,107,60,255,179,119,71,255,167,109,62,255,158,102,53,255,146,94,49,255,137,89,50,255,122,80,45,255,95,62,26,255,75,52,26,255,17,3,0,255,96,90,84,255,222,220,218,255,239,238,238,255,241,235,234,255,189,187,183,255,15,17,12,255,6,9,3,255,0,3,0,255,15,12,3,255,52,37,15,255,79,58,31,255,87,65,34,253,94,65,29,255,117,84,44,255,109,75,36,255,115,89,56,255,83,62,36,255,9,0,0,255,12,3,0,255,51,37,23,253,65,47,29,253,49,32,12,255,65,44,23,255,132,115,91,255,97,84,65,255,15,9,0,255,0,0,0,255,3,0,0,255,15,9,6,253,49,44,34,253,54,47,37,253,50,42,31,255,48,42,28,255,50,43,27,253,40,31,12,255,50,43,23,253,44,31,9,255,68,53,28,249,53,32,6,255,79,52,23,255,92,60,35,251,86,58,29,255,97,68,36,255,97,62,31,255,94,58,23,255,95,60,25,255,93,60,26,255,93,65,35,253,93,63,31,255,84,56,26,255,82,55,23,255,81,50,23,255,79,48,21,255,81,52,21,255,82,52,23,255,90,62,32,255,89,63,37,255,99,76,56,253,75,58,41,255,32,28,28,245,68,66,65,253,255,255,255,11,255,255,255,0,255,255,255,0,255,255,255,0,255,255,255,0,255,255,255,0,255,255,255,0,255,255,255,0,255,255,255,0,255,255,255,0,255,255,255,0,255,255,255,0,255,255,255,0,255,255,255,0,255,255,255,0,255,255,255,0,255,255,255,0,255,255,255,0,255,255,255,0,255,255,255,0,255,255,255,0,255,255,255,0,255,255,255,0,255,255,255,0,255,255,255,0,255,255,255,0,255,255,255,0,255,255,255,0,255,255,255,0,255,255,255,0,255,255,255,0,255,255,255,0,255,255,255,0,255,255,255,0,255,255,255,0,255,255,255,0,255,255,255,0,255,255,255,0,255,255,255,0,255,255,255,0,255,255,255,0,255,255,255,0,255,255,255,0,255,255,255,0,255,255,255,0,255,255,255,0,255,255,255,0,255,255,255,0,255,255,255,0,255,255,255,0,255,255,255,0,255,255,255,0,255,255,255,0,255,255,255,0,
255,255,255,0,255,255,255,0,255,255,255,0,255,255,255,0,255,255,255,0,255,255,255,0,255,255,255,0,255,255,255,0,255,255,255,0,255,255,255,0,255,255,255,0,255,255,255,0,255,255,255,0,255,255,255,0,255,255,255,0,255,255,255,0,255,255,255,0,255,255,255,0,255,255,255,0,255,255,255,0,255,255,255,0,255,255,255,0,255,255,255,0,255,255,255,0,254,254,254,89,111,109,105,255,63,58,50,255,40,31,18,253,52,37,19,255,71,58,36,249,65,47,31,255,67,47,32,255,62,41,26,255,67,47,31,255,68,47,31,255,69,48,34,255,62,43,29,255,60,44,26,255,62,48,23,255,78,58,28,255,85,60,26,255,88,56,26,255,95,63,33,255,94,63,36,255,82,58,26,255,62,42,9,255,74,53,23,255,79,53,25,255,62,37,9,255,68,50,17,255,67,52,17,255,68,53,21,255,69,55,23,255,56,37,6,255,62,41,15,255,56,40,15,255,58,43,17,255,52,36,9,255,52,34,6,255,58,34,3,255,93,60,23,255,148,103,60,255,121,73,31,255,103,65,29,255,102,67,31,255,109,68,28,255,133,83,40,255,158,101,58,255,161,100,53,255,166,103,55,255,164,101,53,255,170,109,63,255,162,103,56,255,152,96,47,255,146,91,46,255,140,90,49,255,128,84,48,255,103,65,29,255,91,62,31,255,58,39,17,255,49,38,26,255,60,52,48,255,58,55,52,255,42,37,33,255,74,69,67,255,164,165,160,255,122,125,119,255,0,0,0,255,17,9,3,255,43,28,9,255,62,40,15,255,67,43,12,255,86,60,26,255,120,89,53,255,100,71,38,255,46,25,0,255,29,15,0,255,18,12,12,251,12,9,0,255,52,37,17,255,77,54,33,251,93,68,42,255,79,58,31,255,59,46,25,247,33,23,9,255,12,12,6,253,9,9,9,253,6,9,6,255,9,6,3,255,19,15,6,255,17,12,3,255,21,15,6,255,23,18,9,253,26,21,9,255,33,27,18,251,19,12,0,255,34,26,9,255,69,61,40,253,73,53,31,255,97,76,53,247,83,55,26,255,93,63,36,251,89,60,28,255,103,69,34,255,110,74,38,255,89,53,17,255,90,55,19,255,98,65,32,255,98,65,37,251,82,52,23,255,75,48,17,255,82,55,23,255,77,50,21,255,77,50,21,255,79,49,17,255,83,55,17,255,81,52,19,255,41,15,0,255,32,12,6,253,6,3,0,255,73,71,71,249,223,222,220,180,253,253,253,77,254,254,254,68,254,254,254,68,255,255,255,56,255,255,255,45,255,255,255,56,255,255,255,60,255,255,255,54,255,255,255,30,255,255,255,0,255,255,255,0,255,255,255,0,255,255,255,0,255,255,255,0,255,255,255,0,255,255,255,0,255,255,255,0,255,255,255,0,255,255,255,0,255,255,255,0,255,255,255,0,255,255,255,0,255,255,255,0,255,255,255,0,255,255,255,0,255,255,255,0,255,255,255,0,255,255,255,0,255,255,255,0,255,255,255,0,255,255,255,0,255,255,255,0,255,255,255,0,255,255,255,0,255,255,255,0,255,255,255,0,255,255,255,0,255,255,255,0,255,255,255,0,255,255,255,0,255,255,255,0,255,255,255,0,255,255,255,0,255,255,255,0,255,255,255,0,255,255,255,0,255,255,255,0,255,255,255,0,255,255,255,0,255,255,255,0,255,255,255,0,255,255,255,0,255,255,255,0,
255,255,255,0,255,255,255,0,255,255,255,0,255,255,255,0,255,255,255,0,255,255,255,0,255,255,255,0,255,255,255,0,255,255,255,0,255,255,255,0,255,255,255,0,255,255,255,0,255,255,255,0,255,255,255,0,255,255,255,0,255,255,255,0,255,255,255,0,255,255,255,0,255,255,255,0,255,255,255,0,255,255,255,0,255,255,255,0,255,255,255,0,252,252,251,160,43,37,33,255,21,12,12,251,39,27,18,249,73,48,28,255,82,53,28,255,86,58,29,255,96,66,40,253,105,70,46,253,104,69,44,253,102,68,33,255,103,69,34,255,102,65,36,255,98,63,36,255,99,67,38,255,93,62,31,255,97,63,29,255,94,58,23,255,95,58,26,255,97,60,31,255,93,58,31,255,86,53,25,255,67,38,9,255,74,49,23,255,72,47,19,255,60,37,9,255,54,33,6,255,49,33,6,255,47,33,6,255,52,39,12,255,53,38,12,255,53,38,12,255,49,33,9,255,53,36,9,255,56,37,6,255,60,37,3,255,52,29,0,255,86,55,17,255,153,111,75,255,122,78,42,255,82,47,12,255,102,67,31,255,118,72,34,255,138,85,45,255,153,98,56,255,152,95,52,255,155,96,52,255,156,97,52,255,161,105,60,255,156,100,55,255,153,97,49,255,149,93,45,255,147,92,50,255,138,85,47,255,127,78,39,255,110,69,36,255,94,63,36,255,42,21,0,255,9,0,0,255,6,0,0,255,3,0,0,255,53,52,45,255,249,251,245,255,211,214,211,255,6,3,3,255,12,3,0,255,48,37,26,255,52,33,15,255,51,26,3,255,83,52,26,255,121,90,65,255,94,67,48,255,25,6,6,253,15,6,6,253,9,0,0,255,48,39,28,245,52,36,12,255,77,58,31,255,103,88,55,251,84,66,47,253,6,0,0,255,25,25,23,247,23,23,23,247,23,23,23,247,28,28,28,247,36,36,36,243,51,48,48,239,66,62,62,232,85,85,85,224,94,89,89,220,79,78,79,226,68,67,68,232,30,28,28,245,39,32,30,245,51,43,35,251,63,47,29,255,82,54,35,251,87,56,31,255,87,56,28,255,98,68,37,255,125,98,68,249,121,90,55,255,98,65,31,255,91,62,27,253,99,62,29,255,96,65,34,253,84,52,23,255,81,50,23,255,82,53,26,255,79,53,25,255,80,55,26,255,76,52,19,255,83,55,17,255,77,50,21,255,28,6,0,255,12,0,0,255,28,23,23,247,9,3,0,255,17,6,0,255,24,18,18,249,6,0,0,255,3,0,0,255,12,6,6,253,9,6,6,253,3,3,0,255,0,0,0,255,3,0,0,255,12,6,0,255,183,182,178,239,255,255,255,41,255,255,255,0,255,255,255,0,255,255,255,0,255,255,255,0,255,255,255,0,255,255,255,0,255,255,255,0,255,255,255,0,255,255,255,0,255,255,255,0,255,255,255,0,255,255,255,0,255,255,255,0,255,255,255,0,255,255,255,0,255,255,255,0,255,255,255,0,255,255,255,0,255,255,255,0,255,255,255,0,255,255,255,0,255,255,255,0,255,255,255,0,255,255,255,0,255,255,255,0,255,255,255,0,255,255,255,0,255,255,255,0,255,255,255,0,255,255,255,0,255,255,255,0,255,255,255,0,255,255,255,0,255,255,255,0,255,255,255,0,255,255,255,0,255,255,255,0,255,255,255,0,255,255,255,0,255,255,255,0,255,255,255,0,255,255,255,0,
255,255,255,0,255,255,255,0,255,255,255,0,255,255,255,0,255,255,255,0,255,255,255,0,255,255,255,0,255,255,255,0,255,255,255,0,255,255,255,0,255,255,255,0,255,255,255,0,255,255,255,0,255,255,255,0,255,255,255,0,255,255,255,0,255,255,255,0,255,255,255,0,255,255,255,0,255,255,255,0,255,255,255,0,255,255,255,0,164,164,158,222,60,55,47,255,62,49,37,255,75,53,36,255,86,58,36,255,113,85,59,251,100,67,34,255,104,69,37,253,107,69,37,253,115,74,37,255,127,91,49,251,129,86,46,255,133,87,46,255,127,78,39,255,126,80,42,255,130,87,52,255,121,79,42,255,119,76,40,255,115,73,36,255,113,73,38,255,103,63,33,255,94,58,28,255,90,58,29,255,78,50,23,255,72,47,19,255,60,36,12,255,60,40,17,255,47,31,9,255,49,34,12,255,45,34,15,255,44,33,12,255,48,38,12,255,52,38,9,255,62,40,12,255,81,58,28,255,76,52,19,255,92,65,29,255,115,87,47,255,107,74,37,255,102,60,29,255,104,63,31,255,93,55,19,255,108,68,31,255,133,84,47,255,142,89,49,255,142,89,49,255,143,88,47,255,142,87,47,255,144,90,47,255,150,96,52,255,149,95,50,255,147,93,47,255,142,88,41,255,140,85,43,255,132,76,37,255,136,83,43,255,135,87,47,255,129,89,53,255,105,73,42,255,80,55,31,255,65,47,31,255,60,46,32,255,44,37,25,255,29,28,19,255,23,21,17,255,6,0,0,255,9,0,0,255,6,0,0,255,44,31,17,255,103,79,58,255,95,65,43,255,33,9,0,255,31,9,0,255,43,28,21,255,41,28,23,255,48,36,31,249,63,52,40,255,96,81,59,251,99,88,62,251,160,152,140,206,254,254,254,41,255,255,255,0,255,255,255,0,255,255,255,0,255,255,255,0,255,255,255,0,255,255,255,0,255,255,255,0,255,255,255,0,255,255,255,0,255,255,255,0,255,255,255,0,255,255,255,0,255,255,255,0,255,255,255,0,255,255,255,16,117,108,97,235,55,36,15,255,65,43,18,253,94,65,39,251,83,61,27,253,68,41,9,255,67,39,3,255,88,64,29,253,92,65,29,253,96,60,23,255,96,60,26,255,91,56,26,255,94,62,33,255,80,49,23,255,83,55,26,255,86,58,29,255,84,56,23,255,91,62,26,255,89,60,28,255,76,53,31,255,77,52,39,251,72,52,36,255,71,50,34,255,71,50,34,255,74,55,40,255,68,50,38,255,77,59,46,251,64,52,35,253,60,49,31,255,47,38,19,255,52,46,27,253,59,53,35,247,48,42,26,255,48,44,33,249,34,31,25,253,255,255,255,35,255,255,255,0,255,255,255,0,255,255,255,0,255,255,255,0,255,255,255,0,255,255,255,0,255,255,255,0,255,255,255,0,255,255,255,0,255,255,255,0,255,255,255,0,255,255,255,0,255,255,255,0,255,255,255,0,255,255,255,0,255,255,255,0,255,255,255,0,255,255,255,0,255,255,255,0,255,255,255,0,255,255,255,0,255,255,255,0,255,255,255,0,255,255,255,0,255,255,255,0,255,255,255,0,255,255,255,0,255,255,255,0,255,255,255,0,255,255,255,0,255,255,255,0,255,255,255,0,255,255,255,0,255,255,255,0,255,255,255,0,255,255,255,0,255,255,255,0,255,255,255,0,255,255,255,0,255,255,255,0,255,255,255,0,
255,255,255,0,255,255,255,0,255,255,255,0,255,255,255,0,255,255,255,0,255,255,255,0,255,255,255,0,255,255,255,0,255,255,255,0,255,255,255,0,255,255,255,0,255,255,255,0,255,255,255,0,255,255,255,0,255,255,255,0,255,255,255,0,255,255,255,0,255,255,255,0,255,255,255,0,255,255,255,0,255,255,255,0,254,252,249,176,87,78,68,253,23,9,6,253,51,29,9,253,87,55,28,255,120,88,60,245,123,87,58,253,125,90,53,255,123,91,50,251,112,73,33,255,119,79,44,249,127,84,43,255,144,98,56,255,139,87,48,255,142,87,47,255,132,76,37,255,140,90,49,255,135,89,48,255,124,80,39,255,120,77,39,255,119,80,42,255,104,68,32,255,90,58,23,255,85,58,26,255,82,58,31,255,65,46,19,255,55,41,15,255,48,38,15,255,43,34,19,255,44,36,23,255,44,37,25,255,40,31,15,255,47,36,12,255,50,32,3,255,68,40,9,255,82,52,21,255,90,58,26,255,120,87,55,255,151,116,77,255,123,86,50,255,89,49,19,255,92,53,21,255,91,48,12,255,112,65,26,255,142,92,53,255,140,87,48,255,140,87,48,255,144,91,52,255,142,89,49,255,142,89,47,255,142,89,47,255,142,89,47,255,137,85,42,255,145,93,50,255,138,85,45,255,147,94,58,255,140,87,48,255,137,86,45,255,147,103,62,255,120,81,43,255,99,58,26,255,81,43,17,255,77,48,25,255,55,36,15,255,9,0,0,255,6,0,0,255,6,0,0,255,3,0,0,255,3,0,0,255,46,34,23,255,130,111,87,255,107,86,65,253,18,6,6,253,12,0,0,255,53,40,33,255,53,40,33,255,73,68,59,249,168,165,162,197,250,249,249,79,255,255,255,3,255,255,255,0,255,255,255,0,255,255,255,0,255,255,255,0,255,255,255,0,255,255,255,0,255,255,255,0,255,255,255,0,255,255,255,0,255,255,255,0,255,255,255,0,255,255,255,0,255,255,255,0,255,255,255,0,255,255,255,0,255,255,255,0,255,255,255,0,255,255,255,0,140,137,126,209,55,40,18,253,85,63,38,255,81,58,28,255,60,38,6,255,74,50,21,251,93,69,38,253,94,65,29,255,99,68,31,249,108,71,36,249,100,63,31,255,98,65,32,255,80,48,15,255,80,48,15,255,91,60,26,255,88,55,19,255,95,60,23,255,90,55,17,255,90,56,19,255,98,65,35,253,95,61,32,253,96,55,31,255,92,58,26,255,92,64,34,253,90,59,33,251,78,50,23,255,81,55,26,255,78,54,29,251,65,47,15,253,56,37,9,255,55,39,9,255,68,58,35,247,12,6,0,255,3,0,0,255,169,168,161,251,255,255,255,3,255,255,255,0,255,255,255,0,255,255,255,0,255,255,255,0,255,255,255,0,255,255,255,0,255,255,255,0,255,255,255,0,255,255,255,0,255,255,255,0,255,255,255,0,255,255,255,0,255,255,255,0,255,255,255,0,255,255,255,0,255,255,255,0,255,255,255,0,255,255,255,0,255,255,255,0,255,255,255,0,255,255,255,0,255,255,255,0,255,255,255,0,255,255,255,0,255,255,255,0,255,255,255,0,255,255,255,0,255,255,255,0,255,255,255,0,255,255,255,0,255,255,255,0,255,255,255,0,255,255,255,0,255,255,255,0,255,255,255,0,255,255,255,0,255,255,255,0,255,255,255,0,255,255,255,0,255,255,255,0,
255,255,255,0,255,255,255,0,255,255,255,0,255,255,255,0,255,255,255,0,255,255,255,0,255,255,255,0,255,255,255,0,255,255,255,0,255,255,255,0,255,255,255,0,255,255,255,0,255,255,255,0,255,255,255,0,255,255,255,0,255,255,255,0,255,255,255,0,255,255,255,0,255,255,255,0,255,255,255,0,255,255,255,76,44,37,25,255,74,65,47,253,74,53,33,251,103,74,47,255,129,91,58,255,113,74,37,255,96,58,19,255,122,92,54,245,111,72,32,255,119,76,38,255,123,85,46,249,128,82,39,255,130,80,36,255,148,91,48,255,174,110,68,255,173,110,65,255,173,116,72,255,158,106,62,255,140,92,50,255,124,80,39,255,119,76,38,255,106,69,33,255,90,62,25,255,84,62,28,255,58,39,9,255,50,37,9,255,52,40,19,255,26,19,0,255,9,3,0,255,6,0,0,255,12,6,0,255,23,12,0,255,60,42,17,255,74,52,21,255,89,60,28,255,90,55,25,255,91,58,25,255,93,56,23,255,98,60,21,255,96,58,19,255,92,55,23,255,105,67,36,255,125,81,42,255,140,92,50,255,142,92,49,255,142,89,49,255,138,87,47,255,138,87,48,255,138,87,47,255,138,87,47,255,138,87,44,255,138,87,44,255,145,94,53,255,137,86,45,255,141,90,52,255,140,89,52,255,138,85,45,255,143,90,50,255,136,87,44,255,133,87,46,255,147,98,60,255,137,90,55,255,124,83,53,255,105,69,46,255,68,46,25,255,53,40,21,255,39,28,12,255,23,17,6,255,6,3,0,255,12,3,0,255,28,12,0,255,35,21,6,253,51,44,29,253,33,26,17,255,12,3,0,255,39,27,21,253,212,211,209,155,255,255,255,6,255,255,255,0,255,255,255,0,255,255,255,0,255,255,255,0,255,255,255,0,255,255,255,0,255,255,255,0,255,255,255,0,255,255,255,0,255,255,255,0,255,255,255,0,255,255,255,0,255,255,255,0,255,255,255,0,255,255,255,0,255,255,255,0,255,255,255,0,255,255,255,0,255,255,255,0,255,255,255,0,255,255,255,2,242,241,241,112,46,36,18,251,47,27,6,253,60,39,15,251,64,42,12,253,72,47,15,255,86,60,26,255,106,75,44,249,93,62,28,255,91,60,26,255,90,58,25,255,91,58,25,255,90,56,21,255,109,74,37,255,113,75,37,255,108,71,33,255,112,74,34,255,116,84,39,251,119,81,36,255,126,80,44,255,137,91,55,251,127,86,53,249,119,79,45,253,110,72,37,255,108,72,38,255,92,64,29,253,83,52,15,255,98,67,31,255,100,71,34,255,100,76,40,251,95,73,40,255,62,48,21,255,56,48,28,255,94,86,73,249,157,155,148,224,255,255,255,0,255,255,255,0,255,255,255,0,255,255,255,0,255,255,255,0,255,255,255,0,255,255,255,0,255,255,255,0,255,255,255,0,255,255,255,0,255,255,255,0,255,255,255,0,255,255,255,0,255,255,255,0,255,255,255,0,255,255,255,0,255,255,255,0,255,255,255,0,255,255,255,0,255,255,255,0,255,255,255,0,255,255,255,0,255,255,255,0,255,255,255,0,255,255,255,0,255,255,255,0,255,255,255,0,255,255,255,0,255,255,255,0,255,255,255,0,255,255,255,0,255,255,255,0,255,255,255,0,255,255,255,0,255,255,255,0,255,255,255,0,255,255,255,0,255,255,255,0,255,255,255,0,255,255,255,0,
255,255,255,0,255,255,255,0,255,255,255,0,255,255,255,0,255,255,255,0,255,255,255,0,255,255,255,0,255,255,255,0,255,255,255,0,255,255,255,0,255,255,255,0,255,255,255,0,255,255,255,0,255,255,255,0,255,255,255,0,255,255,255,0,255,255,255,0,255,255,255,0,255,255,255,0,255,255,255,15,230,224,215,255,48,36,33,243,87,68,41,251,93,67,34,255,129,99,65,247,149,107,74,251,115,74,36,255,86,50,9,255,99,63,21,255,121,86,45,251,133,92,59,247,113,69,29,255,127,79,37,255,127,71,25,255,161,98,50,255,195,126,75,255,193,122,71,255,184,119,68,255,164,104,55,255,148,93,49,255,127,78,39,255,121,74,38,255,107,68,36,255,86,60,26,255,74,53,23,255,53,37,12,255,49,37,17,255,48,39,23,255,21,15,0,255,9,3,0,255,3,0,0,255,9,0,0,255,28,12,0,255,76,50,26,255,84,55,25,255,90,60,29,255,99,67,36,255,90,55,25,255,95,62,23,255,91,58,17,255,90,58,17,255,90,56,21,255,115,76,44,255,140,96,58,255,140,92,48,255,138,91,45,255,138,91,45,255,138,90,49,255,136,87,47,255,138,87,47,255,138,87,47,255,136,87,44,255,138,87,44,255,140,90,47,255,139,87,48,255,138,90,49,255,141,93,52,255,138,87,47,255,139,89,47,255,135,86,40,255,138,87,42,255,150,102,60,255,150,102,62,255,144,92,56,255,131,82,50,255,90,50,19,255,89,60,31,255,73,49,21,255,42,26,3,255,12,3,0,255,3,0,0,255,3,0,0,255,21,15,6,253,53,47,33,255,47,40,31,255,15,6,6,253,50,43,39,247,255,255,255,12,255,255,255,0,255,255,255,0,255,255,255,0,255,255,255,0,255,255,255,0,255,255,255,0,255,255,255,0,255,255,255,0,255,255,255,0,255,255,255,0,255,255,255,0,255,255,255,0,255,255,255,0,255,255,255,0,255,255,255,0,255,255,255,0,255,255,255,0,255,255,255,0,255,255,255,0,255,255,255,0,255,255,255,0,255,255,255,0,255,255,255,0,251,251,251,67,204,200,194,168,115,93,78,247,96,73,48,255,78,58,32,253,90,62,36,251,96,71,42,255,107,82,59,249,83,60,36,255,86,60,34,255,92,60,29,255,95,60,25,255,118,81,40,255,125,86,44,255,115,78,38,255,121,84,41,255,115,86,39,251,119,81,36,255,146,101,65,249,148,94,64,253,132,86,47,255,129,84,47,255,129,85,55,249,117,75,40,255,93,65,27,253,95,65,26,255,110,74,36,255,118,78,41,255,121,82,46,249,120,81,41,255,99,73,36,251,93,68,37,255,73,55,33,255,81,65,50,251,224,222,220,173,255,255,255,0,255,255,255,0,255,255,255,0,255,255,255,0,255,255,255,0,255,255,255,0,255,255,255,0,255,255,255,0,255,255,255,0,255,255,255,0,255,255,255,0,255,255,255,0,255,255,255,0,255,255,255,0,255,255,255,0,255,255,255,0,255,255,255,0,255,255,255,0,255,255,255,0,255,255,255,0,255,255,255,0,255,255,255,0,255,255,255,0,255,255,255,0,255,255,255,0,255,255,255,0,255,255,255,0,255,255,255,0,255,255,255,0,255,255,255,0,255,255,255,0,255,255,255,0,255,255,255,0,255,255,255,0,255,255,255,0,255,255,255,0,255,255,255,0,255,255,255,0,255,255,255,0,
255,255,255,0,255,255,255,0,255,255,255,0,255,255,255,0,255,255,255,0,255,255,255,0,255,255,255,0,255,255,255,0,255,255,255,0,255,255,255,0,255,255,255,0,255,255,255,0,255,255,255,0,255,255,255,0,255,255,255,0,255,255,255,0,255,255,255,0,255,255,255,0,255,255,255,29,119,111,105,255,142,126,110,251,56,37,12,255,95,71,37,255,106,75,37,255,110,74,36,255,108,71,33,255,98,58,21,255,108,71,33,249,105,68,26,255,122,80,41,255,115,72,31,255,107,60,17,255,148,98,52,251,165,102,55,255,199,129,80,255,222,148,98,255,204,130,80,255,191,124,74,255,165,105,56,255,147,95,53,255,123,75,38,255,107,62,31,255,92,55,28,255,65,40,12,255,45,28,6,255,21,6,0,255,19,6,0,255,21,12,0,255,15,9,0,255,26,19,6,255,34,23,6,255,43,28,9,255,69,47,21,255,128,95,65,255,91,58,25,255,69,42,12,255,86,60,26,255,92,58,23,255,99,62,26,255,106,71,29,255,96,62,19,255,89,53,17,255,104,65,31,255,126,82,43,255,125,80,37,255,124,79,34,255,130,85,40,255,135,87,43,255,135,85,44,255,140,90,49,255,140,90,47,255,138,91,47,255,138,91,47,255,141,91,50,255,144,93,52,255,140,95,52,255,131,85,43,255,123,76,32,255,124,77,33,255,149,101,60,255,139,93,53,255,128,81,43,255,137,87,55,255,149,95,60,255,143,90,52,255,133,87,47,255,127,84,47,255,112,74,38,255,93,63,29,255,73,52,23,255,62,48,21,255,58,47,21,255,41,31,9,255,17,9,0,255,9,3,0,255,18,12,12,251,65,63,56,243,255,255,255,3,255,255,255,0,255,255,255,0,255,255,255,0,255,255,255,0,255,255,255,0,255,255,255,0,255,255,255,0,255,255,255,0,255,255,255,0,255,255,255,0,255,255,255,0,255,255,255,0,255,255,255,0,255,255,255,0,255,255,255,0,255,255,255,0,255,255,255,0,255,255,255,0,255,255,255,0,255,255,255,0,255,255,255,0,255,255,255,0,255,255,255,0,255,255,255,0,255,255,255,4,255,255,255,24,239,237,235,120,91,72,56,247,50,29,9,255,41,21,0,255,42,25,6,255,84,65,49,255,87,68,49,255,81,55,29,255,88,56,23,255,115,74,36,255,119,77,34,255,112,73,31,255,114,77,34,255,116,81,36,255,131,95,50,249,145,94,53,255,149,96,56,255,137,92,51,251,142,96,55,251,134,83,47,255,139,90,58,253,95,64,25,253,88,55,15,255,124,84,47,255,144,98,64,253,141,93,49,255,150,102,58,255,134,86,49,253,131,91,55,255,106,74,50,253,101,76,56,255,95,75,63,255,183,177,173,204,255,255,255,0,255,255,255,0,255,255,255,0,255,255,255,0,255,255,255,0,255,255,255,0,255,255,255,0,255,255,255,0,255,255,255,0,255,255,255,0,255,255,255,0,255,255,255,0,255,255,255,0,255,255,255,0,255,255,255,0,255,255,255,0,255,255,255,0,255,255,255,0,255,255,255,0,255,255,255,0,255,255,255,0,255,255,255,0,255,255,255,0,255,255,255,0,255,255,255,0,255,255,255,0,255,255,255,0,255,255,255,0,255,255,255,0,255,255,255,0,255,255,255,0,255,255,255,0,255,255,255,0,255,255,255,0,255,255,255,0,255,255,255,0,255,255,255,0,255,255,255,0,
255,255,255,0,255,255,255,0,255,255,255,0,255,255,255,0,255,255,255,0,255,255,255,0,255,255,255,0,255,255,255,0,255,255,255,0,255,255,255,0,255,255,255,0,255,255,255,0,255,255,255,0,255,255,255,0,255,255,255,0,255,255,255,0,255,255,255,0,255,255,255,30,138,128,120,255,26,9,0,255,60,37,9,255,108,78,47,255,106,73,38,255,117,84,47,255,100,71,35,251,87,50,17,255,91,52,19,255,97,56,23,255,115,74,37,255,122,81,39,255,122,79,36,255,111,60,17,255,165,106,62,255,197,128,81,255,215,140,93,255,214,142,94,255,197,130,82,255,179,116,68,255,154,97,55,255,138,90,52,255,111,71,37,255,93,55,29,255,62,34,12,255,36,15,0,255,23,9,0,255,6,0,0,255,9,3,0,255,9,0,0,255,34,23,6,255,52,37,12,255,71,50,19,255,90,62,25,255,113,77,36,255,158,117,77,255,115,74,39,255,62,36,3,255,76,55,21,255,95,65,29,255,110,72,34,255,123,82,42,255,118,74,36,255,95,55,17,255,101,63,26,255,112,73,33,255,116,75,33,255,110,65,25,255,124,78,38,255,147,96,60,247,146,89,53,253,133,81,39,255,140,92,48,255,136,93,49,251,136,90,50,255,135,87,47,255,138,90,52,255,141,98,55,251,125,81,43,253,111,68,19,255,115,74,31,255,130,93,60,255,127,87,62,255,104,63,40,255,113,72,52,253,132,85,55,255,153,102,71,251,151,103,62,255,157,105,65,253,156,102,60,251,147,97,52,255,139,96,48,255,123,87,42,255,120,87,48,255,86,60,31,255,9,0,0,255,9,3,0,255,15,9,6,253,56,54,40,251,255,255,255,3,255,255,255,0,255,255,255,0,255,255,255,0,255,255,255,0,255,255,255,0,255,255,255,0,255,255,255,0,255,255,255,0,255,255,255,0,255,255,255,0,255,255,255,0,255,255,255,0,255,255,255,0,255,255,255,0,255,255,255,0,255,255,255,0,255,255,255,0,255,255,255,0,255,255,255,0,255,255,255,0,255,255,255,0,255,255,255,0,255,255,255,0,255,255,255,0,255,255,255,0,255,255,255,0,255,255,255,1,255,255,255,35,141,132,127,217,77,68,58,249,62,50,38,255,76,63,52,255,85,71,56,255,67,48,29,255,74,49,21,255,117,84,44,251,122,84,39,251,119,80,38,255,116,76,34,255,124,84,39,255,135,88,48,253,154,98,59,253,155,98,58,255,150,98,57,251,143,88,49,255,151,96,58,255,147,98,60,255,101,60,21,255,90,52,12,255,123,83,46,255,150,106,68,255,155,106,60,255,167,116,67,255,162,108,62,255,160,108,65,255,136,88,55,253,115,76,48,255,60,31,12,255,54,36,28,255,231,229,229,162,255,255,255,0,255,255,255,0,255,255,255,0,255,255,255,0,255,255,255,0,255,255,255,0,255,255,255,0,255,255,255,0,255,255,255,0,255,255,255,0,255,255,255,0,255,255,255,0,255,255,255,0,255,255,255,0,255,255,255,0,255,255,255,0,255,255,255,0,255,255,255,0,255,255,255,0,255,255,255,0,255,255,255,0,255,255,255,0,255,255,255,0,255,255,255,0,255,255,255,0,255,255,255,0,255,255,255,0,255,255,255,0,255,255,255,0,255,255,255,0,255,255,255,0,255,255,255,0,255,255,255,0,255,255,255,0,255,255,255,0,255,255,255,0,255,255,255,0,
255,255,255,0,255,255,255,0,255,255,255,0,255,255,255,0,255,255,255,0,255,255,255,0,255,255,255,0,255,255,255,0,255,255,255,0,255,255,255,0,255,255,255,0,255,255,255,0,255,255,255,0,255,255,255,0,255,255,255,0,255,255,255,0,254,254,254,77,153,145,137,255,90,74,56,255,76,53,26,255,115,87,55,247,131,98,62,255,105,69,38,253,110,75,44,249,99,65,33,255,92,58,26,255,90,55,21,255,97,56,23,255,115,71,36,255,118,74,33,255,137,90,47,255,145,93,47,255,176,117,71,255,192,125,76,255,181,111,65,255,164,100,55,255,155,98,55,255,142,89,47,255,131,85,47,255,115,76,44,255,83,50,21,255,80,53,31,255,48,28,9,255,12,0,0,255,21,12,3,255,36,26,17,255,42,31,21,255,58,41,28,255,65,44,26,255,62,38,12,255,90,62,25,255,117,83,39,255,126,83,37,255,143,95,53,255,117,73,34,255,82,52,19,255,79,55,21,255,76,44,6,255,113,74,34,255,145,97,58,255,133,82,44,255,105,60,21,255,114,72,33,255,119,76,36,255,121,80,38,255,140,99,63,249,131,83,44,255,137,84,44,255,144,92,49,255,150,99,57,251,138,92,50,255,145,101,60,255,135,94,58,249,127,83,46,255,122,78,40,255,110,65,26,255,115,74,32,255,134,96,49,255,122,87,47,255,103,74,49,255,101,74,58,255,90,60,44,251,87,55,36,255,100,62,34,255,113,69,36,255,147,103,64,247,142,90,45,255,172,112,65,255,169,107,56,255,173,116,62,255,156,103,52,255,132,82,37,255,110,69,33,255,67,43,15,255,68,50,28,255,64,49,25,253,63,54,36,251,206,205,202,170,254,254,254,44,255,255,255,15,255,255,255,0,255,255,255,0,255,255,255,0,255,255,255,0,255,255,255,0,255,255,255,0,255,255,255,0,255,255,255,0,255,255,255,0,255,255,255,0,255,255,255,0,255,255,255,0,255,255,255,0,255,255,255,0,255,255,255,0,255,255,255,0,255,255,255,0,255,255,255,0,255,255,255,0,255,255,255,0,255,255,255,0,255,255,255,0,255,255,255,0,255,255,255,0,255,255,255,0,255,255,255,0,255,255,255,10,208,205,204,170,101,95,89,247,70,65,61,253,50,42,33,255,77,71,59,249,73,55,36,255,123,89,56,255,132,91,52,255,117,77,36,255,120,84,40,251,139,96,58,249,137,87,43,255,142,88,44,255,158,99,61,253,151,93,55,255,151,93,55,255,146,94,50,251,138,91,47,255,115,74,32,255,113,74,34,255,97,56,21,255,110,65,29,255,137,90,47,255,147,96,48,255,146,90,44,255,153,96,53,255,135,85,42,255,129,84,47,255,123,85,64,253,118,92,73,253,119,105,98,251,229,228,227,145,255,255,255,0,255,255,255,0,255,255,255,0,255,255,255,0,255,255,255,0,255,255,255,0,255,255,255,0,255,255,255,0,255,255,255,0,255,255,255,0,255,255,255,0,255,255,255,0,255,255,255,0,255,255,255,0,255,255,255,0,255,255,255,0,255,255,255,0,255,255,255,0,255,255,255,0,255,255,255,0,255,255,255,0,255,255,255,0,255,255,255,0,255,255,255,0,255,255,255,0,255,255,255,0,255,255,255,0,255,255,255,0,255,255,255,0,255,255,255,0,255,255,255,0,255,255,255,0,255,255,255,0,255,255,255,0,255,255,255,0,255,255,255,0,
255,255,255,0,255,255,255,0,255,255,255,0,255,255,255,0,255,255,255,0,255,255,255,0,255,255,255,0,255,255,255,0,255,255,255,0,255,255,255,0,255,255,255,0,255,255,255,0,255,255,255,0,255,255,255,0,255,255,255,0,252,251,250,162,59,51,43,251,21,12,12,251,42,21,0,255,118,92,55,255,122,96,56,251,144,114,77,255,107,75,42,255,85,52,21,255,91,64,32,253,98,65,32,255,94,58,23,255,99,56,19,255,102,55,17,255,117,65,25,255,144,92,47,255,168,112,65,255,192,134,85,255,202,143,100,255,164,110,67,255,122,76,36,255,116,75,38,255,102,68,31,255,97,68,36,255,87,62,38,255,68,48,26,255,58,40,21,255,25,12,0,255,0,0,0,255,21,17,12,255,56,41,31,255,75,52,37,255,105,72,50,255,104,68,40,255,87,52,21,255,120,84,49,255,147,108,68,255,146,102,62,255,144,93,55,255,121,72,36,255,96,55,21,255,94,58,23,255,85,47,9,255,117,73,34,255,163,108,67,255,152,95,55,255,117,63,23,255,116,68,26,255,113,69,26,255,125,82,38,255,137,89,48,255,148,98,58,255,144,91,52,255,145,93,58,253,142,99,58,255,138,95,58,253,141,99,62,251,133,94,56,255,119,85,50,253,107,72,33,255,88,47,9,255,106,67,26,255,142,105,65,255,123,93,64,253,76,65,48,253,63,53,43,255,60,47,36,255,73,61,41,249,70,53,25,253,80,50,19,255,114,75,42,255,140,94,55,251,193,132,91,255,206,141,98,251,211,144,96,255,191,126,76,255,162,103,58,255,161,109,68,255,128,84,48,255,115,76,47,255,105,71,41,255,80,53,31,255,52,38,26,255,19,12,6,255,58,55,50,243,185,184,181,202,254,254,254,53,255,255,255,0,255,255,255,0,255,255,255,0,255,255,255,0,255,255,255,0,255,255,255,0,255,255,255,0,255,255,255,0,255,255,255,0,255,255,255,0,255,255,255,0,255,255,255,0,255,255,255,0,255,255,255,0,255,255,255,0,255,255,255,0,255,255,255,0,255,255,255,0,255,255,255,0,255,255,255,0,255,255,255,0,255,255,255,0,255,255,255,0,255,255,255,0,255,255,255,0,255,255,255,8,215,213,213,163,68,64,59,249,54,46,39,249,56,58,52,255,97,90,80,243,122,94,74,255,147,107,76,253,112,75,39,253,117,74,28,255,143,90,48,255,160,103,65,251,152,100,62,253,151,100,58,255,159,110,75,245,160,103,65,253,142,90,50,253,132,87,40,255,121,80,36,255,115,74,36,255,91,50,17,255,83,42,9,255,125,81,42,255,141,92,53,255,138,87,48,255,140,90,49,255,139,94,52,255,144,103,63,247,147,101,62,255,137,95,65,253,81,54,35,251,34,21,3,255,253,253,253,79,255,255,255,0,255,255,255,0,255,255,255,0,255,255,255,0,255,255,255,0,255,255,255,0,255,255,255,0,255,255,255,0,255,255,255,0,255,255,255,0,255,255,255,0,255,255,255,0,255,255,255,0,255,255,255,0,255,255,255,0,255,255,255,0,255,255,255,0,255,255,255,0,255,255,255,0,255,255,255,0,255,255,255,0,255,255,255,0,255,255,255,0,255,255,255,0,255,255,255,0,255,255,255,0,255,255,255,0,255,255,255,0,255,255,255,0,255,255,255,0,255,255,255,0,255,255,255,0,255,255,255,0,255,255,255,0,255,255,255,0,
255,255,255,0,255,255,255,0,255,255,255,0,255,255,255,0,255,255,255,0,255,255,255,0,255,255,255,0,255,255,255,0,255,255,255,0,255,255,255,0,255,255,255,0,255,255,255,0,255,255,255,0,255,255,255,0,115,113,109,251,73,65,55,255,94,81,65,255,104,81,55,255,98,69,36,255,99,69,31,249,84,52,15,255,98,71,36,251,81,53,21,255,70,48,18,253,80,50,19,255,95,60,28,255,111,73,37,255,135,89,48,255,135,85,44,255,146,94,52,255,150,96,52,255,155,99,53,255,141,86,42,255,135,87,46,255,122,80,43,255,98,65,32,255,86,60,31,255,62,41,12,255,42,25,3,255,25,12,0,255,21,12,0,255,19,9,0,255,12,9,0,255,9,9,6,255,6,3,0,255,17,3,0,255,58,32,9,255,111,72,41,255,124,79,46,255,126,83,52,255,116,75,40,255,101,60,23,255,107,62,25,255,137,85,49,255,130,78,42,255,107,62,25,255,121,77,39,255,137,90,53,255,147,97,56,255,164,103,60,255,168,105,62,255,158,99,56,255,153,98,56,255,131,84,40,255,132,87,44,255,148,99,59,251,137,86,45,255,138,90,52,255,116,74,40,253,68,32,0,255,86,55,19,255,85,53,19,255,75,47,12,255,76,52,19,255,72,53,18,253,69,44,12,253,77,44,12,255,84,55,21,255,74,50,23,255,52,42,26,255,47,44,33,255,50,46,33,255,52,43,25,255,58,44,19,255,77,54,31,251,78,50,23,255,95,58,28,249,120,68,36,255,132,69,32,255,170,104,62,255,176,108,65,255,161,98,55,255,156,96,55,255,166,109,67,255,154,102,62,255,129,82,47,255,110,74,44,255,99,77,56,251,69,53,38,255,60,47,36,255,39,31,25,253,27,21,24,251,255,255,255,8,255,255,255,0,255,255,255,0,255,255,255,0,255,255,255,0,255,255,255,0,255,255,255,0,255,255,255,0,255,255,255,0,255,255,255,0,255,255,255,0,255,255,255,0,255,255,255,0,255,255,255,0,255,255,255,0,255,255,255,0,255,255,255,0,255,255,255,0,255,255,255,0,255,255,255,0,255,255,255,0,255,255,255,0,255,255,255,0,255,255,255,0,255,255,255,0,255,255,255,0,255,255,255,0,211,210,210,148,70,68,67,230,33,36,36,243,12,12,9,255,75,58,48,255,103,77,55,255,118,87,52,255,134,99,62,249,134,89,47,251,126,76,36,255,128,82,39,255,126,81,38,255,142,87,53,253,137,84,44,255,129,82,36,255,141,98,49,251,127,86,42,255,124,83,43,255,129,87,52,255,119,75,44,255,112,69,33,255,108,65,29,255,114,69,36,255,107,62,26,255,120,84,40,251,124,80,37,255,142,95,55,249,147,98,60,255,120,84,49,255,121,99,75,249,122,108,100,251,255,255,255,39,255,255,255,0,255,255,255,0,255,255,255,0,255,255,255,0,255,255,255,0,255,255,255,0,255,255,255,0,255,255,255,0,255,255,255,0,255,255,255,0,255,255,255,0,255,255,255,0,255,255,255,0,255,255,255,0,255,255,255,0,255,255,255,0,255,255,255,0,255,255,255,0,255,255,255,0,255,255,255,0,255,255,255,0,255,255,255,0,255,255,255,0,255,255,255,0,255,255,255,0,255,255,255,0,255,255,255,0,255,255,255,0,255,255,255,0,255,255,255,0,255,255,255,0,255,255,255,0,255,255,255,0,255,255,255,0,
255,255,255,0,255,255,255,0,255,255,255,0,255,255,255,0,255,255,255,0,255,255,255,0,255,255,255,0,255,255,255,0,255,255,255,0,255,255,255,0,255,255,255,0,255,255,255,0,255,255,255,0,255,255,255,79,40,39,37,251,12,6,6,253,94,73,52,255,153,115,82,255,123,84,51,249,87,55,21,255,81,52,23,255,84,62,32,245,67,44,9,255,74,50,17,255,77,56,21,253,85,52,17,255,113,68,33,255,148,91,48,255,154,93,47,255,154,99,55,255,154,102,60,255,162,106,69,255,139,87,55,255,112,72,39,255,108,77,49,255,87,65,41,255,68,50,31,255,45,32,15,255,23,15,3,255,6,0,0,255,3,0,0,255,0,0,0,255,12,9,9,255,19,17,17,255,9,6,0,255,9,0,0,255,49,29,0,255,116,83,43,255,132,91,50,255,142,98,60,255,119,75,38,255,88,47,9,255,97,58,19,255,122,76,36,255,109,60,19,255,107,60,15,255,128,81,34,255,155,100,58,255,167,108,67,255,178,113,65,255,182,114,68,255,180,116,74,255,167,110,68,255,142,94,50,255,144,98,56,255,143,95,53,255,150,102,65,251,151,111,74,255,121,88,58,253,49,25,6,253,52,37,6,255,63,49,27,251,50,38,12,255,55,47,25,255,54,46,25,255,58,44,25,255,62,44,25,255,55,36,12,255,56,39,19,255,61,53,37,253,62,59,43,251,59,54,36,251,55,47,25,255,63,54,35,251,52,40,17,255,53,37,12,255,75,52,28,255,97,66,47,247,119,80,51,251,151,95,62,255,162,102,60,255,157,98,53,255,172,114,65,255,196,136,84,255,179,123,75,255,148,98,58,255,125,80,44,255,103,68,33,255,76,49,17,255,65,47,21,253,53,40,26,255,207,204,204,193,255,255,255,1,255,255,255,0,255,255,255,0,255,255,255,0,255,255,255,0,255,255,255,0,255,255,255,0,255,255,255,0,255,255,255,0,255,255,255,0,255,255,255,0,255,255,255,0,255,255,255,0,255,255,255,0,255,255,255,0,255,255,255,0,255,255,255,0,255,255,255,0,255,255,255,0,255,255,255,0,255,255,255,0,255,255,255,0,255,255,255,0,255,255,255,0,255,255,255,0,255,255,255,0,255,255,255,0,255,255,255,0,255,255,255,0,255,255,255,0,255,255,255,10,245,245,245,104,148,144,139,209,120,106,81,253,137,113,80,255,118,82,55,253,115,74,39,255,117,84,43,251,115,75,31,255,142,96,53,255,165,124,90,241,137,90,44,255,124,79,34,255,135,89,47,255,142,96,55,255,148,99,62,255,137,90,53,255,101,60,21,255,76,40,3,255,93,55,23,255,85,47,15,255,110,75,42,253,123,84,43,255,138,90,54,253,141,90,52,255,150,102,68,249,136,95,65,255,81,64,48,253,112,103,99,230,255,255,255,14,255,255,255,0,255,255,255,0,255,255,255,0,255,255,255,0,255,255,255,0,255,255,255,0,255,255,255,0,255,255,255,0,255,255,255,0,255,255,255,0,255,255,255,0,255,255,255,0,255,255,255,0,255,255,255,0,255,255,255,0,255,255,255,0,255,255,255,0,255,255,255,0,255,255,255,0,255,255,255,0,255,255,255,0,255,255,255,0,255,255,255,0,255,255,255,0,255,255,255,0,255,255,255,0,255,255,255,0,255,255,255,0,255,255,255,0,255,255,255,0,255,255,255,0,255,255,255,0,255,255,255,0,
255,255,255,0,255,255,255,0,255,255,255,0,255,255,255,0,255,255,255,0,255,255,255,0,255,255,255,0,255,255,255,0,255,255,255,0,255,255,255,0,255,255,255,0,255,255,255,0,255,255,255,0,255,255,255,0,115,113,109,255,68,58,46,255,114,91,66,253,143,99,63,255,116,68,29,255,102,70,43,247,83,62,34,253,63,43,12,255,86,65,35,251,65,43,9,255,85,58,26,255,103,67,36,255,138,91,56,255,174,112,68,255,162,99,52,255,144,92,46,255,124,78,36,255,117,69,36,255,92,52,21,255,78,50,23,255,44,25,3,255,21,6,0,255,17,6,0,255,17,9,0,255,6,3,0,255,0,0,0,255,0,0,3,255,15,12,15,255,9,3,3,255,9,3,0,255,33,21,9,255,96,77,53,255,98,72,36,255,126,89,47,255,128,87,41,255,137,91,52,255,113,68,31,255,86,48,9,255,104,67,26,255,136,93,50,255,146,96,50,255,164,112,63,255,168,114,63,255,166,107,62,255,171,107,65,255,168,100,55,255,173,108,62,255,164,103,62,255,142,87,47,255,106,62,19,255,103,63,21,255,114,72,33,255,107,66,37,253,103,72,39,247,74,50,19,255,54,40,12,255,36,31,6,255,24,21,12,251,69,66,59,233,150,148,144,193,176,174,171,176,201,200,198,155,215,214,213,140,220,219,218,134,218,217,215,137,214,213,210,142,209,207,205,148,140,139,133,199,56,53,44,239,19,12,0,255,32,25,9,253,43,36,23,247,41,31,21,249,21,0,0,255,60,31,9,255,122,81,48,255,149,99,60,255,157,103,60,255,165,107,58,255,153,96,44,255,153,97,47,255,156,103,63,255,125,79,41,255,118,78,37,255,109,75,36,255,87,67,35,249,79,63,43,255,253,253,253,63,255,255,255,0,255,255,255,0,255,255,255,0,255,255,255,0,255,255,255,0,255,255,255,0,255,255,255,0,255,255,255,0,255,255,255,0,255,255,255,0,255,255,255,0,255,255,255,0,255,255,255,0,255,255,255,0,255,255,255,0,255,255,255,0,255,255,255,0,255,255,255,0,255,255,255,0,255,255,255,0,255,255,255,0,255,255,255,0,255,255,255,0,255,255,255,0,255,255,255,0,255,255,255,0,255,255,255,0,255,255,255,0,255,255,255,0,255,255,255,0,255,255,255,0,255,255,255,0,255,255,255,2,255,255,255,21,227,227,223,136,114,101,83,239,98,74,46,251,90,65,34,253,95,62,23,255,118,85,50,247,112,73,33,255,115,74,31,255,123,81,40,253,133,90,47,255,135,89,47,255,145,95,52,255,148,100,56,255,137,96,52,255,116,78,41,255,91,56,26,255,78,45,17,255,96,62,26,255,116,83,50,247,120,83,46,251,129,82,47,255,135,81,44,255,136,89,55,255,113,81,55,255,121,107,89,247,242,241,241,123,255,255,255,0,255,255,255,0,255,255,255,0,255,255,255,0,255,255,255,0,255,255,255,0,255,255,255,0,255,255,255,0,255,255,255,0,255,255,255,0,255,255,255,0,255,255,255,0,255,255,255,0,255,255,255,0,255,255,255,0,255,255,255,0,255,255,255,0,255,255,255,0,255,255,255,0,255,255,255,0,255,255,255,0,255,255,255,0,255,255,255,0,255,255,255,0,255,255,255,0,255,255,255,0,255,255,255,0,255,255,255,0,255,255,255,0,255,255,255,0,255,255,255,0,255,255,255,0,255,255,255,0,
255,255,255,0,255,255,255,0,255,255,255,0,255,255,255,0,255,255,255,0,255,255,255,0,255,255,255,0,255,255,255,0,255,255,255,0,255,255,255,0,255,255,255,0,255,255,255,0,255,255,255,0,255,255,255,0,255,255,255,43,119,111,100,251,117,95,73,255,142,96,62,253,121,77,37,251,87,50,19,255,81,55,26,255,88,68,43,247,73,52,25,255,66,46,18,253,93,60,34,255,111,72,46,255,145,98,65,255,177,117,75,255,157,98,52,255,133,87,43,255,107,71,26,255,94,63,25,255,74,50,17,255,58,43,17,255,21,12,0,255,3,0,0,255,6,0,0,255,6,0,0,255,0,0,0,255,0,3,6,255,9,9,15,255,25,21,21,255,9,0,0,255,15,0,0,255,54,26,9,255,135,97,63,255,129,83,43,255,138,91,47,255,134,86,42,255,128,84,42,255,108,68,26,255,87,52,9,255,107,71,26,255,144,97,50,255,160,106,55,255,191,131,79,255,181,119,67,255,173,110,62,255,169,106,62,255,165,101,58,255,164,105,62,255,146,93,55,255,127,83,47,255,94,58,21,255,90,58,23,255,107,77,43,251,91,61,32,253,68,41,9,255,68,47,21,255,58,47,28,255,209,208,205,158,255,255,255,17,255,255,255,0,255,255,255,0,255,255,255,0,255,255,255,0,255,255,255,0,255,255,255,0,255,255,255,0,255,255,255,0,255,255,255,0,255,255,255,0,255,255,255,6,253,253,253,50,247,247,247,81,207,207,206,148,50,44,40,241,18,12,12,251,46,31,12,253,103,75,46,255,135,98,60,255,148,98,58,255,153,96,53,255,140,89,41,255,130,78,33,255,141,90,52,255,138,92,55,255,133,96,59,247,107,76,36,255,94,71,39,255,147,139,124,220,255,255,255,23,255,255,255,0,255,255,255,0,255,255,255,0,255,255,255,0,255,255,255,0,255,255,255,0,255,255,255,0,255,255,255,0,255,255,255,0,255,255,255,0,255,255,255,0,255,255,255,0,255,255,255,0,255,255,255,0,255,255,255,0,255,255,255,0,255,255,255,0,255,255,255,0,255,255,255,0,255,255,255,0,255,255,255,0,255,255,255,0,255,255,255,0,255,255,255,0,255,255,255,0,255,255,255,0,255,255,255,0,255,255,255,0,255,255,255,0,255,255,255,0,255,255,255,0,255,255,255,0,255,255,255,0,255,255,255,0,255,255,255,0,255,255,255,7,223,221,219,145,76,55,39,255,76,53,31,255,94,70,46,253,87,63,28,255,108,79,38,255,118,89,43,251,123,84,39,255,129,87,39,255,145,99,48,255,148,99,49,255,144,97,50,255,142,99,58,255,90,55,25,255,86,55,26,255,89,62,32,253,95,60,31,255,104,69,46,253,118,78,48,255,120,77,39,255,145,103,64,247,130,89,49,255,141,109,84,251,148,141,132,237,255,255,255,6,255,255,255,0,255,255,255,0,255,255,255,0,255,255,255,0,255,255,255,0,255,255,255,0,255,255,255,0,255,255,255,0,255,255,255,0,255,255,255,0,255,255,255,0,255,255,255,0,255,255,255,0,255,255,255,0,255,255,255,0,255,255,255,0,255,255,255,0,255,255,255,0,255,255,255,0,255,255,255,0,255,255,255,0,255,255,255,0,255,255,255,0,255,255,255,0,255,255,255,0,255,255,255,0,255,255,255,0,255,255,255,0,255,255,255,0,255,255,255,0,255,255,255,0,255,255,255,0,
255,255,255,0,255,255,255,0,255,255,255,0,255,255,255,0,255,255,255,0,255,255,255,0,255,255,255,0,255,255,255,0,255,255,255,0,255,255,255,0,255,255,255,0,255,255,255,0,255,255,255,0,255,255,255,0,255,255,255,0,237,237,231,195,156,137,112,253,127,87,52,255,116,72,39,253,87,56,28,255,87,66,47,253,63,48,28,255,150,135,117,255,209,187,169,251,160,136,117,255,140,109,90,255,157,115,90,255,172,119,82,255,146,94,52,255,112,74,34,255,86,60,23,255,71,52,15,255,44,33,3,255,19,12,0,255,12,9,0,255,12,9,6,255,0,0,0,255,9,6,6,255,6,3,6,255,3,3,6,255,9,6,6,255,3,0,0,255,41,21,12,255,95,63,47,255,109,68,40,255,147,96,58,255,143,89,45,255,147,95,50,255,144,94,48,255,137,91,49,255,123,84,41,255,104,67,23,255,117,78,34,255,151,101,55,255,158,100,50,255,196,134,80,255,180,116,62,255,175,109,62,255,162,98,58,255,156,99,58,255,137,85,49,255,108,65,33,255,97,62,33,255,65,40,9,255,55,36,3,255,60,37,9,255,65,40,17,255,66,50,29,253,92,83,66,233,253,253,253,51,255,255,255,0,255,255,255,0,255,255,255,0,255,255,255,0,255,255,255,0,255,255,255,0,255,255,255,0,255,255,255,0,255,255,255,0,255,255,255,0,255,255,255,0,255,255,255,0,255,255,255,0,255,255,255,0,255,255,255,8,255,255,255,21,252,252,252,60,173,171,171,176,21,15,12,251,32,17,0,255,68,43,12,255,109,68,36,255,131,84,49,255,133,89,48,255,128,86,47,255,117,75,40,255,116,74,42,255,93,60,25,255,86,64,32,253,115,100,79,243,251,250,250,76,255,255,255,6,255,255,255,0,255,255,255,0,255,255,255,0,255,255,255,0,255,255,255,0,255,255,255,0,255,255,255,0,255,255,255,0,255,255,255,0,255,255,255,0,255,255,255,0,255,255,255,0,255,255,255,0,255,255,255,0,255,255,255,0,255,255,255,0,255,255,255,0,255,255,255,0,255,255,255,0,255,255,255,0,255,255,255,0,255,255,255,0,255,255,255,0,255,255,255,0,255,255,255,0,255,255,255,0,255,255,255,0,255,255,255,0,255,255,255,0,255,255,255,0,255,255,255,0,255,255,255,0,255,255,255,0,255,255,255,0,255,255,255,0,255,255,255,0,255,255,255,1,230,228,227,134,32,21,9,253,29,19,0,255,36,27,12,251,76,65,32,253,75,55,15,255,98,67,29,255,111,74,31,255,127,84,37,255,138,92,43,255,128,80,36,255,131,87,47,255,96,62,26,255,84,55,23,255,71,40,9,255,77,44,21,251,72,44,19,255,82,52,23,255,99,71,36,251,114,76,36,255,129,87,41,255,138,103,67,255,108,97,83,239,254,254,254,46,255,255,255,0,255,255,255,0,255,255,255,0,255,255,255,0,255,255,255,0,255,255,255,0,255,255,255,0,255,255,255,0,255,255,255,0,255,255,255,0,255,255,255,0,255,255,255,0,255,255,255,0,255,255,255,0,255,255,255,0,255,255,255,0,255,255,255,0,255,255,255,0,255,255,255,0,255,255,255,0,255,255,255,0,255,255,255,0,255,255,255,0,255,255,255,0,255,255,255,0,255,255,255,0,255,255,255,0,255,255,255,0,255,255,255,0,255,255,255,0,255,255,255,0,255,255,255,0,
255,255,255,0,255,255,255,0,255,255,255,0,255,255,255,0,255,255,255,0,255,255,255,0,255,255,255,0,255,255,255,0,255,255,255,0,255,255,255,0,255,255,255,0,255,255,255,0,255,255,255,0,255,255,255,0,255,255,255,0,255,255,255,17,180,160,139,253,113,75,47,255,95,64,34,253,74,55,33,255,98,90,74,251,75,71,64,249,169,166,158,253,252,252,246,245,205,198,193,249,156,141,132,251,155,131,114,255,151,110,80,255,123,81,47,255,84,62,28,249,62,46,17,255,55,46,23,255,12,6,0,255,6,0,0,255,15,9,12,255,21,17,19,255,15,12,15,255,23,23,25,253,15,15,15,253,15,9,9,255,12,0,0,255,12,0,0,255,83,52,32,255,183,133,104,255,161,103,65,255,156,101,60,255,157,103,60,255,151,97,52,255,149,97,52,255,144,99,57,251,128,84,44,255,120,84,40,251,131,83,47,253,161,106,65,255,167,108,65,255,181,120,66,253,173,111,58,255,168,101,60,255,155,93,56,255,133,83,49,255,117,82,47,251,71,39,12,251,67,43,15,255,49,32,9,255,68,54,37,251,74,64,48,245,145,141,135,204,243,242,241,99,255,255,255,6,255,255,255,0,255,255,255,0,255,255,255,0,255,255,255,0,255,255,255,0,255,255,255,0,255,255,255,0,255,255,255,0,255,255,255,0,255,255,255,0,255,255,255,0,255,255,255,0,255,255,255,0,255,255,255,0,255,255,255,0,255,255,255,0,255,255,255,0,255,255,255,0,255,255,255,1,255,255,255,29,165,163,160,190,51,37,23,253,75,56,35,253,108,75,54,249,109,77,47,255,113,86,54,251,81,52,26,255,85,58,36,255,82,58,34,255,91,73,58,249,245,245,244,98,255,255,255,17,255,255,255,0,255,255,255,0,255,255,255,0,255,255,255,0,255,255,255,0,255,255,255,0,255,255,255,0,255,255,255,0,255,255,255,0,255,255,255,0,255,255,255,0,255,255,255,0,255,255,255,0,255,255,255,0,255,255,255,0,255,255,255,0,255,255,255,0,255,255,255,0,255,255,255,0,255,255,255,0,255,255,255,0,255,255,255,0,255,255,255,0,255,255,255,0,255,255,255,0,255,255,255,0,255,255,255,0,255,255,255,0,255,255,255,0,255,255,255,0,255,255,255,0,255,255,255,0,255,255,255,0,255,255,255,0,255,255,255,0,255,255,255,0,255,255,255,0,255,255,255,0,255,255,255,0,239,239,239,105,93,93,87,226,23,23,9,255,52,51,33,251,53,49,21,255,69,55,28,255,87,62,34,255,106,68,32,255,115,71,33,255,111,69,35,253,112,74,36,255,102,74,36,251,98,69,33,255,69,42,12,255,56,31,3,255,53,31,3,255,59,38,9,253,81,59,33,251,77,56,21,253,123,82,40,255,132,94,58,255,134,124,110,222,253,253,253,56,255,255,255,0,255,255,255,0,255,255,255,0,255,255,255,0,255,255,255,0,255,255,255,0,255,255,255,0,255,255,255,0,255,255,255,0,255,255,255,0,255,255,255,0,255,255,255,0,255,255,255,0,255,255,255,0,255,255,255,0,255,255,255,0,255,255,255,0,255,255,255,0,255,255,255,0,255,255,255,0,255,255,255,0,255,255,255,0,255,255,255,0,255,255,255,0,255,255,255,0,255,255,255,0,255,255,255,0,255,255,255,0,255,255,255,0,255,255,255,0,255,255,255,0,255,255,255,0,
255,255,255,0,255,255,255,0,255,255,255,0,255,255,255,0,255,255,255,0,255,255,255,0,255,255,255,0,255,255,255,0,255,255,255,0,255,255,255,0,255,255,255,0,255,255,255,0,255,255,255,0,255,255,255,0,255,255,255,0,255,255,255,0,175,163,152,228,118,96,77,251,112,87,71,249,115,108,97,239,196,196,193,178,204,204,204,168,148,148,148,209,223,223,223,222,183,183,180,230,126,123,120,241,140,125,119,247,134,107,89,255,89,65,44,253,26,12,0,255,37,29,12,253,23,17,6,255,29,21,18,251,21,18,18,251,24,18,24,249,6,0,9,255,18,15,18,253,6,9,9,255,6,6,3,255,24,12,12,251,52,32,17,255,82,52,31,255,117,75,47,255,156,99,60,255,156,94,53,255,143,88,47,255,143,90,48,255,149,95,50,255,131,81,37,255,129,83,41,255,119,81,39,251,116,69,28,255,133,83,42,255,155,99,62,251,163,107,63,255,172,116,65,255,173,124,78,245,160,98,58,255,149,96,64,249,106,62,33,255,91,62,34,255,65,44,19,255,73,62,39,249,162,157,150,193,251,250,250,74,255,255,255,5,255,255,255,0,255,255,255,0,255,255,255,0,255,255,255,0,255,255,255,0,255,255,255,0,255,255,255,0,255,255,255,0,255,255,255,0,255,255,255,0,255,255,255,0,255,255,255,0,255,255,255,0,255,255,255,0,255,255,255,0,255,255,255,0,255,255,255,0,255,255,255,0,255,255,255,0,255,255,255,0,255,255,255,0,255,255,255,0,255,255,255,0,255,255,255,1,251,251,251,74,78,68,58,249,47,31,15,255,67,48,31,249,54,37,17,255,42,26,9,255,68,53,39,251,146,138,129,222,253,253,253,56,255,255,255,7,255,255,255,0,255,255,255,0,255,255,255,0,255,255,255,0,255,255,255,0,255,255,255,0,255,255,255,0,255,255,255,0,255,255,255,0,255,255,255,0,255,255,255,0,255,255,255,0,255,255,255,0,255,255,255,0,255,255,255,0,255,255,255,0,255,255,255,0,255,255,255,0,255,255,255,0,255,255,255,0,255,255,255,0,255,255,255,0,255,255,255,0,255,255,255,0,255,255,255,0,255,255,255,0,255,255,255,0,255,255,255,0,255,255,255,0,255,255,255,0,255,255,255,0,255,255,255,0,255,255,255,0,255,255,255,0,255,255,255,0,255,255,255,0,255,255,255,0,255,255,255,0,255,255,255,0,255,255,255,0,255,255,255,0,255,255,255,1,255,255,255,31,182,187,182,178,54,59,46,247,62,58,43,255,72,56,38,255,85,61,37,253,98,65,39,253,100,68,37,255,110,78,50,249,85,55,15,255,96,63,31,251,85,56,33,251,79,53,26,255,65,44,15,255,47,31,6,255,42,29,6,255,49,31,6,255,116,81,44,255,137,102,69,253,168,158,149,217,253,253,253,62,255,255,255,0,255,255,255,0,255,255,255,0,255,255,255,0,255,255,255,0,255,255,255,0,255,255,255,0,255,255,255,0,255,255,255,0,255,255,255,0,255,255,255,0,255,255,255,0,255,255,255,0,255,255,255,0,255,255,255,0,255,255,255,0,255,255,255,0,255,255,255,0,255,255,255,0,255,255,255,0,255,255,255,0,255,255,255,0,255,255,255,0,255,255,255,0,255,255,255,0,255,255,255,0,255,255,255,0,255,255,255,0,255,255,255,0,255,255,255,0,255,255,255,0,255,255,255,0,
255,255,255,0,255,255,255,0,255,255,255,0,255,255,255,0,255,255,255,0,255,255,255,0,255,255,255,0,255,255,255,0,255,255,255,0,255,255,255,0,255,255,255,0,255,255,255,0,255,255,255,0,255,255,255,0,255,255,255,0,255,255,255,0,255,255,255,1,255,255,255,10,255,255,255,12,255,255,255,3,255,255,255,2,255,255,255,2,255,255,255,3,255,255,255,16,255,255,255,18,253,253,253,55,225,225,225,143,93,87,82,255,42,37,29,255,18,18,18,249,6,3,0,255,25,23,23,247,6,0,3,255,12,3,9,255,12,3,9,255,32,28,32,247,9,6,12,255,23,25,25,253,27,24,18,249,12,0,0,255,96,65,43,255,156,111,81,255,173,120,83,255,168,111,71,255,154,96,58,255,139,87,52,255,135,86,49,255,144,91,53,255,127,77,36,255,115,74,35,253,107,65,21,255,126,87,47,247,130,80,36,255,154,102,60,255,160,106,65,251,159,110,60,255,154,106,60,255,163,113,75,255,121,73,42,255,83,51,28,249,72,53,29,247,205,202,197,160,255,255,255,34,255,255,255,0,255,255,255,0,255,255,255,0,255,255,255,0,255,255,255,0,255,255,255,0,255,255,255,0,255,255,255,0,255,255,255,0,255,255,255,0,255,255,255,0,255,255,255,0,255,255,255,0,255,255,255,0,255,255,255,0,255,255,255,0,255,255,255,0,255,255,255,0,255,255,255,0,255,255,255,0,255,255,255,0,255,255,255,0,255,255,255,0,255,255,255,0,255,255,255,0,255,255,255,0,255,255,255,0,255,255,255,0,255,255,255,11,143,143,142,195,48,44,44,239,28,25,23,247,79,78,78,226,172,171,171,181,253,253,253,55,255,255,255,5,255,255,255,0,255,255,255,0,255,255,255,0,255,255,255,0,255,255,255,0,255,255,255,0,255,255,255,0,255,255,255,0,255,255,255,0,255,255,255,0,255,255,255,0,255,255,255,0,255,255,255,0,255,255,255,0,255,255,255,0,255,255,255,0,255,255,255,0,255,255,255,0,255,255,255,0,255,255,255,0,255,255,255,0,255,255,255,0,255,255,255,0,255,255,255,0,255,255,255,0,255,255,255,0,255,255,255,0,255,255,255,0,255,255,255,0,255,255,255,0,255,255,255,0,255,255,255,0,255,255,255,0,255,255,255,0,255,255,255,0,255,255,255,0,255,255,255,0,255,255,255,0,255,255,255,0,255,255,255,0,255,255,255,0,255,255,255,0,255,255,255,0,255,255,255,0,255,255,255,0,254,254,254,39,191,191,191,166,53,45,39,251,60,47,31,255,75,63,39,249,73,53,31,255,77,61,34,253,71,43,12,255,72,39,9,255,92,60,33,255,81,50,26,255,66,45,18,253,51,32,12,253,18,9,6,253,12,0,0,255,103,77,52,255,127,101,76,253,192,185,180,207,252,252,252,71,255,255,255,2,255,255,255,0,255,255,255,0,255,255,255,0,255,255,255,0,255,255,255,0,255,255,255,0,255,255,255,0,255,255,255,0,255,255,255,0,255,255,255,0,255,255,255,0,255,255,255,0,255,255,255,0,255,255,255,0,255,255,255,0,255,255,255,0,255,255,255,0,255,255,255,0,255,255,255,0,255,255,255,0,255,255,255,0,255,255,255,0,255,255,255,0,255,255,255,0,255,255,255,0,255,255,255,0,255,255,255,0,255,255,255,0,255,255,255,0,255,255,255,0,255,255,255,0,
255,255,255,0,255,255,255,0,255,255,255,0,255,255,255,0,255,255,255,0,255,255,255,0,255,255,255,0,255,255,255,0,255,255,255,0,255,255,255,0,255,255,255,0,255,255,255,0,255,255,255,0,255,255,255,0,255,255,255,0,255,255,255,0,255,255,255,0,255,255,255,0,255,255,255,0,255,255,255,0,255,255,255,0,255,255,255,0,255,255,255,0,255,255,255,0,255,255,255,0,255,255,255,4,247,247,247,95,56,62,62,255,21,26,26,255,9,12,12,255,12,12,12,253,6,0,6,255,187,185,187,185,255,255,255,0,255,255,255,0,255,255,255,4,184,182,184,175,3,0,0,255,52,42,31,255,93,67,46,255,119,77,53,253,138,85,47,255,141,84,41,255,153,98,56,255,125,74,36,255,110,65,31,255,115,73,38,255,131,83,44,255,124,76,36,255,119,77,34,255,137,98,55,249,142,94,50,255,145,98,54,251,155,110,71,249,123,77,36,255,111,74,33,251,107,69,29,255,112,73,47,253,86,52,29,255,77,58,36,249,248,247,247,85,255,255,255,7,255,255,255,0,255,255,255,0,255,255,255,0,255,255,255,0,255,255,255,0,255,255,255,0,255,255,255,0,255,255,255,0,255,255,255,0,255,255,255,0,255,255,255,0,255,255,255,0,255,255,255,0,255,255,255,0,255,255,255,0,255,255,255,0,255,255,255,0,255,255,255,0,255,255,255,0,255,255,255,0,255,255,255,0,255,255,255,0,255,255,255,0,255,255,255,0,255,255,255,0,255,255,255,0,255,255,255,0,255,255,255,0,255,255,255,0,255,255,255,0,255,255,255,0,255,255,255,0,255,255,255,0,255,255,255,0,255,255,255,0,255,255,255,0,255,255,255,0,255,255,255,0,255,255,255,0,255,255,255,0,255,255,255,0,255,255,255,0,255,255,255,0,255,255,255,0,255,255,255,0,255,255,255,0,255,255,255,0,255,255,255,0,255,255,255,0,255,255,255,0,255,255,255,0,255,255,255,0,255,255,255,0,255,255,255,0,255,255,255,0,255,255,255,0,255,255,255,0,255,255,255,0,255,255,255,0,255,255,255,0,255,255,255,0,255,255,255,0,255,255,255,0,255,255,255,0,255,255,255,0,255,255,255,0,255,255,255,0,255,255,255,0,255,255,255,0,255,255,255,0,255,255,255,0,255,255,255,0,255,255,255,0,255,255,255,0,255,255,255,0,255,255,255,0,255,255,255,0,255,255,255,0,255,255,255,0,255,255,255,0,255,255,255,0,255,255,255,0,255,255,255,0,255,255,255,0,255,255,255,0,255,255,255,26,139,134,126,209,109,101,89,245,108,94,77,253,189,170,156,251,220,196,181,253,162,138,117,253,141,117,100,255,121,101,83,255,89,74,62,255,37,31,27,253,18,12,9,253,76,65,50,253,91,75,62,253,197,192,188,195,252,252,252,67,255,255,255,2,255,255,255,0,255,255,255,0,255,255,255,0,255,255,255,0,255,255,255,0,255,255,255,0,255,255,255,0,255,255,255,0,255,255,255,0,255,255,255,0,255,255,255,0,255,255,255,0,255,255,255,0,255,255,255,0,255,255,255,0,255,255,255,0,255,255,255,0,255,255,255,0,255,255,255,0,255,255,255,0,255,255,255,0,255,255,255,0,255,255,255,0,255,255,255,0,255,255,255,0,255,255,255,0,255,255,255,0,255,255,255,0,255,255,255,0,255,255,255,0,255,255,255,0,
255,255,255,0,255,255,255,0,255,255,255,0,255,255,255,0,255,255,255,0,255,255,255,0,255,255,255,0,255,255,255,0,255,255,255,0,255,255,255,0,255,255,255,0,255,255,255,0,255,255,255,0,255,255,255,0,255,255,255,0,255,255,255,0,255,255,255,0,255,255,255,0,255,255,255,0,255,255,255,0,255,255,255,0,255,255,255,0,255,255,255,0,255,255,255,0,255,255,255,0,255,255,255,0,255,255,255,26,31,34,32,253,21,24,24,251,15,18,21,253,3,3,6,255,225,224,224,131,255,255,255,0,255,255,255,0,255,255,255,0,255,255,255,0,244,245,245,94,12,6,6,253,88,65,58,253,159,121,99,249,147,96,60,255,131,79,36,255,144,92,49,255,146,95,55,255,124,78,40,255,74,38,0,255,101,65,26,255,115,72,29,255,119,74,29,255,114,70,31,253,126,81,36,255,145,96,59,247,145,94,53,255,146,97,65,253,129,89,53,255,93,65,32,253,79,53,25,255,91,68,46,251,190,183,178,181,255,255,255,30,255,255,255,1,255,255,255,0,255,255,255,0,255,255,255,0,255,255,255,0,255,255,255,0,255,255,255,0,255,255,255,0,255,255,255,0,255,255,255,0,255,255,255,0,255,255,255,0,255,255,255,0,255,255,255,0,255,255,255,0,255,255,255,0,255,255,255,0,255,255,255,0,255,255,255,0,255,255,255,0,255,255,255,0,255,255,255,0,255,255,255,0,255,255,255,0,255,255,255,0,255,255,255,0,255,255,255,0,255,255,255,0,255,255,255,0,255,255,255,0,255,255,255,0,255,255,255,0,255,255,255,0,255,255,255,0,255,255,255,0,255,255,255,0,255,255,255,0,255,255,255,0,255,255,255,0,255,255,255,0,255,255,255,0,255,255,255,0,255,255,255,0,255,255,255,0,255,255,255,0,255,255,255,0,255,255,255,0,255,255,255,0,255,255,255,0,255,255,255,0,255,255,255,0,255,255,255,0,255,255,255,0,255,255,255,0,255,255,255,0,255,255,255,0,255,255,255,0,255,255,255,0,255,255,255,0,255,255,255,0,255,255,255,0,255,255,255,0,255,255,255,0,255,255,255,0,255,255,255,0,255,255,255,0,255,255,255,0,255,255,255,0,255,255,255,0,255,255,255,0,255,255,255,0,255,255,255,0,255,255,255,0,255,255,255,0,255,255,255,0,255,255,255,0,255,255,255,0,255,255,255,0,255,255,255,0,255,255,255,0,255,255,255,0,255,255,255,0,255,255,255,0,255,255,255,0,255,255,255,0,255,255,255,0,255,255,255,0,255,255,255,0,255,255,255,0,255,255,255,1,255,255,255,12,254,254,254,43,251,251,251,70,251,251,251,74,252,252,252,64,254,254,254,49,255,255,255,33,255,255,255,23,255,255,255,18,255,255,255,17,255,255,255,17,255,255,255,18,255,255,255,5,255,255,255,0,255,255,255,0,255,255,255,0,255,255,255,0,255,255,255,0,255,255,255,0,255,255,255,0,255,255,255,0,255,255,255,0,255,255,255,0,255,255,255,0,255,255,255,0,255,255,255,0,255,255,255,0,255,255,255,0,255,255,255,0,255,255,255,0,255,255,255,0,255,255,255,0,255,255,255,0,255,255,255,0,255,255,255,0,255,255,255,0,255,255,255,0,255,255,255,0,255,255,255,0,255,255,255,0,255,255,255,0,255,255,255,0,255,255,255,0,255,255,255,0,255,255,255,0,
255,255,255,0,255,255,255,0,255,255,255,0,255,255,255,0,255,255,255,0,255,255,255,0,255,255,255,0,255,255,255,0,255,255,255,0,255,255,255,0,255,255,255,0,255,255,255,0,255,255,255,0,255,255,255,0,255,255,255,0,255,255,255,0,255,255,255,0,255,255,255,0,255,255,255,0,255,255,255,0,255,255,255,0,255,255,255,0,255,255,255,0,255,255,255,0,255,255,255,0,255,255,255,0,255,255,255,0,236,236,236,136,59,59,58,253,0,0,0,255,243,243,243,120,255,255,255,1,255,255,255,0,255,255,255,0,255,255,255,0,255,255,255,0,234,234,234,120,9,0,0,255,95,72,59,247,138,92,63,255,144,93,55,255,137,89,48,255,132,87,44,255,110,62,23,255,121,77,39,255,122,84,47,255,123,87,47,255,127,84,41,255,134,87,40,255,135,87,41,255,138,91,45,255,143,91,55,253,132,81,52,253,96,59,27,253,98,68,43,247,65,43,21,255,157,150,142,202,253,253,253,52,255,255,255,1,255,255,255,0,255,255,255,0,255,255,255,0,255,255,255,0,255,255,255,0,255,255,255,0,255,255,255,0,255,255,255,0,255,255,255,0,255,255,255,0,255,255,255,0,255,255,255,0,255,255,255,0,255,255,255,0,255,255,255,0,255,255,255,0,255,255,255,0,255,255,255,0,255,255,255,0,255,255,255,0,255,255,255,0,255,255,255,0,255,255,255,0,255,255,255,0,255,255,255,0,255,255,255,0,255,255,255,0,255,255,255,0,255,255,255,0,255,255,255,0,255,255,255,0,255,255,255,0,255,255,255,0,255,255,255,0,255,255,255,0,255,255,255,0,255,255,255,0,255,255,255,0,255,255,255,0,255,255,255,0,255,255,255,0,255,255,255,0,255,255,255,0,255,255,255,0,255,255,255,0,255,255,255,0,255,255,255,0,255,255,255,0,255,255,255,0,255,255,255,0,255,255,255,0,255,255,255,0,255,255,255,0,255,255,255,0,255,255,255,0,255,255,255,0,255,255,255,0,255,255,255,0,255,255,255,0,255,255,255,0,255,255,255,0,255,255,255,0,255,255,255,0,255,255,255,0,255,255,255,0,255,255,255,0,255,255,255,0,255,255,255,0,255,255,255,0,255,255,255,0,255,255,255,0,255,255,255,0,255,255,255,0,255,255,255,0,255,255,255,0,255,255,255,0,255,255,255,0,255,255,255,0,255,255,255,0,255,255,255,0,255,255,255,0,255,255,255,0,255,255,255,0,255,255,255,0,255,255,255,0,255,255,255,0,255,255,255,0,255,255,255,0,255,255,255,0,255,255,255,0,255,255,255,0,255,255,255,0,255,255,255,0,255,255,255,0,255,255,255,0,255,255,255,0,255,255,255,0,255,255,255,0,255,255,255,0,255,255,255,0,255,255,255,0,255,255,255,0,255,255,255,0,255,255,255,0,255,255,255,0,255,255,255,0,255,255,255,0,255,255,255,0,255,255,255,0,255,255,255,0,255,255,255,0,255,255,255,0,255,255,255,0,255,255,255,0,255,255,255,0,255,255,255,0,255,255,255,0,255,255,255,0,255,255,255,0,255,255,255,0,255,255,255,0,255,255,255,0,255,255,255,0,255,255,255,0,255,255,255,0,255,255,255,0,255,255,255,0,255,255,255,0,255,255,255,0,255,255,255,0,255,255,255,0,255,255,255,0,255,255,255,0,255,255,255,0,255,255,255,0,255,255,255,0,
255,255,255,0,255,255,255,0,255,255,255,0,255,255,255,0,255,255,255,0,255,255,255,0,255,255,255,0,255,255,255,0,255,255,255,0,255,255,255,0,255,255,255,0,255,255,255,0,255,255,255,0,255,255,255,0,255,255,255,0,255,255,255,0,255,255,255,0,255,255,255,0,255,255,255,0,255,255,255,0,255,255,255,0,255,255,255,0,255,255,255,0,255,255,255,0,255,255,255,0,255,255,255,0,255,255,255,0,255,255,255,1,189,191,189,186,148,148,148,193,255,255,255,3,255,255,255,0,255,255,255,0,255,255,255,0,255,255,255,0,255,255,255,0,141,141,140,218,9,0,0,255,82,62,46,255,151,112,91,251,151,112,78,249,128,91,52,255,111,72,32,255,97,50,12,255,116,68,31,255,149,99,60,255,141,90,52,255,133,83,42,255,141,91,48,255,141,95,45,251,144,97,50,255,156,107,71,255,131,85,61,253,68,38,12,255,77,55,37,251,249,249,248,81,255,255,255,1,255,255,255,0,255,255,255,0,255,255,255,0,255,255,255,0,255,255,255,0,255,255,255,0,255,255,255,0,255,255,255,0,255,255,255,0,255,255,255,0,255,255,255,0,255,255,255,0,255,255,255,0,255,255,255,0,255,255,255,0,255,255,255,0,255,255,255,0,255,255,255,0,255,255,255,0,255,255,255,0,255,255,255,0,255,255,255,0,255,255,255,0,255,255,255,0,255,255,255,0,255,255,255,0,255,255,255,0,255,255,255,0,255,255,255,0,255,255,255,0,255,255,255,0,255,255,255,0,255,255,255,0,255,255,255,0,255,255,255,0,255,255,255,0,255,255,255,0,255,255,255,0,255,255,255,0,255,255,255,0,255,255,255,0,255,255,255,0,255,255,255,0,255,255,255,0,255,255,255,0,255,255,255,0,255,255,255,0,255,255,255,0,255,255,255,0,255,255,255,0,255,255,255,0,255,255,255,0,255,255,255,0,255,255,255,0,255,255,255,0,255,255,255,0,255,255,255,0,255,255,255,0,255,255,255,0,255,255,255,0,255,255,255,0,255,255,255,0,255,255,255,0,255,255,255,0,255,255,255,0,255,255,255,0,255,255,255,0,255,255,255,0,255,255,255,0,255,255,255,0,255,255,255,0,255,255,255,0,255,255,255,0,255,255,255,0,255,255,255,0,255,255,255,0,255,255,255,0,255,255,255,0,255,255,255,0,255,255,255,0,255,255,255,0,255,255,255,0,255,255,255,0,255,255,255,0,255,255,255,0,255,255,255,0,255,255,255,0,255,255,255,0,255,255,255,0,255,255,255,0,255,255,255,0,255,255,255,0,255,255,255,0,255,255,255,0,255,255,255,0,255,255,255,0,255,255,255,0,255,255,255,0,255,255,255,0,255,255,255,0,255,255,255,0,255,255,255,0,255,255,255,0,255,255,255,0,255,255,255,0,255,255,255,0,255,255,255,0,255,255,255,0,255,255,255,0,255,255,255,0,255,255,255,0,255,255,255,0,255,255,255,0,255,255,255,0,255,255,255,0,255,255,255,0,255,255,255,0,255,255,255,0,255,255,255,0,255,255,255,0,255,255,255,0,255,255,255,0,255,255,255,0,255,255,255,0,255,255,255,0,255,255,255,0,255,255,255,0,255,255,255,0,255,255,255,0,255,255,255,0,255,255,255,0,255,255,255,0,255,255,255,0,255,255,255,0,255,255,255,0,255,255,255,0,255,255,255,0,255,255,255,0,
255,255,255,0,255,255,255,0,255,255,255,0,255,255,255,0,255,255,255,0,255,255,255,0,255,255,255,0,255,255,255,0,255,255,255,0,255,255,255,0,255,255,255,0,255,255,255,0,255,255,255,0,255,255,255,0,255,255,255,0,255,255,255,0,255,255,255,0,255,255,255,0,255,255,255,0,255,255,255,0,255,255,255,0,255,255,255,0,255,255,255,0,255,255,255,0,255,255,255,0,255,255,255,0,255,255,255,0,255,255,255,0,255,255,255,0,255,255,255,9,255,255,255,0,255,255,255,0,255,255,255,0,255,255,255,0,255,255,255,0,254,254,254,51,18,21,15,253,12,6,6,253,35,21,12,251,55,31,12,255,98,69,44,255,113,90,63,255,175,148,118,255,227,191,160,255,183,138,106,255,126,75,39,255,149,95,58,255,146,95,58,255,144,96,58,255,146,101,58,255,122,80,43,255,86,51,23,253,74,47,27,253,57,39,24,251,255,255,255,24,255,255,255,0,255,255,255,0,255,255,255,0,255,255,255,0,255,255,255,0,255,255,255,0,255,255,255,0,255,255,255,0,255,255,255,0,255,255,255,0,255,255,255,0,255,255,255,0,255,255,255,0,255,255,255,0,255,255,255,0,255,255,255,0,255,255,255,0,255,255,255,0,255,255,255,0,255,255,255,0,255,255,255,0,255,255,255,0,255,255,255,0,255,255,255,0,255,255,255,0,255,255,255,0,255,255,255,0,255,255,255,0,255,255,255,0,255,255,255,0,255,255,255,0,255,255,255,0,255,255,255,0,255,255,255,0,255,255,255,0,255,255,255,0,255,255,255,0,255,255,255,0,255,255,255,0,255,255,255,0,255,255,255,0,255,255,255,0,255,255,255,0,255,255,255,0,255,255,255,0,255,255,255,0,255,255,255,0,255,255,255,0,255,255,255,0,255,255,255,0,255,255,255,0,255,255,255,0,255,255,255,0,255,255,255,0,255,255,255,0,255,255,255,0,255,255,255,0,255,255,255,0,255,255,255,0,255,255,255,0,255,255,255,0,255,255,255,0,255,255,255,0,255,255,255,0,255,255,255,0,255,255,255,0,255,255,255,0,255,255,255,0,255,255,255,0,255,255,255,0,255,255,255,0,255,255,255,0,255,255,255,0,255,255,255,0,255,255,255,0,255,255,255,0,255,255,255,0,255,255,255,0,255,255,255,0,255,255,255,0,255,255,255,0,255,255,255,0,255,255,255,0,255,255,255,0,255,255,255,0,255,255,255,0,255,255,255,0,255,255,255,0,255,255,255,0,255,255,255,0,255,255,255,0,255,255,255,0,255,255,255,0,255,255,255,0,255,255,255,0,255,255,255,0,255,255,255,0,255,255,255,0,255,255,255,0,255,255,255,0,255,255,255,0,255,255,255,0,255,255,255,0,255,255,255,0,255,255,255,0,255,255,255,0,255,255,255,0,255,255,255,0,255,255,255,0,255,255,255,0,255,255,255,0,255,255,255,0,255,255,255,0,255,255,255,0,255,255,255,0,255,255,255,0,255,255,255,0,255,255,255,0,255,255,255,0,255,255,255,0,255,255,255,0,255,255,255,0,255,255,255,0,255,255,255,0,255,255,255,0,255,255,255,0,255,255,255,0,255,255,255,0,255,255,255,0,255,255,255,0,255,255,255,0,255,255,255,0,255,255,255,0,255,255,255,0,255,255,255,0,255,255,255,0,255,255,255,0,255,255,255,0,255,255,255,0,255,255,255,0,
255,255,255,0,255,255,255,0,255,255,255,0,255,255,255,0,255,255,255,0,255,255,255,0,255,255,255,0,255,255,255,0,255,255,255,0,255,255,255,0,255,255,255,0,255,255,255,0,255,255,255,0,255,255,255,0,255,255,255,0,255,255,255,0,255,255,255,0,255,255,255,0,255,255,255,0,255,255,255,0,255,255,255,0,255,255,255,0,255,255,255,0,255,255,255,0,255,255,255,0,255,255,255,0,255,255,255,0,255,255,255,0,255,255,255,0,255,255,255,0,255,255,255,0,255,255,255,0,255,255,255,0,255,255,255,0,255,255,255,0,252,252,252,71,12,12,12,253,25,23,21,255,21,17,12,255,28,21,18,249,73,65,55,255,114,109,99,255,209,201,185,255,252,247,224,253,216,185,157,255,100,65,29,253,139,94,58,253,135,92,52,255,127,87,50,255,132,98,68,255,87,64,42,253,54,33,24,249,226,224,223,131,255,255,255,15,255,255,255,0,255,255,255,0,255,255,255,0,255,255,255,0,255,255,255,0,255,255,255,0,255,255,255,0,255,255,255,0,255,255,255,0,255,255,255,0,255,255,255,0,255,255,255,0,255,255,255,0,255,255,255,0,255,255,255,0,255,255,255,0,255,255,255,0,255,255,255,0,255,255,255,0,255,255,255,0,255,255,255,0,255,255,255,0,255,255,255,0,255,255,255,0,255,255,255,0,255,255,255,0,255,255,255,0,255,255,255,0,255,255,255,0,255,255,255,0,255,255,255,0,255,255,255,0,255,255,255,0,255,255,255,0,255,255,255,0,255,255,255,0,255,255,255,0,255,255,255,0,255,255,255,0,255,255,255,0,255,255,255,0,255,255,255,0,255,255,255,0,255,255,255,0,255,255,255,0,255,255,255,0,255,255,255,0,255,255,255,0,255,255,255,0,255,255,255,0,255,255,255,0,255,255,255,0,255,255,255,0,255,255,255,0,255,255,255,0,255,255,255,0,255,255,255,0,255,255,255,0,255,255,255,0,255,255,255,0,255,255,255,0,255,255,255,0,255,255,255,0,255,255,255,0,255,255,255,0,255,255,255,0,255,255,255,0,255,255,255,0,255,255,255,0,255,255,255,0,255,255,255,0,255,255,255,0,255,255,255,0,255,255,255,0,255,255,255,0,255,255,255,0,255,255,255,0,255,255,255,0,255,255,255,0,255,255,255,0,255,255,255,0,255,255,255,0,255,255,255,0,255,255,255,0,255,255,255,0,255,255,255,0,255,255,255,0,255,255,255,0,255,255,255,0,255,255,255,0,255,255,255,0,255,255,255,0,255,255,255,0,255,255,255,0,255,255,255,0,255,255,255,0,255,255,255,0,255,255,255,0,255,255,255,0,255,255,255,0,255,255,255,0,255,255,255,0,255,255,255,0,255,255,255,0,255,255,255,0,255,255,255,0,255,255,255,0,255,255,255,0,255,255,255,0,255,255,255,0,255,255,255,0,255,255,255,0,255,255,255,0,255,255,255,0,255,255,255,0,255,255,255,0,255,255,255,0,255,255,255,0,255,255,255,0,255,255,255,0,255,255,255,0,255,255,255,0,255,255,255,0,255,255,255,0,255,255,255,0,255,255,255,0,255,255,255,0,255,255,255,0,255,255,255,0,255,255,255,0,255,255,255,0,255,255,255,0,255,255,255,0,255,255,255,0,255,255,255,0,255,255,255,0,255,255,255,0,255,255,255,0,255,255,255,0,255,255,255,0,255,255,255,0,
255,255,255,0,255,255,255,0,255,255,255,0,255,255,255,0,255,255,255,0,255,255,255,0,255,255,255,0,255,255,255,0,255,255,255,0,255,255,255,0,255,255,255,0,255,255,255,0,255,255,255,0,255,255,255,0,255,255,255,0,255,255,255,0,255,255,255,0,255,255,255,0,255,255,255,0,255,255,255,0,255,255,255,0,255,255,255,0,255,255,255,0,255,255,255,0,255,255,255,0,255,255,255,0,255,255,255,0,255,255,255,0,255,255,255,0,255,255,255,0,255,255,255,0,255,255,255,0,255,255,255,0,255,255,255,0,255,255,255,0,255,255,255,2,180,180,180,183,202,202,202,170,151,151,151,211,63,63,63,255,111,112,112,249,107,112,113,255,176,177,172,255,226,215,203,253,164,144,126,255,82,53,28,255,112,83,53,255,107,77,46,255,100,74,53,253,144,130,119,224,242,241,240,107,255,255,255,14,255,255,255,0,255,255,255,0,255,255,255,0,255,255,255,0,255,255,255,0,255,255,255,0,255,255,255,0,255,255,255,0,255,255,255,0,255,255,255,0,255,255,255,0,255,255,255,0,255,255,255,0,255,255,255,0,255,255,255,0,255,255,255,0,255,255,255,0,255,255,255,0,255,255,255,0,255,255,255,0,255,255,255,0,255,255,255,0,255,255,255,0,255,255,255,0,255,255,255,0,255,255,255,0,255,255,255,0,255,255,255,0,255,255,255,0,255,255,255,0,255,255,255,0,255,255,255,0,255,255,255,0,255,255,255,0,255,255,255,0,255,255,255,0,255,255,255,0,255,255,255,0,255,255,255,0,255,255,255,0,255,255,255,0,255,255,255,0,255,255,255,0,255,255,255,0,255,255,255,0,255,255,255,0,255,255,255,0,255,255,255,0,255,255,255,0,255,255,255,0,255,255,255,0,255,255,255,0,255,255,255,0,255,255,255,0,255,255,255,0,255,255,255,0,255,255,255,0,255,255,255,0,255,255,255,0,255,255,255,0,255,255,255,0,255,255,255,0,255,255,255,0,255,255,255,0,255,255,255,0,255,255,255,0,255,255,255,0,255,255,255,0,255,255,255,0,255,255,255,0,255,255,255,0,255,255,255,0,255,255,255,0,255,255,255,0,255,255,255,0,255,255,255,0,255,255,255,0,255,255,255,0,255,255,255,0,255,255,255,0,255,255,255,0,255,255,255,0,255,255,255,0,255,255,255,0,255,255,255,0,255,255,255,0,255,255,255,0,255,255,255,0,255,255,255,0,255,255,255,0,255,255,255,0,255,255,255,0,255,255,255,0,255,255,255,0,255,255,255,0,255,255,255,0,255,255,255,0,255,255,255,0,255,255,255,0,255,255,255,0,255,255,255,0,255,255,255,0,255,255,255,0,255,255,255,0,255,255,255,0,255,255,255,0,255,255,255,0,255,255,255,0,255,255,255,0,255,255,255,0,255,255,255,0,255,255,255,0,255,255,255,0,255,255,255,0,255,255,255,0,255,255,255,0,255,255,255,0,255,255,255,0,255,255,255,0,255,255,255,0,255,255,255,0,255,255,255,0,255,255,255,0,255,255,255,0,255,255,255,0,255,255,255,0,255,255,255,0,255,255,255,0,255,255,255,0,255,255,255,0,255,255,255,0,255,255,255,0,255,255,255,0,255,255,255,0,255,255,255,0,255,255,255,0,255,255,255,0,255,255,255,0,255,255,255,0,255,255,255,0,255,255,255,0,255,255,255,0,255,255,255,0,
255,255,255,0,255,255,255,0,255,255,255,0,255,255,255,0,255,255,255,0,255,255,255,0,255,255,255,0,255,255,255,0,255,255,255,0,255,255,255,0,255,255,255,0,255,255,255,0,255,255,255,0,255,255,255,0,255,255,255,0,255,255,255,0,255,255,255,0,255,255,255,0,255,255,255,0,255,255,255,0,255,255,255,0,255,255,255,0,255,255,255,0,255,255,255,0,255,255,255,0,255,255,255,0,255,255,255,0,255,255,255,0,255,255,255,0,255,255,255,0,255,255,255,0,255,255,255,0,255,255,255,0,255,255,255,0,255,255,255,0,255,255,255,0,255,255,255,0,255,255,255,0,255,255,255,1,255,255,255,3,255,255,255,6,255,255,255,15,254,254,254,50,238,238,238,115,199,194,194,175,168,162,162,200,207,204,202,166,248,247,247,87,255,255,255,32,255,255,255,2,255,255,255,0,255,255,255,0,255,255,255,0,255,255,255,0,255,255,255,0,255,255,255,0,255,255,255,0,255,255,255,0,255,255,255,0,255,255,255,0,255,255,255,0,255,255,255,0,255,255,255,0,255,255,255,0,255,255,255,0,255,255,255,0,255,255,255,0,255,255,255,0,255,255,255,0,255,255,255,0,255,255,255,0,255,255,255,0,255,255,255,0,255,255,255,0,255,255,255,0,255,255,255,0,255,255,255,0,255,255,255,0,255,255,255,0,255,255,255,0,255,255,255,0,255,255,255,0,255,255,255,0,255,255,255,0,255,255,255,0,255,255,255,0,255,255,255,0,255,255,255,0,255,255,255,0,255,255,255,0,255,255,255,0,255,255,255,0,255,255,255,0,255,255,255,0,255,255,255,0,255,255,255,0,255,255,255,0,255,255,255,0,255,255,255,0,255,255,255,0,255,255,255,0,255,255,255,0,255,255,255,0,255,255,255,0,255,255,255,0,255,255,255,0,255,255,255,0,255,255,255,0,255,255,255,0,255,255,255,0,255,255,255,0,255,255,255,0,255,255,255,0,255,255,255,0,255,255,255,0,255,255,255,0,255,255,255,0,255,255,255,0,255,255,255,0,255,255,255,0,255,255,255,0,255,255,255,0,255,255,255,0,255,255,255,0,255,255,255,0,255,255,255,0,255,255,255,0,255,255,255,0,255,255,255,0,255,255,255,0,255,255,255,0,255,255,255,0,255,255,255,0,255,255,255,0,255,255,255,0,255,255,255,0,255,255,255,0,255,255,255,0,255,255,255,0,255,255,255,0,255,255,255,0,255,255,255,0,255,255,255,0,255,255,255,0,255,255,255,0,255,255,255,0,255,255,255,0,255,255,255,0,255,255,255,0,255,255,255,0,255,255,255,0,255,255,255,0,255,255,255,0,255,255,255,0,255,255,255,0,255,255,255,0,255,255,255,0,255,255,255,0,255,255,255,0,255,255,255,0,255,255,255,0,255,255,255,0,255,255,255,0,255,255,255,0,255,255,255,0,255,255,255,0,255,255,255,0,255,255,255,0,255,255,255,0,255,255,255,0,255,255,255,0,255,255,255,0,255,255,255,0,255,255,255,0,255,255,255,0,255,255,255,0,255,255,255,0,255,255,255,0,255,255,255,0,255,255,255,0,255,255,255,0,255,255,255,0,255,255,255,0,255,255,255,0,255,255,255,0,255,255,255,0,255,255,255,0,255,255,255,0,255,255,255,0,255,255,255,0,255,255,255,0,255,255,255,0,255,255,255,0,255,255,255,0,255,255,255,0,
255,255,255,0,255,255,255,0,255,255,255,0,255,255,255,0,255,255,255,0,255,255,255,0,255,255,255,0,255,255,255,0,255,255,255,0,255,255,255,0,255,255,255,0,255,255,255,0,255,255,255,0,255,255,255,0,255,255,255,0,255,255,255,0,255,255,255,0,255,255,255,0,255,255,255,0,255,255,255,0,255,255,255,0,255,255,255,0,255,255,255,0,255,255,255,0,255,255,255,0,255,255,255,0,255,255,255,0,255,255,255,0,255,255,255,0,255,255,255,0,255,255,255,0,255,255,255,0,255,255,255,0,255,255,255,0,255,255,255,0,255,255,255,0,255,255,255,0,255,255,255,0,255,255,255,0,255,255,255,0,255,255,255,0,255,255,255,0,255,255,255,0,255,255,255,0,255,255,255,0,255,255,255,0,255,255,255,0,255,255,255,0,255,255,255,0,255,255,255,0,255,255,255,0,255,255,255,0,255,255,255,0,255,255,255,0,255,255,255,0,255,255,255,0,255,255,255,0,255,255,255,0,255,255,255,0,255,255,255,0,255,255,255,0,255,255,255,0,255,255,255,0,255,255,255,0,255,255,255,0,255,255,255,0,255,255,255,0,255,255,255,0,255,255,255,0,255,255,255,0,255,255,255,0,255,255,255,0,255,255,255,0,255,255,255,0,255,255,255,0,255,255,255,0,255,255,255,0,255,255,255,0,255,255,255,0,255,255,255,0,255,255,255,0,255,255,255,0,255,255,255,0,255,255,255,0,255,255,255,0,255,255,255,0,255,255,255,0,255,255,255,0,255,255,255,0,255,255,255,0,255,255,255,0,255,255,255,0,255,255,255,0,255,255,255,0,255,255,255,0,255,255,255,0,255,255,255,0,255,255,255,0,255,255,255,0,255,255,255,0,255,255,255,0,255,255,255,0,255,255,255,0,255,255,255,0,255,255,255,0,255,255,255,0,255,255,255,0,255,255,255,0,255,255,255,0,255,255,255,0,255,255,255,0,255,255,255,0,255,255,255,0,255,255,255,0,255,255,255,0,255,255,255,0,255,255,255,0,255,255,255,0,255,255,255,0,255,255,255,0,255,255,255,0,255,255,255,0,255,255,255,0,255,255,255,0,255,255,255,0,255,255,255,0,255,255,255,0,255,255,255,0,255,255,255,0,255,255,255,0,255,255,255,0,255,255,255,0,255,255,255,0,255,255,255,0,255,255,255,0,255,255,255,0,255,255,255,0,255,255,255,0,255,255,255,0,255,255,255,0,255,255,255,0,255,255,255,0,255,255,255,0,255,255,255,0,255,255,255,0,255,255,255,0,255,255,255,0,255,255,255,0,255,255,255,0,255,255,255,0,255,255,255,0,255,255,255,0,255,255,255,0,255,255,255,0,255,255,255,0,255,255,255,0,255,255,255,0,255,255,255,0,255,255,255,0,255,255,255,0,255,255,255,0,255,255,255,0,255,255,255,0,255,255,255,0,255,255,255,0,255,255,255,0,255,255,255,0,255,255,255,0,255,255,255,0,255,255,255,0,255,255,255,0,255,255,255,0,255,255,255,0,255,255,255,0,255,255,255,0,255,255,255,0,255,255,255,0,255,255,255,0,255,255,255,0,255,255,255,0,255,255,255,0,255,255,255,0,255,255,255,0,255,255,255,0,255,255,255,0,255,255,255,0,255,255,255,0,255,255,255,0,255,255,255,0,255,255,255,0,255,255,255,0,255,255,255,0,255,255,255,0,255,255,255,0,255,255,255,0,
255,255,255,0,255,255,255,0,255,255,255,0,255,255,255,0,255,255,255,0,255,255,255,0,255,255,255,0,255,255,255,0,255,255,255,0,255,255,255,0,255,255,255,0,255,255,255,0,255,255,255,0,255,255,255,0,255,255,255,0,255,255,255,0,255,255,255,0,255,255,255,0,255,255,255,0,255,255,255,0,255,255,255,0,255,255,255,0,255,255,255,0,255,255,255,0,255,255,255,0,255,255,255,0,255,255,255,0,255,255,255,0,255,255,255,0,255,255,255,0,255,255,255,0,255,255,255,0,255,255,255,0,255,255,255,0,255,255,255,0,255,255,255,0,255,255,255,0,255,255,255,0,255,255,255,0,255,255,255,0,255,255,255,0,255,255,255,0,255,255,255,0,255,255,255,0,255,255,255,0,255,255,255,0,255,255,255,0,255,255,255,0,255,255,255,0,255,255,255,0,255,255,255,0,255,255,255,0,255,255,255,0,255,255,255,0,255,255,255,0,255,255,255,0,255,255,255,0,255,255,255,0,255,255,255,0,255,255,255,0,255,255,255,0,255,255,255,0,255,255,255,0,255,255,255,0,255,255,255,0,255,255,255,0,255,255,255,0,255,255,255,0,255,255,255,0,255,255,255,0,255,255,255,0,255,255,255,0,255,255,255,0,255,255,255,0,255,255,255,0,255,255,255,0,255,255,255,0,255,255,255,0,255,255,255,0,255,255,255,0,255,255,255,0,255,255,255,0,255,255,255,0,255,255,255,0,255,255,255,0,255,255,255,0,255,255,255,0,255,255,255,0,255,255,255,0,255,255,255,0,255,255,255,0,255,255,255,0,255,255,255,0,255,255,255,0,255,255,255,0,255,255,255,0,255,255,255,0,255,255,255,0,255,255,255,0,255,255,255,0,255,255,255,0,255,255,255,0,255,255,255,0,255,255,255,0,255,255,255,0,255,255,255,0,255,255,255,0,255,255,255,0,255,255,255,0,255,255,255,0,255,255,255,0,255,255,255,0,255,255,255,0,255,255,255,0,255,255,255,0,255,255,255,0,255,255,255,0,255,255,255,0,255,255,255,0,255,255,255,0,255,255,255,0,255,255,255,0,255,255,255,0,255,255,255,0,255,255,255,0,255,255,255,0,255,255,255,0,255,255,255,0,255,255,255,0,255,255,255,0,255,255,255,0,255,255,255,0,255,255,255,0,255,255,255,0,255,255,255,0,255,255,255,0,255,255,255,0,255,255,255,0,255,255,255,0,255,255,255,0,255,255,255,0,255,255,255,0,255,255,255,0,255,255,255,0,255,255,255,0,255,255,255,0,255,255,255,0,255,255,255,0,255,255,255,0,255,255,255,0,255,255,255,0,255,255,255,0,255,255,255,0,255,255,255,0,255,255,255,0,255,255,255,0,255,255,255,0,255,255,255,0,255,255,255,0,255,255,255,0,255,255,255,0,255,255,255,0,255,255,255,0,255,255,255,0,255,255,255,0,255,255,255,0,255,255,255,0,255,255,255,0,255,255,255,0,255,255,255,0,255,255,255,0,255,255,255,0,255,255,255,0,255,255,255,0,255,255,255,0,255,255,255,0,255,255,255,0,255,255,255,0,255,255,255,0,255,255,255,0,255,255,255,0,255,255,255,0,255,255,255,0,255,255,255,0,255,255,255,0,255,255,255,0,255,255,255,0,255,255,255,0,255,255,255,0,255,255,255,0,255,255,255,0,255,255,255,0,255,255,255,0,255,255,255,0,255,255,255,0,
255,255,255,0,255,255,255,0,255,255,255,0,255,255,255,0,255,255,255,0,255,255,255,0,255,255,255,0,255,255,255,0,255,255,255,0,255,255,255,0,255,255,255,0,255,255,255,0,255,255,255,0,255,255,255,0,255,255,255,0,255,255,255,0,255,255,255,0,255,255,255,0,255,255,255,0,255,255,255,0,255,255,255,0,255,255,255,0,255,255,255,0,255,255,255,0,255,255,255,0,255,255,255,0,255,255,255,0,255,255,255,0,255,255,255,0,255,255,255,0,255,255,255,0,255,255,255,0,255,255,255,0,255,255,255,0,255,255,255,0,255,255,255,0,255,255,255,0,255,255,255,0,255,255,255,0,255,255,255,0,255,255,255,0,255,255,255,0,255,255,255,0,255,255,255,0,255,255,255,0,255,255,255,0,255,255,255,0,255,255,255,0,255,255,255,0,255,255,255,0,255,255,255,0,255,255,255,0,255,255,255,0,255,255,255,0,255,255,255,0,255,255,255,0,255,255,255,0,255,255,255,0,255,255,255,0,255,255,255,0,255,255,255,0,255,255,255,0,255,255,255,0,255,255,255,0,255,255,255,0,255,255,255,0,255,255,255,0,255,255,255,0,255,255,255,0,255,255,255,0,255,255,255,0,255,255,255,0,255,255,255,0,255,255,255,0,255,255,255,0,255,255,255,0,255,255,255,0,255,255,255,0,255,255,255,0,255,255,255,0,255,255,255,0,255,255,255,0,255,255,255,0,255,255,255,0,255,255,255,0,255,255,255,0,255,255,255,0,255,255,255,0,255,255,255,0,255,255,255,0,255,255,255,0,255,255,255,0,255,255,255,0,255,255,255,0,255,255,255,0,255,255,255,0,255,255,255,0,255,255,255,0,255,255,255,0,255,255,255,0,255,255,255,0,255,255,255,0,255,255,255,0,255,255,255,0,255,255,255,0,255,255,255,0,255,255,255,0,255,255,255,0,255,255,255,0,255,255,255,0,255,255,255,0,255,255,255,0,255,255,255,0,255,255,255,0,255,255,255,0,255,255,255,0,255,255,255,0,255,255,255,0,255,255,255,0,255,255,255,0,255,255,255,0,255,255,255,0,255,255,255,0,255,255,255,0,255,255,255,0,255,255,255,0,255,255,255,0,255,255,255,0,255,255,255,0,255,255,255,0,255,255,255,0,255,255,255,0,255,255,255,0,255,255,255,0,255,255,255,0,255,255,255,0,255,255,255,0,255,255,255,0,255,255,255,0,255,255,255,0,255,255,255,0,255,255,255,0,255,255,255,0,255,255,255,0,255,255,255,0,255,255,255,0,255,255,255,0,255,255,255,0,255,255,255,0,255,255,255,0,255,255,255,0,255,255,255,0,255,255,255,0,255,255,255,0,255,255,255,0,255,255,255,0,255,255,255,0,255,255,255,0,255,255,255,0,255,255,255,0,255,255,255,0,255,255,255,0,255,255,255,0,255,255,255,0,255,255,255,0,255,255,255,0,255,255,255,0,255,255,255,0,255,255,255,0,255,255,255,0,255,255,255,0,255,255,255,0,255,255,255,0,255,255,255,0,255,255,255,0,255,255,255,0,255,255,255,0,255,255,255,0,255,255,255,0,255,255,255,0,255,255,255,0,255,255,255,0,255,255,255,0,255,255,255,0,255,255,255,0,255,255,255,0,255,255,255,0,255,255,255,0,255,255,255,0,255,255,255,0,255,255,255,0,255,255,255,0,255,255,255,0,255,255,255,0,255,255,255,0,
255,255,255,0,255,255,255,0,255,255,255,0,255,255,255,0,255,255,255,0,255,255,255,0,255,255,255,0,255,255,255,0,255,255,255,0,255,255,255,0,255,255,255,0,255,255,255,0,255,255,255,0,255,255,255,0,255,255,255,0,255,255,255,0,255,255,255,0,255,255,255,0,255,255,255,0,255,255,255,0,255,255,255,0,255,255,255,0,255,255,255,0,255,255,255,0,255,255,255,0,255,255,255,0,255,255,255,0,255,255,255,0,255,255,255,0,255,255,255,0,255,255,255,0,255,255,255,0,255,255,255,0,255,255,255,0,255,255,255,0,255,255,255,0,255,255,255,0,255,255,255,0,255,255,255,0,255,255,255,0,255,255,255,0,255,255,255,0,255,255,255,0,255,255,255,0,255,255,255,0,255,255,255,0,255,255,255,0,255,255,255,0,255,255,255,0,255,255,255,0,255,255,255,0,255,255,255,0,255,255,255,0,255,255,255,0,255,255,255,0,255,255,255,0,255,255,255,0,255,255,255,0,255,255,255,0,255,255,255,0,255,255,255,0,255,255,255,0,255,255,255,0,255,255,255,0,255,255,255,0,255,255,255,0,255,255,255,0,255,255,255,0,255,255,255,0,255,255,255,0,255,255,255,0,255,255,255,0,255,255,255,0,255,255,255,0,255,255,255,0,255,255,255,0,255,255,255,0,255,255,255,0,255,255,255,0,255,255,255,0,255,255,255,0,255,255,255,0,255,255,255,0,255,255,255,0,255,255,255,0,255,255,255,0,255,255,255,0,255,255,255,0,255,255,255,0,255,255,255,0,255,255,255,0,255,255,255,0,255,255,255,0,255,255,255,0,255,255,255,0,255,255,255,0,255,255,255,0,255,255,255,0,255,255,255,0,255,255,255,0,255,255,255,0,255,255,255,0,255,255,255,0,255,255,255,0,255,255,255,0,255,255,255,0,255,255,255,0,255,255,255,0,255,255,255,0,255,255,255,0,255,255,255,0,255,255,255,0,255,255,255,0,255,255,255,0,255,255,255,0,255,255,255,0,255,255,255,0,255,255,255,0,255,255,255,0,255,255,255,0,255,255,255,0,255,255,255,0,255,255,255,0,255,255,255,0,255,255,255,0,255,255,255,0,255,255,255,0,255,255,255,0,255,255,255,0,255,255,255,0,255,255,255,0,255,255,255,0,255,255,255,0,255,255,255,0,255,255,255,0,255,255,255,0,255,255,255,0,255,255,255,0,255,255,255,0,255,255,255,0,255,255,255,0,255,255,255,0,255,255,255,0,255,255,255,0,255,255,255,0,255,255,255,0,255,255,255,0,255,255,255,0,255,255,255,0,255,255,255,0,255,255,255,0,255,255,255,0,255,255,255,0,255,255,255,0,255,255,255,0,255,255,255,0,255,255,255,0,255,255,255,0,255,255,255,0,255,255,255,0,255,255,255,0,255,255,255,0,255,255,255,0,255,255,255,0,255,255,255,0,255,255,255,0,255,255,255,0,255,255,255,0,255,255,255,0,255,255,255,0,255,255,255,0,255,255,255,0,255,255,255,0,255,255,255,0,255,255,255,0,255,255,255,0,255,255,255,0,255,255,255,0,255,255,255,0,255,255,255,0,255,255,255,0,255,255,255,0,255,255,255,0,255,255,255,0,255,255,255,0,255,255,255,0,255,255,255,0,255,255,255,0,255,255,255,0,255,255,255,0,255,255,255,0,255,255,255,0,255,255,255,0,255,255,255,0,255,255,255,0,
255,255,255,0,255,255,255,0,255,255,255,0,255,255,255,0,255,255,255,0,255,255,255,0,255,255,255,0,255,255,255,0,255,255,255,0,255,255,255,0,255,255,255,0,255,255,255,0,255,255,255,0,255,255,255,0,255,255,255,0,255,255,255,0,255,255,255,0,255,255,255,0,255,255,255,0,255,255,255,0,255,255,255,0,255,255,255,0,255,255,255,0,255,255,255,0,255,255,255,0,255,255,255,0,255,255,255,0,255,255,255,0,255,255,255,0,255,255,255,0,255,255,255,0,255,255,255,0,255,255,255,0,255,255,255,0,255,255,255,0,255,255,255,0,255,255,255,0,255,255,255,0,255,255,255,0,255,255,255,0,255,255,255,0,255,255,255,0,255,255,255,0,255,255,255,0,255,255,255,0,255,255,255,0,255,255,255,0,255,255,255,0,255,255,255,0,255,255,255,0,255,255,255,0,255,255,255,0,255,255,255,0,255,255,255,0,255,255,255,0,255,255,255,0,255,255,255,0,255,255,255,0,255,255,255,0,255,255,255,0,255,255,255,0,255,255,255,0,255,255,255,0,255,255,255,0,255,255,255,0,255,255,255,0,255,255,255,0,255,255,255,0,255,255,255,0,255,255,255,0,255,255,255,0,255,255,255,0,255,255,255,0,255,255,255,0,255,255,255,0,255,255,255,0,255,255,255,0,255,255,255,0,255,255,255,0,255,255,255,0,255,255,255,0,255,255,255,0,255,255,255,0,255,255,255,0,255,255,255,0,255,255,255,0,255,255,255,0,255,255,255,0,255,255,255,0,255,255,255,0,255,255,255,0,255,255,255,0,255,255,255,0,255,255,255,0,255,255,255,0,255,255,255,0,255,255,255,0,255,255,255,0,255,255,255,0,255,255,255,0,255,255,255,0,255,255,255,0,255,255,255,0,255,255,255,0,255,255,255,0,255,255,255,0,255,255,255,0,255,255,255,0,255,255,255,0,255,255,255,0,255,255,255,0,255,255,255,0,255,255,255,0,255,255,255,0,255,255,255,0,255,255,255,0,255,255,255,0,255,255,255,0,255,255,255,0,255,255,255,0,255,255,255,0,255,255,255,0,255,255,255,0,255,255,255,0,255,255,255,0,255,255,255,0,255,255,255,0,255,255,255,0,255,255,255,0,255,255,255,0,255,255,255,0,255,255,255,0,255,255,255,0,255,255,255,0,255,255,255,0,255,255,255,0,255,255,255,0,255,255,255,0,255,255,255,0,255,255,255,0,255,255,255,0,255,255,255,0,255,255,255,0,255,255,255,0,255,255,255,0,255,255,255,0,255,255,255,0,255,255,255,0,255,255,255,0,255,255,255,0,255,255,255,0,255,255,255,0,255,255,255,0,255,255,255,0,255,255,255,0,255,255,255,0,255,255,255,0,255,255,255,0,255,255,255,0,255,255,255,0,255,255,255,0,255,255,255,0,255,255,255,0,255,255,255,0,255,255,255,0,255,255,255,0,255,255,255,0,255,255,255,0,255,255,255,0,255,255,255,0,255,255,255,0,255,255,255,0,255,255,255,0,255,255,255,0,255,255,255,0,255,255,255,0,255,255,255,0,255,255,255,0,255,255,255,0,255,255,255,0,255,255,255,0,255,255,255,0,255,255,255,0,255,255,255,0,255,255,255,0,255,255,255,0,255,255,255,0,255,255,255,0,255,255,255,0,255,255,255,0,255,255,255,0,255,255,255,0,255,255,255,0,255,255,255,0,255,255,255,0,
255,255,255,0,255,255,255,0,255,255,255,0,255,255,255,0,255,255,255,0,255,255,255,0,255,255,255,0,255,255,255,0,255,255,255,0,255,255,255,0,255,255,255,0,255,255,255,0,255,255,255,0,255,255,255,0,255,255,255,0,255,255,255,0,255,255,255,0,255,255,255,0,255,255,255,0,255,255,255,0,255,255,255,0,255,255,255,0,255,255,255,0,255,255,255,0,255,255,255,0,255,255,255,0,255,255,255,0,255,255,255,0,255,255,255,0,255,255,255,0,255,255,255,0,255,255,255,0,255,255,255,0,255,255,255,0,255,255,255,0,255,255,255,0,255,255,255,0,255,255,255,0,255,255,255,0,255,255,255,0,255,255,255,0,255,255,255,0,255,255,255,0,255,255,255,0,255,255,255,0,255,255,255,0,255,255,255,0,255,255,255,0,255,255,255,0,255,255,255,0,255,255,255,0,255,255,255,0,255,255,255,0,255,255,255,0,255,255,255,0,255,255,255,0,255,255,255,0,255,255,255,0,255,255,255,0,255,255,255,0,255,255,255,0,255,255,255,0,255,255,255,0,255,255,255,0,255,255,255,0,255,255,255,0,255,255,255,0,255,255,255,0,255,255,255,0,255,255,255,0,255,255,255,0,255,255,255,0,255,255,255,0,255,255,255,0,255,255,255,0,255,255,255,0,255,255,255,0,255,255,255,0,255,255,255,0,255,255,255,0,255,255,255,0,255,255,255,0,255,255,255,0,255,255,255,0,255,255,255,0,255,255,255,0,255,255,255,0,255,255,255,0,255,255,255,0,255,255,255,0,255,255,255,0,255,255,255,0,255,255,255,0,255,255,255,0,255,255,255,0,255,255,255,0,255,255,255,0,255,255,255,0,255,255,255,0,255,255,255,0,255,255,255,0,255,255,255,0,255,255,255,0,255,255,255,0,255,255,255,0,255,255,255,0,255,255,255,0,255,255,255,0,255,255,255,0,255,255,255,0,255,255,255,0,255,255,255,0,255,255,255,0,255,255,255,0,255,255,255,0,255,255,255,0,255,255,255,0,255,255,255,0,255,255,255,0,255,255,255,0,255,255,255,0,255,255,255,0,255,255,255,0,255,255,255,0,255,255,255,0,255,255,255,0,255,255,255,0,255,255,255,0,255,255,255,0,255,255,255,0,255,255,255,0,255,255,255,0,255,255,255,0,255,255,255,0,255,255,255,0,255,255,255,0,255,255,255,0,255,255,255,0,255,255,255,0,255,255,255,0,255,255,255,0,255,255,255,0,255,255,255,0,255,255,255,0,255,255,255,0,255,255,255,0,255,255,255,0,255,255,255,0,255,255,255,0,255,255,255,0,255,255,255,0,255,255,255,0,255,255,255,0,255,255,255,0,255,255,255,0,255,255,255,0,255,255,255,0,255,255,255,0,255,255,255,0,255,255,255,0,255,255,255,0,255,255,255,0,255,255,255,0,255,255,255,0,255,255,255,0,255,255,255,0,255,255,255,0,255,255,255,0,255,255,255,0,255,255,255,0,255,255,255,0,255,255,255,0,255,255,255,0,255,255,255,0,255,255,255,0,255,255,255,0,255,255,255,0,255,255,255,0,255,255,255,0,255,255,255,0,255,255,255,0,255,255,255,0,255,255,255,0,255,255,255,0,255,255,255,0,255,255,255,0,255,255,255,0,255,255,255,0,255,255,255,0,255,255,255,0,255,255,255,0,255,255,255,0,255,255,255,0,255,255,255,0,255,255,255,0,
255,255,255,0,255,255,255,0,255,255,255,0,255,255,255,0,255,255,255,0,255,255,255,0,255,255,255,0,255,255,255,0,255,255,255,0,255,255,255,0,255,255,255,0,255,255,255,0,255,255,255,0,255,255,255,0,255,255,255,0,255,255,255,0,255,255,255,0,255,255,255,0,255,255,255,0,255,255,255,0,255,255,255,0,255,255,255,0,255,255,255,0,255,255,255,0,255,255,255,0,255,255,255,0,255,255,255,0,255,255,255,0,255,255,255,0,255,255,255,0,255,255,255,0,255,255,255,0,255,255,255,0,255,255,255,0,255,255,255,0,255,255,255,0,255,255,255,0,255,255,255,0,255,255,255,0,255,255,255,0,255,255,255,0,255,255,255,0,255,255,255,0,255,255,255,0,255,255,255,0,255,255,255,0,255,255,255,0,255,255,255,0,255,255,255,0,255,255,255,0,255,255,255,0,255,255,255,0,255,255,255,0,255,255,255,0,255,255,255,0,255,255,255,0,255,255,255,0,255,255,255,0,255,255,255,0,255,255,255,0,255,255,255,0,255,255,255,0,255,255,255,0,255,255,255,0,255,255,255,0,255,255,255,0,255,255,255,0,255,255,255,0,255,255,255,0,255,255,255,0,255,255,255,0,255,255,255,0,255,255,255,0,255,255,255,0,255,255,255,0,255,255,255,0,255,255,255,0,255,255,255,0,255,255,255,0,255,255,255,0,255,255,255,0,255,255,255,0,255,255,255,0,255,255,255,0,255,255,255,0,255,255,255,0,255,255,255,0,255,255,255,0,255,255,255,0,255,255,255,0,255,255,255,0,255,255,255,0,255,255,255,0,255,255,255,0,255,255,255,0,255,255,255,0,255,255,255,0,255,255,255,0,255,255,255,0,255,255,255,0,255,255,255,0,255,255,255,0,255,255,255,0,255,255,255,0,255,255,255,0,255,255,255,0,255,255,255,0,255,255,255,0,255,255,255,0,255,255,255,0,255,255,255,0,255,255,255,0,255,255,255,0,255,255,255,0,255,255,255,0,255,255,255,0,255,255,255,0,255,255,255,0,255,255,255,0,255,255,255,0,255,255,255,0,255,255,255,0,255,255,255,0,255,255,255,0,255,255,255,0,255,255,255,0,255,255,255,0,255,255,255,0,255,255,255,0,255,255,255,0,255,255,255,0,255,255,255,0,255,255,255,0,255,255,255,0,255,255,255,0,255,255,255,0,255,255,255,0,255,255,255,0,255,255,255,0,255,255,255,0,255,255,255,0,255,255,255,0,255,255,255,0,255,255,255,0,255,255,255,0,255,255,255,0,255,255,255,0,255,255,255,0,255,255,255,0,255,255,255,0,255,255,255,0,255,255,255,0,255,255,255,0,255,255,255,0,255,255,255,0,255,255,255,0,255,255,255,0,255,255,255,0,255,255,255,0,255,255,255,0,255,255,255,0,255,255,255,0,255,255,255,0,255,255,255,0,255,255,255,0,255,255,255,0,255,255,255,0,255,255,255,0,255,255,255,0,255,255,255,0,255,255,255,0,255,255,255,0,255,255,255,0,255,255,255,0,255,255,255,0,255,255,255,0,255,255,255,0,255,255,255,0,255,255,255,0,255,255,255,0,255,255,255,0,255,255,255,0,255,255,255,0,255,255,255,0,255,255,255,0,255,255,255,0,255,255,255,0,255,255,255,0,255,255,255,0,255,255,255,0,255,255,255,0,255,255,255,0,255,255,255,0,255,255,255,0,255,255,255,0,
255,255,255,0,255,255,255,0,255,255,255,0,255,255,255,0,255,255,255,0,255,255,255,0,255,255,255,0,255,255,255,0,255,255,255,0,255,255,255,0,255,255,255,0,255,255,255,0,255,255,255,0,255,255,255,0,255,255,255,0,255,255,255,0,255,255,255,0,255,255,255,0,255,255,255,0,255,255,255,0,255,255,255,0,255,255,255,0,255,255,255,0,255,255,255,0,255,255,255,0,255,255,255,0,255,255,255,0,255,255,255,0,255,255,255,0,255,255,255,0,255,255,255,0,255,255,255,0,255,255,255,0,255,255,255,0,255,255,255,0,255,255,255,0,255,255,255,0,255,255,255,0,255,255,255,0,255,255,255,0,255,255,255,0,255,255,255,0,255,255,255,0,255,255,255,0,255,255,255,0,255,255,255,0,255,255,255,0,255,255,255,0,255,255,255,0,255,255,255,0,255,255,255,0,255,255,255,0,255,255,255,0,255,255,255,0,255,255,255,0,255,255,255,0,255,255,255,0,255,255,255,0,255,255,255,0,255,255,255,0,255,255,255,0,255,255,255,0,255,255,255,0,255,255,255,0,255,255,255,0,255,255,255,0,255,255,255,0,255,255,255,0,255,255,255,0,255,255,255,0,255,255,255,0,255,255,255,0,255,255,255,0,255,255,255,0,255,255,255,0,255,255,255,0,255,255,255,0,255,255,255,0,255,255,255,0,255,255,255,0,255,255,255,0,255,255,255,0,255,255,255,0,255,255,255,0,255,255,255,0,255,255,255,0,255,255,255,0,255,255,255,0,255,255,255,0,255,255,255,0,255,255,255,0,255,255,255,0,255,255,255,0,255,255,255,0,255,255,255,0,255,255,255,0,255,255,255,0,255,255,255,0,255,255,255,0,255,255,255,0,255,255,255,0,255,255,255,0,255,255,255,0,255,255,255,0,255,255,255,0,255,255,255,0,255,255,255,0,255,255,255,0,255,255,255,0,255,255,255,0,255,255,255,0,255,255,255,0,255,255,255,0,255,255,255,0,255,255,255,0,255,255,255,0,255,255,255,0,255,255,255,0,255,255,255,0,255,255,255,0,255,255,255,0,255,255,255,0,255,255,255,0,255,255,255,0,255,255,255,0,255,255,255,0,255,255,255,0,255,255,255,0,255,255,255,0,255,255,255,0,255,255,255,0,255,255,255,0,255,255,255,0,255,255,255,0,255,255,255,0,255,255,255,0,255,255,255,0,255,255,255,0,255,255,255,0,255,255,255,0,255,255,255,0,255,255,255,0,255,255,255,0,255,255,255,0,255,255,255,0,255,255,255,0,255,255,255,0,255,255,255,0,255,255,255,0,255,255,255,0,255,255,255,0,255,255,255,0,255,255,255,0,255,255,255,0,255,255,255,0,255,255,255,0,255,255,255,0,255,255,255,0,255,255,255,0,255,255,255,0,255,255,255,0,255,255,255,0,255,255,255,0,255,255,255,0,255,255,255,0,255,255,255,0,255,255,255,0,255,255,255,0,255,255,255,0,255,255,255,0,255,255,255,0,255,255,255,0,255,255,255,0,255,255,255,0,255,255,255,0,255,255,255,0,255,255,255,0,255,255,255,0,255,255,255,0,255,255,255,0,255,255,255,0,255,255,255,0,255,255,255,0,255,255,255,0,255,255,255,0,255,255,255,0,255,255,255,0,255,255,255,0,255,255,255,0,255,255,255,0,255,255,255,0,255,255,255,0,255,255,255,0,255,255,255,0,255,255,255,0,
255,255,255,0,255,255,255,0,255,255,255,0,255,255,255,0,255,255,255,0,255,255,255,0,255,255,255,0,255,255,255,0,255,255,255,0,255,255,255,0,255,255,255,0,255,255,255,0,255,255,255,0,255,255,255,0,255,255,255,0,255,255,255,0,255,255,255,0,255,255,255,0,255,255,255,0,255,255,255,0,255,255,255,0,255,255,255,0,255,255,255,0,255,255,255,0,255,255,255,0,255,255,255,0,255,255,255,0,255,255,255,0,255,255,255,0,255,255,255,0,255,255,255,0,255,255,255,0,255,255,255,0,255,255,255,0,255,255,255,0,255,255,255,0,255,255,255,0,255,255,255,0,255,255,255,0,255,255,255,0,255,255,255,0,255,255,255,0,255,255,255,0,255,255,255,0,255,255,255,0,255,255,255,0,255,255,255,0,255,255,255,0,255,255,255,0,255,255,255,0,255,255,255,0,255,255,255,0,255,255,255,0,255,255,255,0,255,255,255,0,255,255,255,0,255,255,255,0,255,255,255,0,255,255,255,0,255,255,255,0,255,255,255,0,255,255,255,0,255,255,255,0,255,255,255,0,255,255,255,0,255,255,255,0,255,255,255,0,255,255,255,0,255,255,255,0,255,255,255,0,255,255,255,0,255,255,255,0,255,255,255,0,255,255,255,0,255,255,255,0,255,255,255,0,255,255,255,0,255,255,255,0,255,255,255,0,255,255,255,0,255,255,255,0,255,255,255,0,255,255,255,0,255,255,255,0,255,255,255,0,255,255,255,0,255,255,255,0,255,255,255,0,255,255,255,0,255,255,255,0,255,255,255,0,255,255,255,0,255,255,255,0,255,255,255,0,255,255,255,0,255,255,255,0,255,255,255,0,255,255,255,0,255,255,255,0,255,255,255,0,255,255,255,0,255,255,255,0,255,255,255,0,255,255,255,0,255,255,255,0,255,255,255,0,255,255,255,0,255,255,255,0,255,255,255,0,255,255,255,0,255,255,255,0,255,255,255,0,255,255,255,0,255,255,255,0,255,255,255,0,255,255,255,0,255,255,255,0,255,255,255,0,255,255,255,0,255,255,255,0,255,255,255,0,255,255,255,0,255,255,255,0,255,255,255,0,255,255,255,0,255,255,255,0,255,255,255,0,255,255,255,0,255,255,255,0,255,255,255,0,255,255,255,0,255,255,255,0,255,255,255,0,255,255,255,0,255,255,255,0,255,255,255,0,255,255,255,0,255,255,255,0,255,255,255,0,255,255,255,0,255,255,255,0,255,255,255,0,255,255,255,0,255,255,255,0,255,255,255,0,255,255,255,0,255,255,255,0,255,255,255,0,255,255,255,0,255,255,255,0,255,255,255,0,255,255,255,0,255,255,255,0,255,255,255,0,255,255,255,0,255,255,255,0,255,255,255,0,255,255,255,0,255,255,255,0,255,255,255,0,255,255,255,0,255,255,255,0,255,255,255,0,255,255,255,0,255,255,255,0,255,255,255,0,255,255,255,0,255,255,255,0,255,255,255,0,255,255,255,0,255,255,255,0,255,255,255,0,255,255,255,0,255,255,255,0,255,255,255,0,255,255,255,0,255,255,255,0,255,255,255,0,255,255,255,0,255,255,255,0,255,255,255,0,255,255,255,0,255,255,255,0,255,255,255,0,255,255,255,0,255,255,255,0,255,255,255,0,255,255,255,0,255,255,255,0,255,255,255,0,255,255,255,0,255,255,255,0,255,255,255,0,255,255,255,0,255,255,255,0,
255,255,255,0,255,255,255,0,255,255,255,0,255,255,255,0,255,255,255,0,255,255,255,0,255,255,255,0,255,255,255,0,255,255,255,0,255,255,255,0,255,255,255,0,255,255,255,0,255,255,255,0,255,255,255,0,255,255,255,0,255,255,255,0,255,255,255,0,255,255,255,0,255,255,255,0,255,255,255,0,255,255,255,0,255,255,255,0,255,255,255,0,255,255,255,0,255,255,255,0,255,255,255,0,255,255,255,0,255,255,255,0,255,255,255,0,255,255,255,0,255,255,255,0,255,255,255,0,255,255,255,0,255,255,255,0,255,255,255,0,255,255,255,0,255,255,255,0,255,255,255,0,255,255,255,0,255,255,255,0,255,255,255,0,255,255,255,0,255,255,255,0,255,255,255,0,255,255,255,0,255,255,255,0,255,255,255,0,255,255,255,0,255,255,255,0,255,255,255,0,255,255,255,0,255,255,255,0,255,255,255,0,255,255,255,0,255,255,255,0,255,255,255,0,255,255,255,0,255,255,255,0,255,255,255,0,255,255,255,0,255,255,255,0,255,255,255,0,255,255,255,0,255,255,255,0,255,255,255,0,255,255,255,0,255,255,255,0,255,255,255,0,255,255,255,0,255,255,255,0,255,255,255,0,255,255,255,0,255,255,255,0,255,255,255,0,255,255,255,0,255,255,255,0,255,255,255,0,255,255,255,0,255,255,255,0,255,255,255,0,255,255,255,0,255,255,255,0,255,255,255,0,255,255,255,0,255,255,255,0,255,255,255,0,255,255,255,0,255,255,255,0,255,255,255,0,255,255,255,0,255,255,255,0,255,255,255,0,255,255,255,0,255,255,255,0,255,255,255,0,255,255,255,0,255,255,255,0,255,255,255,0,255,255,255,0,255,255,255,0,255,255,255,0,255,255,255,0,255,255,255,0,255,255,255,0,255,255,255,0,255,255,255,0,255,255,255,0,255,255,255,0,255,255,255,0,255,255,255,0,255,255,255,0,255,255,255,0,255,255,255,0,255,255,255,0,255,255,255,0,255,255,255,0,255,255,255,0,255,255,255,0,255,255,255,0,255,255,255,0,255,255,255,0,255,255,255,0,255,255,255,0,255,255,255,0,255,255,255,0,255,255,255,0,255,255,255,0,255,255,255,0,255,255,255,0,255,255,255,0,255,255,255,0,255,255,255,0,255,255,255,0,255,255,255,0,255,255,255,0,255,255,255,0,255,255,255,0,255,255,255,0,255,255,255,0,255,255,255,0,255,255,255,0,255,255,255,0,255,255,255,0,255,255,255,0,255,255,255,0,255,255,255,0,255,255,255,0,255,255,255,0,255,255,255,0,255,255,255,0,255,255,255,0,255,255,255,0,255,255,255,0,255,255,255,0,255,255,255,0,255,255,255,0,255,255,255,0,255,255,255,0,255,255,255,0,255,255,255,0,255,255,255,0,255,255,255,0,255,255,255,0,255,255,255,0,255,255,255,0,255,255,255,0,255,255,255,0,255,255,255,0,255,255,255,0,255,255,255,0,255,255,255,0,255,255,255,0,255,255,255,0,255,255,255,0,255,255,255,0,255,255,255,0,255,255,255,0,255,255,255,0,255,255,255,0,255,255,255,0,255,255,255,0,255,255,255,0,255,255,255,0,255,255,255,0,255,255,255,0,255,255,255,0,255,255,255,0,255,255,255,0,255,255,255,0,255,255,255,0,255,255,255,0,255,255,255,0,255,255,255,0,255,255,255,0,255,255,255,0,
255,255,255,0,255,255,255,0,255,255,255,0,255,255,255,0,255,255,255,0,255,255,255,0,255,255,255,0,255,255,255,0,255,255,255,0,255,255,255,0,255,255,255,0,255,255,255,0,255,255,255,0,255,255,255,0,255,255,255,0,255,255,255,0,255,255,255,0,255,255,255,0,255,255,255,0,255,255,255,0,255,255,255,0,255,255,255,0,255,255,255,0,255,255,255,0,255,255,255,0,255,255,255,0,255,255,255,0,255,255,255,0,255,255,255,0,255,255,255,0,255,255,255,0,255,255,255,0,255,255,255,0,255,255,255,0,255,255,255,0,255,255,255,0,255,255,255,0,255,255,255,0,255,255,255,0,255,255,255,0,255,255,255,0,255,255,255,0,255,255,255,0,255,255,255,0,255,255,255,0,255,255,255,0,255,255,255,0,255,255,255,0,255,255,255,0,255,255,255,0,255,255,255,0,255,255,255,0,255,255,255,0,255,255,255,0,255,255,255,0,255,255,255,0,255,255,255,0,255,255,255,0,255,255,255,0,255,255,255,0,255,255,255,0,255,255,255,0,255,255,255,0,255,255,255,0,255,255,255,0,255,255,255,0,255,255,255,0,255,255,255,0,255,255,255,0,255,255,255,0,255,255,255,0,255,255,255,0,255,255,255,0,255,255,255,0,255,255,255,0,255,255,255,0,255,255,255,0,255,255,255,0,255,255,255,0,255,255,255,0,255,255,255,0,255,255,255,0,255,255,255,0,255,255,255,0,255,255,255,0,255,255,255,0,255,255,255,0,255,255,255,0,255,255,255,0,255,255,255,0,255,255,255,0,255,255,255,0,255,255,255,0,255,255,255,0,255,255,255,0,255,255,255,0,255,255,255,0,255,255,255,0,255,255,255,0,255,255,255,0,255,255,255,0,255,255,255,0,255,255,255,0,255,255,255,0,255,255,255,0,255,255,255,0,255,255,255,0,255,255,255,0,255,255,255,0,255,255,255,0,255,255,255,0,255,255,255,0,255,255,255,0,255,255,255,0,255,255,255,0,255,255,255,0,255,255,255,0,255,255,255,0,255,255,255,0,255,255,255,0,255,255,255,0,255,255,255,0,255,255,255,0,255,255,255,0,255,255,255,0,255,255,255,0,255,255,255,0,255,255,255,0,255,255,255,0,255,255,255,0,255,255,255,0,255,255,255,0,255,255,255,0,255,255,255,0,255,255,255,0,255,255,255,0,255,255,255,0,255,255,255,0,255,255,255,0,255,255,255,0,255,255,255,0,255,255,255,0,255,255,255,0,255,255,255,0,255,255,255,0,255,255,255,0,255,255,255,0,255,255,255,0,255,255,255,0,255,255,255,0,255,255,255,0,255,255,255,0,255,255,255,0,255,255,255,0,255,255,255,0,255,255,255,0,255,255,255,0,255,255,255,0,255,255,255,0,255,255,255,0,255,255,255,0,255,255,255,0,255,255,255,0,255,255,255,0,255,255,255,0,255,255,255,0,255,255,255,0,255,255,255,0,255,255,255,0,255,255,255,0,255,255,255,0,255,255,255,0,255,255,255,0,255,255,255,0,255,255,255,0,255,255,255,0,255,255,255,0,255,255,255,0,255,255,255,0,255,255,255,0,255,255,255,0,255,255,255,0,255,255,255,0,255,255,255,0,255,255,255,0,255,255,255,0,255,255,255,0,255,255,255,0,255,255,255,0,255,255,255,0,255,255,255,0,255,255,255,0,255,255,255,0,255,255,255,0,255,255,255,0,
255,255,255,0,255,255,255,0,255,255,255,0,255,255,255,0,255,255,255,0,255,255,255,0,255,255,255,0,255,255,255,0,255,255,255,0,255,255,255,0,255,255,255,0,255,255,255,0,255,255,255,0,255,255,255,0,255,255,255,0,255,255,255,0,255,255,255,0,255,255,255,0,255,255,255,0,255,255,255,0,255,255,255,0,255,255,255,0,255,255,255,0,255,255,255,0,255,255,255,0,255,255,255,0,255,255,255,0,255,255,255,0,255,255,255,0,255,255,255,0,255,255,255,0,255,255,255,0,255,255,255,0,255,255,255,0,255,255,255,0,255,255,255,0,255,255,255,0,255,255,255,0,255,255,255,0,255,255,255,0,255,255,255,0,255,255,255,0,255,255,255,0,255,255,255,0,255,255,255,0,255,255,255,0,255,255,255,0,255,255,255,0,255,255,255,0,255,255,255,0,255,255,255,0,255,255,255,0,255,255,255,0,255,255,255,0,255,255,255,0,255,255,255,0,255,255,255,0,255,255,255,0,255,255,255,0,255,255,255,0,255,255,255,0,255,255,255,0,255,255,255,0,255,255,255,0,255,255,255,0,255,255,255,0,255,255,255,0,255,255,255,0,255,255,255,0,255,255,255,0,255,255,255,0,255,255,255,0,255,255,255,0,255,255,255,0,255,255,255,0,255,255,255,0,255,255,255,0,255,255,255,0,255,255,255,0,255,255,255,0,255,255,255,0,255,255,255,0,255,255,255,0,255,255,255,0,255,255,255,0,255,255,255,0,255,255,255,0,255,255,255,0,255,255,255,0,255,255,255,0,255,255,255,0,255,255,255,0,255,255,255,0,255,255,255,0,255,255,255,0,255,255,255,0,255,255,255,0,255,255,255,0,255,255,255,0,255,255,255,0,255,255,255,0,255,255,255,0,255,255,255,0,255,255,255,0,255,255,255,0,255,255,255,0,255,255,255,0,255,255,255,0,255,255,255,0,255,255,255,0,255,255,255,0,255,255,255,0,255,255,255,0,255,255,255,0,255,255,255,0,255,255,255,0,255,255,255,0,255,255,255,0,255,255,255,0,255,255,255,0,255,255,255,0,255,255,255,0,255,255,255,0,255,255,255,0,255,255,255,0,255,255,255,0,255,255,255,0,255,255,255,0,255,255,255,0,255,255,255,0,255,255,255,0,255,255,255,0,255,255,255,0,255,255,255,0,255,255,255,0,255,255,255,0,255,255,255,0,255,255,255,0,255,255,255,0,255,255,255,0,255,255,255,0,255,255,255,0,255,255,255,0,255,255,255,0,255,255,255,0,255,255,255,0,255,255,255,0,255,255,255,0,255,255,255,0,255,255,255,0,255,255,255,0,255,255,255,0,255,255,255,0,255,255,255,0,255,255,255,0,255,255,255,0,255,255,255,0,255,255,255,0,255,255,255,0,255,255,255,0,255,255,255,0,255,255,255,0,255,255,255,0,255,255,255,0,255,255,255,0,255,255,255,0,255,255,255,0,255,255,255,0,255,255,255,0,255,255,255,0,255,255,255,0,255,255,255,0,255,255,255,0,255,255,255,0,255,255,255,0,255,255,255,0,255,255,255,0,255,255,255,0,255,255,255,0,255,255,255,0,255,255,255,0,255,255,255,0,255,255,255,0,255,255,255,0,255,255,255,0,255,255,255,0,255,255,255,0,255,255,255,0,255,255,255,0,255,255,255,0,255,255,255,0,255,255,255,0,255,255,255,0,255,255,255,0,255,255,255,0,
255,255,255,0,255,255,255,0,255,255,255,0,255,255,255,0,255,255,255,0,255,255,255,0,255,255,255,0,255,255,255,0,255,255,255,0,255,255,255,0,255,255,255,0,255,255,255,0,255,255,255,0,255,255,255,0,255,255,255,0,255,255,255,0,255,255,255,0,255,255,255,0,255,255,255,0,255,255,255,0,255,255,255,0,255,255,255,0,255,255,255,0,255,255,255,0,255,255,255,0,255,255,255,0,255,255,255,0,255,255,255,0,255,255,255,0,255,255,255,0,255,255,255,0,255,255,255,0,255,255,255,0,255,255,255,0,255,255,255,0,255,255,255,0,255,255,255,0,255,255,255,0,255,255,255,0,255,255,255,0,255,255,255,0,255,255,255,0,255,255,255,0,255,255,255,0,255,255,255,0,255,255,255,0,255,255,255,0,255,255,255,0,255,255,255,0,255,255,255,0,255,255,255,0,255,255,255,0,255,255,255,0,255,255,255,0,255,255,255,0,255,255,255,0,255,255,255,0,255,255,255,0,255,255,255,0,255,255,255,0,255,255,255,0,255,255,255,0,255,255,255,0,255,255,255,0,255,255,255,0,255,255,255,0,255,255,255,0,255,255,255,0,255,255,255,0,255,255,255,0,255,255,255,0,255,255,255,0,255,255,255,0,255,255,255,0,255,255,255,0,255,255,255,0,255,255,255,0,255,255,255,0,255,255,255,0,255,255,255,0,255,255,255,0,255,255,255,0,255,255,255,0,255,255,255,0,255,255,255,0,255,255,255,0,255,255,255,0,255,255,255,0,255,255,255,0,255,255,255,0,255,255,255,0,255,255,255,0,255,255,255,0,255,255,255,0,255,255,255,0,255,255,255,0,255,255,255,0,255,255,255,0,255,255,255,0,255,255,255,0,255,255,255,0,255,255,255,0,255,255,255,0,255,255,255,0,255,255,255,0,255,255,255,0,255,255,255,0,255,255,255,0,255,255,255,0,255,255,255,0,255,255,255,0,255,255,255,0,255,255,255,0,255,255,255,0,255,255,255,0,255,255,255,0,255,255,255,0,255,255,255,0,255,255,255,0,255,255,255,0,255,255,255,0,255,255,255,0,255,255,255,0,255,255,255,0,255,255,255,0,255,255,255,0,255,255,255,0,255,255,255,0,255,255,255,0,255,255,255,0,255,255,255,0,255,255,255,0,255,255,255,0,255,255,255,0,255,255,255,0,255,255,255,0,255,255,255,0,255,255,255,0,255,255,255,0,255,255,255,0,255,255,255,0,255,255,255,0,255,255,255,0,255,255,255,0,255,255,255,0,255,255,255,0,255,255,255,0,255,255,255,0,255,255,255,0,255,255,255,0,255,255,255,0,255,255,255,0,255,255,255,0,255,255,255,0,255,255,255,0,255,255,255,0,255,255,255,0,255,255,255,0,255,255,255,0,255,255,255,0,255,255,255,0,255,255,255,0,255,255,255,0,255,255,255,0,255,255,255,0,255,255,255,0,255,255,255,0,255,255,255,0,255,255,255,0,255,255,255,0,255,255,255,0,255,255,255,0,255,255,255,0,255,255,255,0,255,255,255,0,255,255,255,0,255,255,255,0,255,255,255,0,255,255,255,0,255,255,255,0,255,255,255,0,255,255,255,0,255,255,255,0,255,255,255,0,255,255,255,0,255,255,255,0,255,255,255,0,255,255,255,0,255,255,255,0,255,255,255,0,255,255,255,0,255,255,255,0,255,255,255,0,255,255,255,0,255,255,255,0,
255,255,255,0,255,255,255,0,255,255,255,0,255,255,255,0,255,255,255,0,255,255,255,0,255,255,255,0,255,255,255,0,255,255,255,0,255,255,255,0,255,255,255,0,255,255,255,0,255,255,255,0,255,255,255,0,255,255,255,0,255,255,255,0,255,255,255,0,255,255,255,0,255,255,255,0,255,255,255,0,255,255,255,0,255,255,255,0,255,255,255,0,255,255,255,0,255,255,255,0,255,255,255,0,255,255,255,0,255,255,255,0,255,255,255,0,255,255,255,0,255,255,255,0,255,255,255,0,255,255,255,0,255,255,255,0,255,255,255,0,255,255,255,0,255,255,255,0,255,255,255,0,255,255,255,0,255,255,255,0,255,255,255,0,255,255,255,0,255,255,255,0,255,255,255,0,255,255,255,0,255,255,255,0,255,255,255,0,255,255,255,0,255,255,255,0,255,255,255,0,255,255,255,0,255,255,255,0,255,255,255,0,255,255,255,0,255,255,255,0,255,255,255,0,255,255,255,0,255,255,255,0,255,255,255,0,255,255,255,0,255,255,255,0,255,255,255,0,255,255,255,0,255,255,255,0,255,255,255,0,255,255,255,0,255,255,255,0,255,255,255,0,255,255,255,0,255,255,255,0,255,255,255,0,255,255,255,0,255,255,255,0,255,255,255,0,255,255,255,0,255,255,255,0,255,255,255,0,255,255,255,0,255,255,255,0,255,255,255,0,255,255,255,0,255,255,255,0,255,255,255,0,255,255,255,0,255,255,255,0,255,255,255,0,255,255,255,0,255,255,255,0,255,255,255,0,255,255,255,0,255,255,255,0,255,255,255,0,255,255,255,0,255,255,255,0,255,255,255,0,255,255,255,0,255,255,255,0,255,255,255,0,255,255,255,0,255,255,255,0,255,255,255,0,255,255,255,0,255,255,255,0,255,255,255,0,255,255,255,0,255,255,255,0,255,255,255,0,255,255,255,0,255,255,255,0,255,255,255,0,255,255,255,0,255,255,255,0,255,255,255,0,255,255,255,0,255,255,255,0,255,255,255,0,255,255,255,0,255,255,255,0,255,255,255,0,255,255,255,0,255,255,255,0,255,255,255,0,255,255,255,0,255,255,255,0,255,255,255,0,255,255,255,0,255,255,255,0,255,255,255,0,255,255,255,0,255,255,255,0,255,255,255,0,255,255,255,0,255,255,255,0,255,255,255,0,255,255,255,0,255,255,255,0,255,255,255,0,255,255,255,0,255,255,255,0,255,255,255,0,255,255,255,0,255,255,255,0,255,255,255,0,255,255,255,0,255,255,255,0,255,255,255,0,255,255,255,0,255,255,255,0,255,255,255,0,255,255,255,0,255,255,255,0,255,255,255,0,255,255,255,0,255,255,255,0,255,255,255,0,255,255,255,0,255,255,255,0,255,255,255,0,255,255,255,0,255,255,255,0,255,255,255,0,255,255,255,0,255,255,255,0,255,255,255,0,255,255,255,0,255,255,255,0,255,255,255,0,255,255,255,0,255,255,255,0,255,255,255,0,255,255,255,0,255,255,255,0,255,255,255,0,255,255,255,0,255,255,255,0,255,255,255,0,255,255,255,0,255,255,255,0,255,255,255,0,255,255,255,0,255,255,255,0,255,255,255,0,255,255,255,0,255,255,255,0,255,255,255,0,255,255,255,0,255,255,255,0,255,255,255,0,255,255,255,0,255,255,255,0,255,255,255,0,255,255,255,0,255,255,255,0,255,255,255,0,255,255,255,0,
255,255,255,0,255,255,255,0,255,255,255,0,255,255,255,0,255,255,255,0,255,255,255,0,255,255,255,0,255,255,255,0,255,255,255,0,255,255,255,0,255,255,255,0,255,255,255,0,255,255,255,0,255,255,255,0,255,255,255,0,255,255,255,0,255,255,255,0,255,255,255,0,255,255,255,0,255,255,255,0,255,255,255,0,255,255,255,0,255,255,255,0,255,255,255,0,255,255,255,0,255,255,255,0,255,255,255,0,255,255,255,0,255,255,255,0,255,255,255,0,255,255,255,0,255,255,255,0,255,255,255,0,255,255,255,0,255,255,255,0,255,255,255,0,255,255,255,0,255,255,255,0,255,255,255,0,255,255,255,0,255,255,255,0,255,255,255,0,255,255,255,0,255,255,255,0,255,255,255,0,255,255,255,0,255,255,255,0,255,255,255,0,255,255,255,0,255,255,255,0,255,255,255,0,255,255,255,0,255,255,255,0,255,255,255,0,255,255,255,0,255,255,255,0,255,255,255,0,255,255,255,0,255,255,255,0,255,255,255,0,255,255,255,0,255,255,255,0,255,255,255,0,255,255,255,0,255,255,255,0,255,255,255,0,255,255,255,0,255,255,255,0,255,255,255,0,255,255,255,0,255,255,255,0,255,255,255,0,255,255,255,0,255,255,255,0,255,255,255,0,255,255,255,0,255,255,255,0,255,255,255,0,255,255,255,0,255,255,255,0,255,255,255,0,255,255,255,0,255,255,255,0,255,255,255,0,255,255,255,0,255,255,255,0,255,255,255,0,255,255,255,0,255,255,255,0,255,255,255,0,255,255,255,0,255,255,255,0,255,255,255,0,255,255,255,0,255,255,255,0,255,255,255,0,255,255,255,0,255,255,255,0,255,255,255,0,255,255,255,0,255,255,255,0,255,255,255,0,255,255,255,0,255,255,255,0,255,255,255,0,255,255,255,0,255,255,255,0,255,255,255,0,255,255,255,0,255,255,255,0,255,255,255,0,255,255,255,0,255,255,255,0,255,255,255,0,255,255,255,0,255,255,255,0,255,255,255,0,255,255,255,0,255,255,255,0,255,255,255,0,255,255,255,0,255,255,255,0,255,255,255,0,255,255,255,0,255,255,255,0,255,255,255,0,255,255,255,0,255,255,255,0,255,255,255,0,255,255,255,0,255,255,255,0,255,255,255,0,255,255,255,0,255,255,255,0,255,255,255,0,255,255,255,0,255,255,255,0,255,255,255,0,255,255,255,0,255,255,255,0,255,255,255,0,255,255,255,0,255,255,255,0,255,255,255,0,255,255,255,0,255,255,255,0,255,255,255,0,255,255,255,0,255,255,255,0,255,255,255,0,255,255,255,0,255,255,255,0,255,255,255,0,255,255,255,0,255,255,255,0,255,255,255,0,255,255,255,0,255,255,255,0,255,255,255,0,255,255,255,0,255,255,255,0,255,255,255,0,255,255,255,0,255,255,255,0,255,255,255,0,255,255,255,0,255,255,255,0,255,255,255,0,255,255,255,0,255,255,255,0,255,255,255,0,255,255,255,0,255,255,255,0,255,255,255,0,255,255,255,0,255,255,255,0,255,255,255,0,255,255,255,0,255,255,255,0,255,255,255,0,255,255,255,0,255,255,255,0,255,255,255,0,255,255,255,0,255,255,255,0,255,255,255,0,255,255,255,0,255,255,255,0,255,255,255,0,255,255,255,0,255,255,255,0,255,255,255,0,255,255,255,0,255,255,255,0,255,255,255,0,
255,255,255,0,255,255,255,0,255,255,255,0,255,255,255,0,255,255,255,0,255,255,255,0,255,255,255,0,255,255,255,0,255,255,255,0,255,255,255,0,255,255,255,0,255,255,255,0,255,255,255,0,255,255,255,0,255,255,255,0,255,255,255,0,255,255,255,0,255,255,255,0,255,255,255,0,255,255,255,0,255,255,255,0,255,255,255,0,255,255,255,0,255,255,255,0,255,255,255,0,255,255,255,0,255,255,255,0,255,255,255,0,255,255,255,0,255,255,255,0,255,255,255,0,255,255,255,0,255,255,255,0,255,255,255,0,255,255,255,0,255,255,255,0,255,255,255,0,255,255,255,0,255,255,255,0,255,255,255,0,255,255,255,0,255,255,255,0,255,255,255,0,255,255,255,0,255,255,255,0,255,255,255,0,255,255,255,0,255,255,255,0,255,255,255,0,255,255,255,0,255,255,255,0,255,255,255,0,255,255,255,0,255,255,255,0,255,255,255,0,255,255,255,0,255,255,255,0,255,255,255,0,255,255,255,0,255,255,255,0,255,255,255,0,255,255,255,0,255,255,255,0,255,255,255,0,255,255,255,0,255,255,255,0,255,255,255,0,255,255,255,0,255,255,255,0,255,255,255,0,255,255,255,0,255,255,255,0,255,255,255,0,255,255,255,0,255,255,255,0,255,255,255,0,255,255,255,0,255,255,255,0,255,255,255,0,255,255,255,0,255,255,255,0,255,255,255,0,255,255,255,0,255,255,255,0,255,255,255,0,255,255,255,0,255,255,255,0,255,255,255,0,255,255,255,0,255,255,255,0,255,255,255,0,255,255,255,0,255,255,255,0,255,255,255,0,255,255,255,0,255,255,255,0,255,255,255,0,255,255,255,0,255,255,255,0,255,255,255,0,255,255,255,0,255,255,255,0,255,255,255,0,255,255,255,0,255,255,255,0,255,255,255,0,255,255,255,0,255,255,255,0,255,255,255,0,255,255,255,0,255,255,255,0,255,255,255,0,255,255,255,0,255,255,255,0,255,255,255,0,255,255,255,0,255,255,255,0,255,255,255,0,255,255,255,0,255,255,255,0,255,255,255,0,255,255,255,0,255,255,255,0,255,255,255,0,255,255,255,0,255,255,255,0,255,255,255,0,255,255,255,0,255,255,255,0,255,255,255,0,255,255,255,0,255,255,255,0,255,255,255,0,255,255,255,0,255,255,255,0,255,255,255,0,255,255,255,0,255,255,255,0,255,255,255,0,255,255,255,0,255,255,255,0,255,255,255,0,255,255,255,0,255,255,255,0,255,255,255,0,255,255,255,0,255,255,255,0,255,255,255,0,255,255,255,0,255,255,255,0,255,255,255,0,255,255,255,0,255,255,255,0,255,255,255,0,255,255,255,0,255,255,255,0,255,255,255,0,255,255,255,0,255,255,255,0,255,255,255,0,255,255,255,0,255,255,255,0,255,255,255,0,255,255,255,0,255,255,255,0,255,255,255,0,255,255,255,0,255,255,255,0,255,255,255,0,255,255,255,0,255,255,255,0,255,255,255,0,255,255,255,0,255,255,255,0,255,255,255,0,255,255,255,0,255,255,255,0,255,255,255,0,255,255,255,0,255,255,255,0,255,255,255,0,255,255,255,0,255,255,255,0,255,255,255,0,255,255,255,0,255,255,255,0,255,255,255,0,255,255,255,0,255,255,255,0,255,255,255,0,255,255,255,0,255,255,255,0,255,255,255,0,255,255,255,0,255,255,255,0,
255,255,255,0,255,255,255,0,255,255,255,0,255,255,255,0,255,255,255,0,255,255,255,0,255,255,255,0,255,255,255,0,255,255,255,0,255,255,255,0,255,255,255,0,255,255,255,0,255,255,255,0,255,255,255,0,255,255,255,0,255,255,255,0,255,255,255,0,255,255,255,0,255,255,255,0,255,255,255,0,255,255,255,0,255,255,255,0,255,255,255,0,255,255,255,0,255,255,255,0,255,255,255,0,255,255,255,0,255,255,255,0,255,255,255,0,255,255,255,0,255,255,255,0,255,255,255,0,255,255,255,0,255,255,255,0,255,255,255,0,255,255,255,0,255,255,255,0,255,255,255,0,255,255,255,0,255,255,255,0,255,255,255,0,255,255,255,0,255,255,255,0,255,255,255,0,255,255,255,0,255,255,255,0,255,255,255,0,255,255,255,0,255,255,255,0,255,255,255,0,255,255,255,0,255,255,255,0,255,255,255,0,255,255,255,0,255,255,255,0,255,255,255,0,255,255,255,0,255,255,255,0,255,255,255,0,255,255,255,0,255,255,255,0,255,255,255,0,255,255,255,0,255,255,255,0,255,255,255,0,255,255,255,0,255,255,255,0,255,255,255,0,255,255,255,0,255,255,255,0,255,255,255,0,255,255,255,0,255,255,255,0,255,255,255,0,255,255,255,0,255,255,255,0,255,255,255,0,255,255,255,0,255,255,255,0,255,255,255,0,255,255,255,0,255,255,255,0,255,255,255,0,255,255,255,0,255,255,255,0,255,255,255,0,255,255,255,0,255,255,255,0,255,255,255,0,255,255,255,0,255,255,255,0,255,255,255,0,255,255,255,0,255,255,255,0,255,255,255,0,255,255,255,0,255,255,255,0,255,255,255,0,255,255,255,0,255,255,255,0,255,255,255,0,255,255,255,0,255,255,255,0,255,255,255,0,255,255,255,0,255,255,255,0,255,255,255,0,255,255,255,0,255,255,255,0,255,255,255,0,255,255,255,0,255,255,255,0,255,255,255,0,255,255,255,0,255,255,255,0,255,255,255,0,255,255,255,0,255,255,255,0,255,255,255,0,255,255,255,0,255,255,255,0,255,255,255,0,255,255,255,0,255,255,255,0,255,255,255,0,255,255,255,0,255,255,255,0,255,255,255,0,255,255,255,0,255,255,255,0,255,255,255,0,255,255,255,0,255,255,255,0,255,255,255,0,255,255,255,0,255,255,255,0,255,255,255,0,255,255,255,0,255,255,255,0,255,255,255,0,255,255,255,0,255,255,255,0,255,255,255,0,255,255,255,0,255,255,255,0,255,255,255,0,255,255,255,0,255,255,255,0,255,255,255,0,255,255,255,0,255,255,255,0,255,255,255,0,255,255,255,0,255,255,255,0,255,255,255,0,255,255,255,0,255,255,255,0,255,255,255,0,255,255,255,0,255,255,255,0,255,255,255,0,255,255,255,0,255,255,255,0,255,255,255,0,255,255,255,0,255,255,255,0,255,255,255,0,255,255,255,0,255,255,255,0,255,255,255,0,255,255,255,0,255,255,255,0,255,255,255,0,255,255,255,0,255,255,255,0,255,255,255,0,255,255,255,0,255,255,255,0,255,255,255,0,255,255,255,0,255,255,255,0,255,255,255,0,255,255,255,0,255,255,255,0,255,255,255,0,255,255,255,0,255,255,255,0,255,255,255,0,255,255,255,0,255,255,255,0,255,255,255,0,255,255,255,0,255,255,255,0,255,255,255,0,255,255,255,0,
255,255,255,0,255,255,255,0,255,255,255,0,255,255,255,0,255,255,255,0,255,255,255,0,255,255,255,0,255,255,255,0,255,255,255,0,255,255,255,0,255,255,255,0,255,255,255,0,255,255,255,0,255,255,255,0,255,255,255,0,255,255,255,0,255,255,255,0,255,255,255,0,255,255,255,0,255,255,255,0,255,255,255,0,255,255,255,0,255,255,255,0,255,255,255,0,255,255,255,0,255,255,255,0,255,255,255,0,255,255,255,0,255,255,255,0,255,255,255,0,255,255,255,0,255,255,255,0,255,255,255,0,255,255,255,0,255,255,255,0,255,255,255,0,255,255,255,0,255,255,255,0,255,255,255,0,255,255,255,0,255,255,255,0,255,255,255,0,255,255,255,0,255,255,255,0,255,255,255,0,255,255,255,0,255,255,255,0,255,255,255,0,255,255,255,0,255,255,255,0,255,255,255,0,255,255,255,0,255,255,255,0,255,255,255,0,255,255,255,0,255,255,255,0,255,255,255,0,255,255,255,0,255,255,255,0,255,255,255,0,255,255,255,0,255,255,255,0,255,255,255,0,255,255,255,0,255,255,255,0,255,255,255,0,255,255,255,0,255,255,255,0,255,255,255,0,255,255,255,0,255,255,255,0,255,255,255,0,255,255,255,0,255,255,255,0,255,255,255,0,255,255,255,0,255,255,255,0,255,255,255,0,255,255,255,0,255,255,255,0,255,255,255,0,255,255,255,0,255,255,255,0,255,255,255,0,255,255,255,0,255,255,255,0,255,255,255,0,255,255,255,0,255,255,255,0,255,255,255,0,255,255,255,0,255,255,255,0,255,255,255,0,255,255,255,0,255,255,255,0,255,255,255,0,255,255,255,0,255,255,255,0,255,255,255,0,255,255,255,0,255,255,255,0,255,255,255,0,255,255,255,0,255,255,255,0,255,255,255,0,255,255,255,0,255,255,255,0,255,255,255,0,255,255,255,0,255,255,255,0,255,255,255,0,255,255,255,0,255,255,255,0,255,255,255,0,255,255,255,0,255,255,255,0,255,255,255,0,255,255,255,0,255,255,255,0,255,255,255,0,255,255,255,0,255,255,255,0,255,255,255,0,255,255,255,0,255,255,255,0,255,255,255,0,255,255,255,0,255,255,255,0,255,255,255,0,255,255,255,0,255,255,255,0,255,255,255,0,255,255,255,0,255,255,255,0,255,255,255,0,255,255,255,0,255,255,255,0,255,255,255,0,255,255,255,0,255,255,255,0,255,255,255,0,255,255,255,0,255,255,255,0,255,255,255,0,255,255,255,0,255,255,255,0,255,255,255,0,255,255,255,0,255,255,255,0,255,255,255,0,255,255,255,0,255,255,255,0,255,255,255,0,255,255,255,0,255,255,255,0,255,255,255,0,255,255,255,0,255,255,255,0,255,255,255,0,255,255,255,0,255,255,255,0,255,255,255,0,255,255,255,0,255,255,255,0,255,255,255,0,255,255,255,0,255,255,255,0,255,255,255,0,255,255,255,0,255,255,255,0,255,255,255,0,255,255,255,0,255,255,255,0,255,255,255,0,255,255,255,0,255,255,255,0,255,255,255,0,255,255,255,0,255,255,255,0,255,255,255,0,255,255,255,0,255,255,255,0,255,255,255,0,255,255,255,0,255,255,255,0,255,255,255,0,255,255,255,0,255,255,255,0,255,255,255,0,255,255,255,0,255,255,255,0,255,255,255,0,255,255,255,0,255,255,255,0,255,255,255,0,
255,255,255,0,255,255,255,0,255,255,255,0,255,255,255,0,255,255,255,0,255,255,255,0,255,255,255,0,255,255,255,0,255,255,255,0,255,255,255,0,255,255,255,0,255,255,255,0,255,255,255,0,255,255,255,0,255,255,255,0,255,255,255,0,255,255,255,0,255,255,255,0,255,255,255,0,255,255,255,0,255,255,255,0,255,255,255,0,255,255,255,0,255,255,255,0,255,255,255,0,255,255,255,0,255,255,255,0,255,255,255,0,255,255,255,0,255,255,255,0,255,255,255,0,255,255,255,0,255,255,255,0,255,255,255,0,255,255,255,0,255,255,255,0,255,255,255,0,255,255,255,0,255,255,255,0,255,255,255,0,255,255,255,0,255,255,255,0,255,255,255,0,255,255,255,0,255,255,255,0,255,255,255,0,255,255,255,0,255,255,255,0,255,255,255,0,255,255,255,0,255,255,255,0,255,255,255,0,255,255,255,0,255,255,255,0,255,255,255,0,255,255,255,0,255,255,255,0,255,255,255,0,255,255,255,0,255,255,255,0,255,255,255,0,255,255,255,0,255,255,255,0,255,255,255,0,255,255,255,0,255,255,255,0,255,255,255,0,255,255,255,0,255,255,255,0,255,255,255,0,255,255,255,0,255,255,255,0,255,255,255,0,255,255,255,0,255,255,255,0,255,255,255,0,255,255,255,0,255,255,255,0,255,255,255,0,255,255,255,0,255,255,255,0,255,255,255,0,255,255,255,0,255,255,255,0,255,255,255,0,255,255,255,0,255,255,255,0,255,255,255,0,255,255,255,0,255,255,255,0,255,255,255,0,255,255,255,0,255,255,255,0,255,255,255,0,255,255,255,0,255,255,255,0,255,255,255,0,255,255,255,0,255,255,255,0,255,255,255,0,255,255,255,0,255,255,255,0,255,255,255,0,255,255,255,0,255,255,255,0,255,255,255,0,255,255,255,0,255,255,255,0,255,255,255,0,255,255,255,0,255,255,255,0,255,255,255,0,255,255,255,0,255,255,255,0,255,255,255,0,255,255,255,0,255,255,255,0,255,255,255,0,255,255,255,0,255,255,255,0,255,255,255,0,255,255,255,0,255,255,255,0,255,255,255,0,255,255,255,0,255,255,255,0,255,255,255,0,255,255,255,0,255,255,255,0,255,255,255,0,255,255,255,0,255,255,255,0,255,255,255,0,255,255,255,0,255,255,255,0,255,255,255,0,255,255,255,0,255,255,255,0,255,255,255,0,255,255,255,0,255,255,255,0,255,255,255,0,255,255,255,0,255,255,255,0,255,255,255,0,255,255,255,0,255,255,255,0,255,255,255,0,255,255,255,0,255,255,255,0,255,255,255,0,255,255,255,0,255,255,255,0,255,255,255,0,255,255,255,0,255,255,255,0,255,255,255,0,255,255,255,0,255,255,255,0,255,255,255,0,255,255,255,0,255,255,255,0,255,255,255,0,255,255,255,0,255,255,255,0,255,255,255,0,255,255,255,0,255,255,255,0,255,255,255,0,255,255,255,0,255,255,255,0,255,255,255,0,255,255,255,0,255,255,255,0,255,255,255,0,255,255,255,0,255,255,255,0,255,255,255,0,255,255,255,0,255,255,255,0,255,255,255,0,255,255,255,0,255,255,255,0,255,255,255,0,255,255,255,0,255,255,255,0,255,255,255,0,255,255,255,0,255,255,255,0,255,255,255,0,255,255,255,0,255,255,255,0,255,255,255,0,255,255,255,0,255,255,255,0,
255,255,255,0,255,255,255,0,255,255,255,0,255,255,255,0,255,255,255,0,255,255,255,0,255,255,255,0,255,255,255,0,255,255,255,0,255,255,255,0,255,255,255,0,255,255,255,0,255,255,255,0,255,255,255,0,255,255,255,0,255,255,255,0,255,255,255,0,255,255,255,0,255,255,255,0,255,255,255,0,255,255,255,0,255,255,255,0,255,255,255,0,255,255,255,0,255,255,255,0,255,255,255,0,255,255,255,0,255,255,255,0,255,255,255,0,255,255,255,0,255,255,255,0,255,255,255,0,255,255,255,0,255,255,255,0,255,255,255,0,255,255,255,0,255,255,255,0,255,255,255,0,255,255,255,0,255,255,255,0,255,255,255,0,255,255,255,0,255,255,255,0,255,255,255,0,255,255,255,0,255,255,255,0,255,255,255,0,255,255,255,0,255,255,255,0,255,255,255,0,255,255,255,0,255,255,255,0,255,255,255,0,255,255,255,0,255,255,255,0,255,255,255,0,255,255,255,0,255,255,255,0,255,255,255,0,255,255,255,0,255,255,255,0,255,255,255,0,255,255,255,0,255,255,255,0,255,255,255,0,255,255,255,0,255,255,255,0,255,255,255,0,255,255,255,0,255,255,255,0,255,255,255,0,255,255,255,0,255,255,255,0,255,255,255,0,255,255,255,0,255,255,255,0,255,255,255,0,255,255,255,0,255,255,255,0,255,255,255,0,255,255,255,0,255,255,255,0,255,255,255,0,255,255,255,0,255,255,255,0,255,255,255,0,255,255,255,0,255,255,255,0,255,255,255,0,255,255,255,0,255,255,255,0,255,255,255,0,255,255,255,0,255,255,255,0,255,255,255,0,255,255,255,0,255,255,255,0,255,255,255,0,255,255,255,0,255,255,255,0,255,255,255,0,255,255,255,0,255,255,255,0,255,255,255,0,255,255,255,0,255,255,255,0,255,255,255,0,255,255,255,0,255,255,255,0,255,255,255,0,255,255,255,0,255,255,255,0,255,255,255,0,255,255,255,0,255,255,255,0,255,255,255,0,255,255,255,0,255,255,255,0,255,255,255,0,255,255,255,0,255,255,255,0,255,255,255,0,255,255,255,0,255,255,255,0,255,255,255,0,255,255,255,0,255,255,255,0,255,255,255,0,255,255,255,0,255,255,255,0,255,255,255,0,255,255,255,0,255,255,255,0,255,255,255,0,255,255,255,0,255,255,255,0,255,255,255,0,255,255,255,0,255,255,255,0,255,255,255,0,255,255,255,0,255,255,255,0,255,255,255,0,255,255,255,0,255,255,255,0,255,255,255,0,255,255,255,0,255,255,255,0,255,255,255,0,255,255,255,0,255,255,255,0,255,255,255,0,255,255,255,0,255,255,255,0,255,255,255,0,255,255,255,0,255,255,255,0,255,255,255,0,255,255,255,0,255,255,255,0,255,255,255,0,255,255,255,0,255,255,255,0,255,255,255,0,255,255,255,0,255,255,255,0,255,255,255,0,255,255,255,0,255,255,255,0,255,255,255,0,255,255,255,0,255,255,255,0,255,255,255,0,255,255,255,0,255,255,255,0,255,255,255,0,255,255,255,0,255,255,255,0,255,255,255,0,255,255,255,0,255,255,255,0,255,255,255,0,255,255,255,0,255,255,255,0,255,255,255,0,255,255,255,0,255,255,255,0,255,255,255,0,255,255,255,0,255,255,255,0,255,255,255,0,255,255,255,0,255,255,255,0,255,255,255,0,255,255,255,0,
255,255,255,0,255,255,255,0,255,255,255,0,255,255,255,0,255,255,255,0,255,255,255,0,255,255,255,0,255,255,255,0,255,255,255,0,255,255,255,0,255,255,255,0,255,255,255,0,255,255,255,0,255,255,255,0,255,255,255,0,255,255,255,0,255,255,255,0,255,255,255,0,255,255,255,0,255,255,255,0,255,255,255,0,255,255,255,0,255,255,255,0,255,255,255,0,255,255,255,0,255,255,255,0,255,255,255,0,255,255,255,0,255,255,255,0,255,255,255,0,255,255,255,0,255,255,255,0,255,255,255,0,255,255,255,0,255,255,255,0,255,255,255,0,255,255,255,0,255,255,255,0,255,255,255,0,255,255,255,0,255,255,255,0,255,255,255,0,255,255,255,0,255,255,255,0,255,255,255,0,255,255,255,0,255,255,255,0,255,255,255,0,255,255,255,0,255,255,255,0,255,255,255,0,255,255,255,0,255,255,255,0,255,255,255,0,255,255,255,0,255,255,255,0,255,255,255,0,255,255,255,0,255,255,255,0,255,255,255,0,255,255,255,0,255,255,255,0,255,255,255,0,255,255,255,0,255,255,255,0,255,255,255,0,255,255,255,0,255,255,255,0,255,255,255,0,255,255,255,0,255,255,255,0,255,255,255,0,255,255,255,0,255,255,255,0,255,255,255,0,255,255,255,0,255,255,255,0,255,255,255,0,255,255,255,0,255,255,255,0,255,255,255,0,255,255,255,0,255,255,255,0,255,255,255,0,255,255,255,0,255,255,255,0,255,255,255,0,255,255,255,0,255,255,255,0,255,255,255,0,255,255,255,0,255,255,255,0,255,255,255,0,255,255,255,0,255,255,255,0,255,255,255,0,255,255,255,0,255,255,255,0,255,255,255,0,255,255,255,0,255,255,255,0,255,255,255,0,255,255,255,0,255,255,255,0,255,255,255,0,255,255,255,0,255,255,255,0,255,255,255,0,255,255,255,0,255,255,255,0,255,255,255,0,255,255,255,0,255,255,255,0,255,255,255,0,255,255,255,0,255,255,255,0,255,255,255,0,255,255,255,0,255,255,255,0,255,255,255,0,255,255,255,0,255,255,255,0,255,255,255,0,255,255,255,0,255,255,255,0,255,255,255,0,255,255,255,0,255,255,255,0,255,255,255,0,255,255,255,0,255,255,255,0,255,255,255,0,255,255,255,0,255,255,255,0,255,255,255,0,255,255,255,0,255,255,255,0,255,255,255,0,255,255,255,0,255,255,255,0,255,255,255,0,255,255,255,0,255,255,255,0,255,255,255,0,255,255,255,0,255,255,255,0,255,255,255,0,255,255,255,0,255,255,255,0,255,255,255,0,255,255,255,0,255,255,255,0,255,255,255,0,255,255,255,0,255,255,255,0,255,255,255,0,255,255,255,0,255,255,255,0,255,255,255,0,255,255,255,0,255,255,255,0,255,255,255,0,255,255,255,0,255,255,255,0,255,255,255,0,255,255,255,0,255,255,255,0,255,255,255,0,255,255,255,0,255,255,255,0,255,255,255,0,255,255,255,0,255,255,255,0,255,255,255,0,255,255,255,0,255,255,255,0,255,255,255,0,255,255,255,0,255,255,255,0,255,255,255,0,255,255,255,0,255,255,255,0,255,255,255,0,255,255,255,0,255,255,255,0,255,255,255,0,255,255,255,0,255,255,255,0,255,255,255,0,255,255,255,0,255,255,255,0,255,255,255,0,255,255,255,0,255,255,255,0,255,255,255,0,
255,255,255,0,255,255,255,0,255,255,255,0,255,255,255,0,255,255,255,0,255,255,255,0,255,255,255,0,255,255,255,0,255,255,255,0,255,255,255,0,255,255,255,0,255,255,255,0,255,255,255,0,255,255,255,0,255,255,255,0,255,255,255,0,255,255,255,0,255,255,255,0,255,255,255,0,255,255,255,0,255,255,255,0,255,255,255,0,255,255,255,0,255,255,255,0,255,255,255,0,255,255,255,0,255,255,255,0,255,255,255,0,255,255,255,0,255,255,255,0,255,255,255,0,255,255,255,0,255,255,255,0,255,255,255,0,255,255,255,0,255,255,255,0,255,255,255,0,255,255,255,0,255,255,255,0,255,255,255,0,255,255,255,0,255,255,255,0,255,255,255,0,255,255,255,0,255,255,255,0,255,255,255,0,255,255,255,0,255,255,255,0,255,255,255,0,255,255,255,0,255,255,255,0,255,255,255,0,255,255,255,0,255,255,255,0,255,255,255,0,255,255,255,0,255,255,255,0,255,255,255,0,255,255,255,0,255,255,255,0,255,255,255,0,255,255,255,0,255,255,255,0,255,255,255,0,255,255,255,0,255,255,255,0,255,255,255,0,255,255,255,0,255,255,255,0,255,255,255,0,255,255,255,0,255,255,255,0,255,255,255,0,255,255,255,0,255,255,255,0,255,255,255,0,255,255,255,0,255,255,255,0,255,255,255,0,255,255,255,0,255,255,255,0,255,255,255,0,255,255,255,0,255,255,255,0,255,255,255,0,255,255,255,0,255,255,255,0,255,255,255,0,255,255,255,0,255,255,255,0,255,255,255,0,255,255,255,0,255,255,255,0,255,255,255,0,255,255,255,0,255,255,255,0,255,255,255,0,255,255,255,0,255,255,255,0,255,255,255,0,255,255,255,0,255,255,255,0,255,255,255,0,255,255,255,0,255,255,255,0,255,255,255,0,255,255,255,0,255,255,255,0,255,255,255,0,255,255,255,0,255,255,255,0,255,255,255,0,255,255,255,0,255,255,255,0,255,255,255,0,255,255,255,0,255,255,255,0,255,255,255,0,255,255,255,0,255,255,255,0,255,255,255,0,255,255,255,0,255,255,255,0,255,255,255,0,255,255,255,0,255,255,255,0,255,255,255,0,255,255,255,0,255,255,255,0,255,255,255,0,255,255,255,0,255,255,255,0,255,255,255,0,255,255,255,0,255,255,255,0,255,255,255,0,255,255,255,0,255,255,255,0,255,255,255,0,255,255,255,0,255,255,255,0,255,255,255,0,255,255,255,0,255,255,255,0,255,255,255,0,255,255,255,0,255,255,255,0,255,255,255,0,255,255,255,0,255,255,255,0,255,255,255,0,255,255,255,0,255,255,255,0,255,255,255,0,255,255,255,0,255,255,255,0,255,255,255,0,255,255,255,0,255,255,255,0,255,255,255,0,255,255,255,0,255,255,255,0,255,255,255,0,255,255,255,0,255,255,255,0,255,255,255,0,255,255,255,0,255,255,255,0,255,255,255,0,255,255,255,0,255,255,255,0,255,255,255,0,255,255,255,0,255,255,255,0,255,255,255,0,255,255,255,0,255,255,255,0,255,255,255,0,255,255,255,0,255,255,255,0,255,255,255,0,255,255,255,0,255,255,255,0,255,255,255,0,255,255,255,0,255,255,255,0,255,255,255,0,255,255,255,0,255,255,255,0,255,255,255,0,255,255,255,0,255,255,255,0,255,255,255,0,255,255,255,0,255,255,255,0,
255,255,255,0,255,255,255,0,255,255,255,0,255,255,255,0,255,255,255,0,255,255,255,0,255,255,255,0,255,255,255,0,255,255,255,0,255,255,255,0,255,255,255,0,255,255,255,0,255,255,255,0,255,255,255,0,255,255,255,0,255,255,255,0,255,255,255,0,255,255,255,0,255,255,255,0,255,255,255,0,255,255,255,0,255,255,255,0,255,255,255,0,255,255,255,0,255,255,255,0,255,255,255,0,255,255,255,0,255,255,255,0,255,255,255,0,255,255,255,0,255,255,255,0,255,255,255,0,255,255,255,0,255,255,255,0,255,255,255,0,255,255,255,0,255,255,255,0,255,255,255,0,255,255,255,0,255,255,255,0,255,255,255,0,255,255,255,0,255,255,255,0,255,255,255,0,255,255,255,0,255,255,255,0,255,255,255,0,255,255,255,0,255,255,255,0,255,255,255,0,255,255,255,0,255,255,255,0,255,255,255,0,255,255,255,0,255,255,255,0,255,255,255,0,255,255,255,0,255,255,255,0,255,255,255,0,255,255,255,0,255,255,255,0,255,255,255,0,255,255,255,0,255,255,255,0,255,255,255,0,255,255,255,0,255,255,255,0,255,255,255,0,255,255,255,0,255,255,255,0,255,255,255,0,255,255,255,0,255,255,255,0,255,255,255,0,255,255,255,0,255,255,255,0,255,255,255,0,255,255,255,0,255,255,255,0,255,255,255,0,255,255,255,0,255,255,255,0,255,255,255,0,255,255,255,0,255,255,255,0,255,255,255,0,255,255,255,0,255,255,255,0,255,255,255,0,255,255,255,0,255,255,255,0,255,255,255,0,255,255,255,0,255,255,255,0,255,255,255,0,255,255,255,0,255,255,255,0,255,255,255,0,255,255,255,0,255,255,255,0,255,255,255,0,255,255,255,0,255,255,255,0,255,255,255,0,255,255,255,0,255,255,255,0,255,255,255,0,255,255,255,0,255,255,255,0,255,255,255,0,255,255,255,0,255,255,255,0,255,255,255,0,255,255,255,0,255,255,255,0,255,255,255,0,255,255,255,0,255,255,255,0,255,255,255,0,255,255,255,0,255,255,255,0,255,255,255,0,255,255,255,0,255,255,255,0,255,255,255,0,255,255,255,0,255,255,255,0,255,255,255,0,255,255,255,0,255,255,255,0,255,255,255,0,255,255,255,0,255,255,255,0,255,255,255,0,255,255,255,0,255,255,255,0,255,255,255,0,255,255,255,0,255,255,255,0,255,255,255,0,255,255,255,0,255,255,255,0,255,255,255,0,255,255,255,0,255,255,255,0,255,255,255,0,255,255,255,0,255,255,255,0,255,255,255,0,255,255,255,0,255,255,255,0,255,255,255,0,255,255,255,0,255,255,255,0,255,255,255,0,255,255,255,0,255,255,255,0,255,255,255,0,255,255,255,0,255,255,255,0,255,255,255,0,255,255,255,0,255,255,255,0,255,255,255,0,255,255,255,0,255,255,255,0,255,255,255,0,255,255,255,0,255,255,255,0,255,255,255,0,255,255,255,0,255,255,255,0,255,255,255,0,255,255,255,0,255,255,255,0,255,255,255,0,255,255,255,0,255,255,255,0,255,255,255,0,255,255,255,0,255,255,255,0,255,255,255,0,255,255,255,0,255,255,255,0,255,255,255,0,255,255,255,0,255,255,255,0,255,255,255,0,255,255,255,0,255,255,255,0,255,255,255,0,255,255,255,0,255,255,255,0,255,255,255,0,255,255,255,0,
255,255,255,0,255,255,255,0,255,255,255,0,255,255,255,0,255,255,255,0,255,255,255,0,255,255,255,0,255,255,255,0,255,255,255,0,255,255,255,0,255,255,255,0,255,255,255,0,255,255,255,0,255,255,255,0,255,255,255,0,255,255,255,0,255,255,255,0,255,255,255,0,255,255,255,0,255,255,255,0,255,255,255,0,255,255,255,0,255,255,255,0,255,255,255,0,255,255,255,0,255,255,255,0,255,255,255,0,255,255,255,0,255,255,255,0,255,255,255,0,255,255,255,0,255,255,255,0,255,255,255,0,255,255,255,0,255,255,255,0,255,255,255,0,255,255,255,0,255,255,255,0,255,255,255,0,255,255,255,0,255,255,255,0,255,255,255,0,255,255,255,0,255,255,255,0,255,255,255,0,255,255,255,0,255,255,255,0,255,255,255,0,255,255,255,0,255,255,255,0,255,255,255,0,255,255,255,0,255,255,255,0,255,255,255,0,255,255,255,0,255,255,255,0,255,255,255,0,255,255,255,0,255,255,255,0,255,255,255,0,255,255,255,0,255,255,255,0,255,255,255,0,255,255,255,0,255,255,255,0,255,255,255,0,255,255,255,0,255,255,255,0,255,255,255,0,255,255,255,0,255,255,255,0,255,255,255,0,255,255,255,0,255,255,255,0,255,255,255,0,255,255,255,0,255,255,255,0,255,255,255,0,255,255,255,0,255,255,255,0,255,255,255,0,255,255,255,0,255,255,255,0,255,255,255,0,255,255,255,0,255,255,255,0,255,255,255,0,255,255,255,0,255,255,255,0,255,255,255,0,255,255,255,0,255,255,255,0,255,255,255,0,255,255,255,0,255,255,255,0,255,255,255,0,255,255,255,0,255,255,255,0,255,255,255,0,255,255,255,0,255,255,255,0,255,255,255,0,255,255,255,0,255,255,255,0,255,255,255,0,255,255,255,0,255,255,255,0,255,255,255,0,255,255,255,0,255,255,255,0,255,255,255,0,255,255,255,0,255,255,255,0,255,255,255,0,255,255,255,0,255,255,255,0,255,255,255,0,255,255,255,0,255,255,255,0,255,255,255,0,255,255,255,0,255,255,255,0,255,255,255,0,255,255,255,0,255,255,255,0,255,255,255,0,255,255,255,0,255,255,255,0,255,255,255,0,255,255,255,0,255,255,255,0,255,255,255,0,255,255,255,0,255,255,255,0,255,255,255,0,255,255,255,0,255,255,255,0,255,255,255,0,255,255,255,0,255,255,255,0,255,255,255,0,255,255,255,0,255,255,255,0,255,255,255,0,255,255,255,0,255,255,255,0,255,255,255,0,255,255,255,0,255,255,255,0,255,255,255,0,255,255,255,0,255,255,255,0,255,255,255,0,255,255,255,0,255,255,255,0,255,255,255,0,255,255,255,0,255,255,255,0,255,255,255,0,255,255,255,0,255,255,255,0,255,255,255,0,255,255,255,0,255,255,255,0,255,255,255,0,255,255,255,0,255,255,255,0,255,255,255,0,255,255,255,0,255,255,255,0,255,255,255,0,255,255,255,0,255,255,255,0,255,255,255,0,255,255,255,0,255,255,255,0,255,255,255,0,255,255,255,0,255,255,255,0,255,255,255,0,255,255,255,0,255,255,255,0,255,255,255,0,255,255,255,0,255,255,255,0,255,255,255,0,255,255,255,0,255,255,255,0,255,255,255,0,255,255,255,0,255,255,255,0,255,255,255,0,255,255,255,0,255,255,255,0,255,255,255,0,
255,255,255,0,255,255,255,0,255,255,255,0,255,255,255,0,255,255,255,0,255,255,255,0,255,255,255,0,255,255,255,0,255,255,255,0,255,255,255,0,255,255,255,0,255,255,255,0,255,255,255,0,255,255,255,0,255,255,255,0,255,255,255,0,255,255,255,0,255,255,255,0,255,255,255,0,255,255,255,0,255,255,255,0,255,255,255,0,255,255,255,0,255,255,255,0,255,255,255,0,255,255,255,0,255,255,255,0,255,255,255,0,255,255,255,0,255,255,255,0,255,255,255,0,255,255,255,0,255,255,255,0,255,255,255,0,255,255,255,0,255,255,255,0,255,255,255,0,255,255,255,0,255,255,255,0,255,255,255,0,255,255,255,0,255,255,255,0,255,255,255,0,255,255,255,0,255,255,255,0,255,255,255,0,255,255,255,0,255,255,255,0,255,255,255,0,255,255,255,0,255,255,255,0,255,255,255,0,255,255,255,0,255,255,255,0,255,255,255,0,255,255,255,0,255,255,255,0,255,255,255,0,255,255,255,0,255,255,255,0,255,255,255,0,255,255,255,0,255,255,255,0,255,255,255,0,255,255,255,0,255,255,255,0,255,255,255,0,255,255,255,0,255,255,255,0,255,255,255,0,255,255,255,0,255,255,255,0,255,255,255,0,255,255,255,0,255,255,255,0,255,255,255,0,255,255,255,0,255,255,255,0,255,255,255,0,255,255,255,0,255,255,255,0,255,255,255,0,255,255,255,0,255,255,255,0,255,255,255,0,255,255,255,0,255,255,255,0,255,255,255,0,255,255,255,0,255,255,255,0,255,255,255,0,255,255,255,0,255,255,255,0,255,255,255,0,255,255,255,0,255,255,255,0,255,255,255,0,255,255,255,0,255,255,255,0,255,255,255,0,255,255,255,0,255,255,255,0,255,255,255,0,255,255,255,0,255,255,255,0,255,255,255,0,255,255,255,0,255,255,255,0,255,255,255,0,255,255,255,0,255,255,255,0,255,255,255,0,255,255,255,0,255,255,255,0,255,255,255,0,255,255,255,0,255,255,255,0,255,255,255,0,255,255,255,0,255,255,255,0,255,255,255,0,255,255,255,0,255,255,255,0,255,255,255,0,255,255,255,0,255,255,255,0,255,255,255,0,255,255,255,0,255,255,255,0,255,255,255,0,255,255,255,0,255,255,255,0,255,255,255,0,255,255,255,0,255,255,255,0,255,255,255,0,255,255,255,0,255,255,255,0,255,255,255,0,255,255,255,0,255,255,255,0,255,255,255,0,255,255,255,0,255,255,255,0,255,255,255,0,255,255,255,0,255,255,255,0,255,255,255,0,255,255,255,0,255,255,255,0,255,255,255,0,255,255,255,0,255,255,255,0,255,255,255,0,255,255,255,0,255,255,255,0,255,255,255,0,255,255,255,0,255,255,255,0,255,255,255,0,255,255,255,0,255,255,255,0,255,255,255,0,255,255,255,0,255,255,255,0,255,255,255,0,255,255,255,0,255,255,255,0,255,255,255,0,255,255,255,0,255,255,255,0,255,255,255,0,255,255,255,0,255,255,255,0,255,255,255,0,255,255,255,0,255,255,255,0,255,255,255,0,255,255,255,0,255,255,255,0,255,255,255,0,255,255,255,0,255,255,255,0,255,255,255,0,255,255,255,0,255,255,255,0,255,255,255,0,255,255,255,0,255,255,255,0,255,255,255,0,255,255,255,0,255,255,255,0,255,255,255,0,255,255,255,0,255,255,255,0
]